ENSBTAP00000047813,42,6,ENSP00000418875,39,8,ENSPTRP00000025615,39,8,ENSMMUP00000027983,38,7,ENSGGOP00000018840,NA,NA,ENSMUSP00000059668,47,12,ENSRNOP00000052963,52,12,NULL,NA,NA,NULL,NA,NA
ENSBTAP00000011706,36,5,ENSP00000302150,28,5,ENSPTRP00000030340,28,5,ENSMMUP00000047828,NA,NA,ENSGGOP00000001345,29,5,ENSMUSP00000053446,29,5,ENSRNOP00000022251,NA,NA,ENSGALP00000020651,NA,NA,ENSXETP00000050804,NA,NA
ENSBTAP00000055491,27,6,ENSP00000460665,NA,NA,NULL,NA,NA,ENSMMUP00000059259,NA,NA,NULL,NA,NA,ENSMUSP00000137487,NA,NA,ENSRNOP00000063973,NA,NA,NULL,NA,NA,NULL,NA,NA
ENSBTAP00000000073,20,5,ENSP00000368135,NA,NA,ENSPTRP00000022692,NA,NA,NULL,NA,NA,ENSGGOP00000013477,18,6,ENSMUSP00000057005,NA,NA,ENSRNOP00000048191,NA,NA,ENSGALP00000014313,NA,NA,ENSXETP00000063812,25,6
ENSBTAP00000008253,20,7,ENSP00000244763,21,7,ENSPTRP00000030217,21,7,ENSMMUP00000002865,21,7,ENSGGOP00000004477,21,7,ENSMUSP00000021864,NA,NA,ENSRNOP00000070389,NA,NA,ENSGALP00000020852,NA,NA,ENSXETP00000044104,NA,NA
ENSBTAP00000008833,24,6,ENSP00000354612,NA,NA,ENSPTRP00000048987,NA,NA,ENSMMUP00000016924,24,7,ENSGGOP00000009159,NA,NA,ENSMUSP00000059977,27,7,ENSRNOP00000010218,26,8,ENSGALP00000034260,NA,NA,ENSXETP00000035659,NA,NA
ENSBTAP00000014143,20,6,ENSP00000427552,20,6,ENSPTRP00000030612,20,6,ENSMMUP00000034146,NA,NA,ENSGGOP00000014367,20,6,ENSMUSP00000112570,21,7,ENSRNOP00000075331,21,7,NULL,NA,NA,ENSXETP00000051961,NA,NA
ENSBTAP00000013555,30,7,ENSP00000330523,30,7,ENSPTRP00000035042,30,7,ENSMMUP00000050458,NA,NA,ENSGGOP00000001931,NA,NA,ENSMUSP00000070018,32,5,ENSRNOP00000006142,32,5,ENSGALP00000054419,NA,NA,ENSXETP00000008873,NA,NA
ENSBTAP00000000202,38,6,ENSP00000372313,NA,NA,ENSPTRP00000012920,NA,NA,ENSMMUP00000001129,NA,NA,ENSGGOP00000013628,NA,NA,ENSMUSP00000075279,37,5,ENSRNOP00000026395,37,5,ENSGALP00000008563,NA,NA,ENSXETP00000063454,NA,NA
ENSBTAP00000021565,23,5,ENSP00000264029,23,5,ENSPTRP00000007463,23,5,ENSMMUP00000036664,NA,NA,ENSGGOP00000014966,21,5,ENSMUSP00000034609,20,5,ENSRNOP00000075392,20,5,NULL,NA,NA,ENSXETP00000046574,NA,NA
ENSBTAP00000056469,24,5,ENSP00000478319,24,5,ENSPTRP00000011734,24,5,ENSMMUP00000002409,24,5,ENSGGOP00000023632,NA,NA,ENSMUSP00000097170,24,5,ENSRNOP00000035888,24,5,ENSGALP00000037126,NA,NA,ENSXETP00000039248,NA,NA
ENSBTAP00000029126,33,5,ENSP00000164024,32,6,ENSPTRP00000025713,NA,NA,ENSMMUP00000019312,32,6,ENSGGOP00000016301,32,6,ENSMUSP00000024238,31,6,ENSRNOP00000068821,31,6,ENSGALP00000048221,NA,NA,ENSXETP00000035303,NA,NA
ENSBTAP00000011269,29,6,ENSP00000366178,28,6,ENSPTRP00000052321,NA,NA,ENSMMUP00000043378,NA,NA,ENSGGOP00000006897,NA,NA,NULL,NA,NA,NULL,NA,NA,NULL,NA,NA,NULL,NA,NA
ENSBTAP00000000744,22,6,ENSP00000347942,28,7,ENSPTRP00000004184,NA,NA,ENSMMUP00000020195,NA,NA,ENSGGOP00000003517,28,7,ENSMUSP00000032201,NA,NA,ENSRNOP00000047793,NA,NA,ENSGALP00000040328,NA,NA,ENSXETP00000001352,NA,NA
ENSBTAP00000017670,29,5,ENSP00000249373,31,7,ENSPTRP00000033707,30,6,ENSMMUP00000015878,28,6,ENSGGOP00000003175,30,6,ENSMUSP00000001812,NA,NA,ENSRNOP00000011356,NA,NA,ENSGALP00000048984,NA,NA,ENSXETP00000032658,NA,NA
ENSBTAP00000028346,39,5,ENSP00000394720,43,11,ENSPTRP00000012734,42,10,ENSMMUP00000031370,37,10,ENSGGOP00000004698,NA,NA,ENSMUSP00000032754,30,10,ENSRNOP00000030864,28,6,ENSGALP00000013496,NA,NA,ENSXETP00000028414,NA,NA
ENSBTAP00000036781,47,6,ENSP00000329797,44,5,ENSPTRP00000007397,NA,NA,ENSMMUP00000059476,NA,NA,ENSGGOP00000009973,NA,NA,ENSMUSP00000124119,47,6,ENSRNOP00000041169,NA,NA,ENSGALP00000023468,NA,NA,ENSXETP00000033613,NA,NA
ENSBTAP00000045189,31,5,NULL,NA,NA,NULL,NA,NA,ENSMMUP00000046336,NA,NA,NULL,NA,NA,ENSMUSP00000136399,NA,NA,ENSRNOP00000061615,NA,NA,NULL,NA,NA,NULL,NA,NA
ENSBTAP00000043437,20,6,ENSP00000283243,20,7,ENSPTRP00000049089,23,10,NULL,NA,NA,ENSGGOP00000019783,NA,NA,ENSMUSP00000108144,NA,NA,ENSRNOP00000011003,NA,NA,ENSGALP00000032471,NA,NA,ENSXETP00000016497,NA,NA
ENSBTAP00000025033,27,7,ENSP00000271332,31,9,ENSPTRP00000001803,NA,NA,ENSMMUP00000020161,NA,NA,ENSGGOP00000005153,NA,NA,ENSMUSP00000088046,31,8,ENSRNOP00000027263,31,8,ENSGALP00000057588,NA,NA,ENSXETP00000053739,NA,NA
ENSBTAP00000002774,23,6,NULL,NA,NA,NULL,NA,NA,NULL,NA,NA,NULL,NA,NA,NULL,NA,NA,NULL,NA,NA,NULL,NA,NA,NULL,NA,NA
ENSBTAP00000010922,27,5,ENSP00000346839,NA,NA,ENSPTRP00000042055,NA,NA,ENSMMUP00000016225,NA,NA,ENSGGOP00000014657,NA,NA,ENSMUSP00000054499,NA,NA,ENSRNOP00000019772,NA,NA,ENSGALP00000005654,NA,NA,ENSXETP00000063110,NA,NA
ENSBTAP00000007981,23,8,ENSP00000345175,26,7,ENSPTRP00000018046,NA,NA,ENSMMUP00000046858,NA,NA,ENSGGOP00000023252,26,7,ENSMUSP00000091073,20,6,ENSRNOP00000037510,34,8,NULL,NA,NA,NULL,NA,NA
ENSBTAP00000015174,37,8,ENSP00000367608,NA,NA,ENSPTRP00000035776,NA,NA,NULL,NA,NA,NULL,NA,NA,ENSMUSP00000030183,NA,NA,ENSRNOP00000023060,31,8,ENSGALP00000033774,NA,NA,NULL,NA,NA
ENSBTAP00000003547,19,5,ENSP00000324763,19,5,NULL,NA,NA,ENSMMUP00000028924,NA,NA,ENSGGOP00000007720,29,5,ENSMUSP00000093141,NA,NA,ENSRNOP00000056900,NA,NA,ENSGALP00000000058,40,5,ENSXETP00000043703,NA,NA
ENSBTAP00000026715,33,6,ENSP00000228506,28,6,ENSPTRP00000009408,29,7,ENSMMUP00000000258,31,6,ENSGGOP00000007065,28,6,ENSMUSP00000107749,29,8,ENSRNOP00000071670,29,8,ENSGALP00000011488,32,5,ENSXETP00000026811,NA,NA
ENSBTAP00000022907,19,6,ENSP00000366233,19,6,NULL,NA,NA,ENSMMUP00000059207,NA,NA,ENSGGOP00000024094,19,6,ENSMUSP00000025338,19,5,ENSRNOP00000047788,19,5,NULL,NA,NA,ENSXETP00000043889,NA,NA
ENSBTAP00000020344,32,6,ENSP00000252483,31,7,ENSPTRP00000048635,31,6,ENSMMUP00000018783,31,6,ENSGGOP00000006227,32,8,ENSMUSP00000074898,31,6,ENSRNOP00000025388,31,6,NULL,NA,NA,ENSXETP00000064054,NA,NA
ENSBTAP00000050173,35,5,ENSP00000350547,NA,NA,ENSPTRP00000043012,NA,NA,ENSMMUP00000049833,NA,NA,ENSGGOP00000012787,NA,NA,ENSMUSP00000000641,40,6,ENSRNOP00000009269,39,5,NULL,NA,NA,NULL,NA,NA
ENSBTAP00000012101,26,6,ENSP00000296444,28,7,ENSPTRP00000025686,28,7,ENSMMUP00000044704,NA,NA,ENSGGOP00000021511,28,7,ENSMUSP00000107690,26,8,ENSRNOP00000072905,38,7,ENSGALP00000057667,NA,NA,NULL,NA,NA
ENSBTAP00000022647,46,5,ENSP00000280481,46,9,ENSPTRP00000009878,46,9,ENSMMUP00000003636,47,10,NULL,NA,NA,ENSMUSP00000088670,39,8,ENSRNOP00000031592,37,6,ENSGALP00000051301,NA,NA,ENSXETP00000034913,NA,NA
ENSBTAP00000003509,32,7,ENSP00000433967,NA,NA,ENSPTRP00000010529,NA,NA,ENSMMUP00000016405,NA,NA,NULL,NA,NA,ENSMUSP00000113782,NA,NA,ENSRNOP00000026734,NA,NA,NULL,NA,NA,ENSXETP00000032012,NA,NA
ENSBTAP00000031648,19,8,NULL,NA,NA,NULL,NA,NA,NULL,NA,NA,NULL,NA,NA,NULL,NA,NA,ENSRNOP00000065416,21,8,NULL,NA,NA,NULL,NA,NA
ENSBTAP00000002658,22,5,ENSP00000196061,NA,NA,ENSPTRP00000000303,NA,NA,ENSMMUP00000018618,NA,NA,ENSGGOP00000013318,NA,NA,ENSMUSP00000019199,NA,NA,ENSRNOP00000010433,NA,NA,ENSGALP00000007204,NA,NA,ENSXETP00000028621,NA,NA
ENSBTAP00000026553,30,5,ENSP00000261023,NA,NA,ENSPTRP00000048970,NA,NA,ENSMMUP00000060399,NA,NA,ENSGGOP00000004877,NA,NA,ENSMUSP00000028499,30,5,ENSRNOP00000069681,30,6,ENSGALP00000004173,NA,NA,ENSXETP00000029197,NA,NA
ENSBTAP00000055776,22,8,ENSP00000418767,18,6,ENSPTRP00000031018,19,7,ENSMMUP00000018301,NA,NA,ENSGGOP00000009225,NA,NA,ENSMUSP00000128215,24,8,ENSRNOP00000043394,23,5,NULL,NA,NA,NULL,NA,NA
ENSBTAP00000018804,19,5,ENSP00000219301,NA,NA,ENSPTRP00000013961,NA,NA,ENSMMUP00000025563,NA,NA,NULL,NA,NA,ENSMUSP00000148608,NA,NA,ENSRNOP00000036855,20,5,NULL,NA,NA,NULL,NA,NA
ENSBTAP00000021595,31,6,ENSP00000364902,25,5,ENSPTRP00000022931,25,5,ENSMMUP00000008312,26,5,ENSGGOP00000012550,25,5,ENSMUSP00000053122,31,7,ENSRNOP00000013730,32,7,ENSGALP00000038505,NA,NA,ENSXETP00000036294,33,6
ENSBTAP00000027343,26,5,ENSP00000429397,33,5,ENSPTRP00000060085,33,5,NULL,NA,NA,ENSGGOP00000026545,33,5,ENSMUSP00000006303,26,5,ENSRNOP00000056206,NA,NA,NULL,NA,NA,NULL,NA,NA
ENSBTAP00000027425,25,6,ENSP00000293851,NA,NA,NULL,NA,NA,ENSMMUP00000055832,NA,NA,NULL,NA,NA,ENSMUSP00000059491,NA,NA,ENSRNOP00000033099,NA,NA,NULL,NA,NA,NULL,NA,NA
ENSBTAP00000035185,35,5,ENSP00000331831,30,6,ENSPTRP00000044696,33,9,ENSMMUP00000009747,NA,NA,ENSGGOP00000025955,27,6,ENSMUSP00000033828,27,6,ENSRNOP00000024677,27,6,ENSGALP00000044378,NA,NA,ENSXETP00000030265,NA,NA
ENSBTAP00000023534,19,6,NULL,NA,NA,ENSPTRP00000054644,NA,NA,ENSMMUP00000054919,NA,NA,NULL,NA,NA,ENSMUSP00000075459,NA,NA,ENSRNOP00000046279,NA,NA,NULL,NA,NA,ENSXETP00000004093,NA,NA
ENSBTAP00000027247,21,5,ENSP00000335623,NA,NA,ENSPTRP00000048512,NA,NA,ENSMMUP00000030972,NA,NA,ENSGGOP00000022700,NA,NA,ENSMUSP00000103611,NA,NA,ENSRNOP00000035308,NA,NA,NULL,NA,NA,NULL,NA,NA
ENSBTAP00000055252,34,5,ENSP00000427279,34,6,ENSPTRP00000027777,34,6,ENSMMUP00000010972,34,6,ENSGGOP00000008540,34,6,ENSMUSP00000074885,27,5,ENSRNOP00000070985,23,7,NULL,NA,NA,NULL,NA,NA
ENSBTAP00000014379,28,5,ENSP00000392511,27,6,ENSPTRP00000025199,28,7,ENSMMUP00000024045,28,6,ENSGGOP00000011909,28,7,ENSMUSP00000098620,27,6,ENSRNOP00000013154,29,6,NULL,NA,NA,ENSXETP00000063614,NA,NA
ENSBTAP00000017359,17,5,NULL,NA,NA,NULL,NA,NA,NULL,NA,NA,NULL,NA,NA,NULL,NA,NA,NULL,NA,NA,NULL,NA,NA,ENSXETP00000037000,NA,NA
ENSBTAP00000021747,27,5,ENSP00000216223,NA,NA,ENSPTRP00000024676,NA,NA,ENSMMUP00000007156,NA,NA,ENSGGOP00000002222,NA,NA,ENSMUSP00000086820,NA,NA,ENSRNOP00000075262,26,5,ENSGALP00000020354,NA,NA,NULL,NA,NA
ENSBTAP00000044690,19,8,NULL,NA,NA,NULL,NA,NA,NULL,NA,NA,NULL,NA,NA,ENSMUSP00000125855,NA,NA,ENSRNOP00000037864,23,5,NULL,NA,NA,NULL,NA,NA
ENSBTAP00000056241,22,6,NULL,NA,NA,NULL,NA,NA,NULL,NA,NA,NULL,NA,NA,ENSMUSP00000129404,NA,NA,ENSRNOP00000065475,NA,NA,NULL,NA,NA,NULL,NA,NA
ENSBTAP00000000307,26,5,ENSP00000265459,28,7,ENSPTRP00000006621,28,7,ENSMMUP00000029746,29,7,ENSGGOP00000002310,NA,NA,ENSMUSP00000109089,28,5,ENSRNOP00000029449,28,5,NULL,NA,NA,ENSXETP00000034004,NA,NA
ENSBTAP00000044273,18,5,ENSP00000477815,23,5,ENSPTRP00000031056,18,5,ENSMMUP00000060957,NA,NA,ENSGGOP00000001353,23,5,ENSMUSP00000035683,23,5,ENSRNOP00000069313,NA,NA,NULL,NA,NA,NULL,NA,NA
ENSBTAP00000050579,35,6,ENSP00000240617,32,8,ENSPTRP00000008062,33,8,ENSMMUP00000004886,NA,NA,ENSGGOP00000011233,32,7,ENSMUSP00000032336,31,5,ENSRNOP00000011930,32,5,ENSGALP00000046460,NA,NA,NULL,NA,NA
ENSBTAP00000054897,28,7,ENSP00000311398,27,6,ENSPTRP00000010372,28,7,NULL,NA,NA,ENSGGOP00000005105,28,7,NULL,NA,NA,NULL,NA,NA,ENSGALP00000031533,NA,NA,NULL,NA,NA
ENSBTAP00000023124,29,7,ENSP00000371548,22,6,ENSPTRP00000027477,22,6,ENSMMUP00000042771,NA,NA,ENSGGOP00000022939,22,6,ENSMUSP00000040436,NA,NA,ENSRNOP00000005168,NA,NA,ENSGALP00000045075,NA,NA,ENSXETP00000004531,NA,NA
ENSBTAP00000015451,34,5,ENSP00000323036,NA,NA,ENSPTRP00000046525,NA,NA,ENSMMUP00000050468,NA,NA,ENSGGOP00000012592,NA,NA,ENSMUSP00000059889,NA,NA,ENSRNOP00000072975,NA,NA,ENSGALP00000058080,NA,NA,NULL,NA,NA
ENSBTAP00000006285,42,5,ENSP00000315731,45,6,ENSPTRP00000016704,NA,NA,ENSMMUP00000001476,NA,NA,ENSGGOP00000005516,NA,NA,ENSMUSP00000038126,45,9,ENSRNOP00000066593,45,9,ENSGALP00000041582,NA,NA,ENSXETP00000020278,NA,NA
ENSBTAP00000027035,17,8,ENSP00000287143,NA,NA,ENSPTRP00000050798,NA,NA,ENSMMUP00000023418,NA,NA,ENSGGOP00000003970,NA,NA,ENSMUSP00000028466,NA,NA,ENSRNOP00000054424,NA,NA,NULL,NA,NA,NULL,NA,NA
ENSBTAP00000006847,26,5,NULL,NA,NA,NULL,NA,NA,NULL,NA,NA,NULL,NA,NA,NULL,NA,NA,NULL,NA,NA,ENSGALP00000009487,NA,NA,ENSXETP00000035266,NA,NA
ENSBTAP00000042037,19,6,ENSP00000418910,19,6,ENSPTRP00000061116,NA,NA,ENSMMUP00000023282,19,6,ENSGGOP00000019433,19,6,ENSMUSP00000103557,19,6,ENSRNOP00000072567,19,6,ENSGALP00000016915,NA,NA,ENSXETP00000060967,NA,NA
ENSBTAP00000027417,19,6,ENSP00000306390,22,5,ENSPTRP00000013087,22,5,NULL,NA,NA,ENSGGOP00000010261,22,5,ENSMUSP00000056483,NA,NA,ENSRNOP00000007392,NA,NA,NULL,NA,NA,NULL,NA,NA
ENSBTAP00000000875,33,8,ENSP00000293330,33,8,ENSPTRP00000015664,32,8,ENSMMUP00000008448,33,8,ENSGGOP00000027101,33,8,ENSMUSP00000057578,32,7,ENSRNOP00000025547,32,7,ENSGALP00000018699,27,8,NULL,NA,NA
ENSBTAP00000029956,24,7,ENSP00000320401,NA,NA,ENSPTRP00000027708,NA,NA,ENSMMUP00000021653,NA,NA,ENSGGOP00000023418,NA,NA,ENSMUSP00000031186,NA,NA,ENSRNOP00000045002,NA,NA,NULL,NA,NA,NULL,NA,NA
ENSBTAP00000030635,18,5,ENSP00000414287,29,5,ENSPTRP00000051376,15,5,NULL,NA,NA,ENSGGOP00000010331,29,5,ENSMUSP00000035211,18,5,ENSRNOP00000026711,18,5,ENSGALP00000004283,NA,NA,ENSXETP00000013078,NA,NA
ENSBTAP00000007481,31,7,ENSP00000303145,NA,NA,ENSPTRP00000011130,NA,NA,ENSMMUP00000054226,NA,NA,ENSGGOP00000018339,NA,NA,ENSMUSP00000037583,NA,NA,ENSRNOP00000010512,NA,NA,ENSGALP00000016780,NA,NA,ENSXETP00000028966,NA,NA
ENSBTAP00000004581,24,5,ENSP00000320401,NA,NA,ENSPTRP00000027708,NA,NA,ENSMMUP00000021653,NA,NA,ENSGGOP00000023418,NA,NA,ENSMUSP00000031186,NA,NA,ENSRNOP00000045002,NA,NA,NULL,NA,NA,NULL,NA,NA
ENSBTAP00000008097,25,6,ENSP00000265016,32,8,ENSPTRP00000053681,NA,NA,ENSMMUP00000020058,NA,NA,ENSGGOP00000026854,36,8,ENSMUSP00000098796,NA,NA,ENSRNOP00000004094,NA,NA,ENSGALP00000041878,NA,NA,ENSXETP00000058653,NA,NA
ENSBTAP00000029577,17,5,ENSP00000228463,33,5,ENSPTRP00000057949,33,5,ENSMMUP00000038696,17,5,ENSGGOP00000011099,NA,NA,ENSMUSP00000098436,NA,NA,ENSRNOP00000000888,NA,NA,NULL,NA,NA,NULL,NA,NA
ENSBTAP00000007349,26,7,ENSP00000233809,36,6,ENSPTRP00000022056,36,6,ENSMMUP00000024923,37,6,ENSGGOP00000011429,NA,NA,ENSMUSP00000046610,34,7,ENSRNOP00000023068,34,7,ENSGALP00000018675,NA,NA,ENSXETP00000042987,NA,NA
ENSBTAP00000020127,28,6,ENSP00000375682,NA,NA,ENSPTRP00000019523,NA,NA,ENSMMUP00000020253,NA,NA,ENSGGOP00000001406,NA,NA,ENSMUSP00000082588,NA,NA,ENSRNOP00000025174,NA,NA,NULL,NA,NA,ENSXETP00000029682,NA,NA
ENSBTAP00000049498,23,6,ENSP00000383382,25,6,ENSPTRP00000057066,25,6,ENSMMUP00000041399,NA,NA,ENSGGOP00000026787,25,6,ENSMUSP00000059270,33,6,ENSRNOP00000043041,25,6,ENSGALP00000034170,NA,NA,ENSXETP00000061213,NA,NA
ENSBTAP00000031847,15,5,ENSP00000474246,NA,NA,ENSPTRP00000049397,NA,NA,ENSMMUP00000020188,NA,NA,ENSGGOP00000011220,NA,NA,ENSMUSP00000102725,NA,NA,ENSRNOP00000037239,NA,NA,NULL,NA,NA,NULL,NA,NA
ENSBTAP00000026798,19,8,ENSP00000367312,NA,NA,ENSPTRP00000040464,NA,NA,ENSMMUP00000000311,NA,NA,ENSGGOP00000009959,NA,NA,ENSMUSP00000113800,NA,NA,ENSRNOP00000072949,NA,NA,NULL,NA,NA,ENSXETP00000022121,NA,NA
ENSBTAP00000055353,20,5,ENSP00000236826,NA,NA,ENSPTRP00000007258,NA,NA,ENSMMUP00000005982,NA,NA,ENSGGOP00000008528,NA,NA,ENSMUSP00000018765,NA,NA,ENSRNOP00000013936,NA,NA,ENSGALP00000027716,17,5,ENSXETP00000060025,NA,NA
ENSBTAP00000016882,23,5,ENSP00000377357,NA,NA,ENSPTRP00000004920,NA,NA,ENSMMUP00000026335,NA,NA,ENSGGOP00000003053,NA,NA,ENSMUSP00000026154,NA,NA,ENSRNOP00000066326,NA,NA,ENSGALP00000050934,NA,NA,ENSXETP00000007439,NA,NA
ENSBTAP00000046844,21,5,ENSP00000364163,23,11,ENSPTRP00000059022,21,9,ENSMMUP00000024287,22,8,ENSGGOP00000002300,19,11,ENSMUSP00000015612,20,7,ENSRNOP00000000513,20,6,NULL,NA,NA,ENSXETP00000058680,NA,NA
ENSBTAP00000048141,21,5,ENSP00000375914,NA,NA,ENSPTRP00000045773,NA,NA,ENSMMUP00000000975,NA,NA,ENSGGOP00000000712,NA,NA,ENSMUSP00000137770,21,5,ENSRNOP00000070041,21,5,ENSGALP00000007935,24,5,ENSXETP00000043382,NA,NA
ENSBTAP00000006962,27,8,ENSP00000469613,26,7,ENSPTRP00000019392,NA,NA,ENSMMUP00000031527,NA,NA,ENSGGOP00000009899,26,7,ENSMUSP00000123506,27,8,ENSRNOP00000073852,27,8,NULL,NA,NA,NULL,NA,NA
ENSBTAP00000016771,31,5,ENSP00000238044,31,5,ENSPTRP00000021098,31,5,ENSMMUP00000002269,31,5,ENSGGOP00000010732,31,5,ENSMUSP00000027217,31,5,ENSRNOP00000030526,31,5,ENSGALP00000050517,NA,NA,ENSXETP00000046848,NA,NA
ENSBTAP00000051346,24,5,ENSP00000339067,26,5,ENSPTRP00000004802,26,5,ENSMMUP00000058822,NA,NA,NULL,NA,NA,ENSMUSP00000059682,33,5,ENSRNOP00000037182,33,5,NULL,NA,NA,ENSXETP00000045349,NA,NA
ENSBTAP00000042582,24,5,ENSP00000376553,25,6,ENSPTRP00000044018,25,6,ENSMMUP00000008964,25,5,ENSGGOP00000025871,25,6,ENSMUSP00000070551,NA,NA,ENSRNOP00000000889,NA,NA,ENSGALP00000007800,NA,NA,NULL,NA,NA
ENSBTAP00000038266,19,6,ENSP00000333300,NA,NA,ENSPTRP00000027926,NA,NA,ENSMMUP00000054645,NA,NA,ENSGGOP00000002904,NA,NA,ENSMUSP00000046772,NA,NA,ENSRNOP00000029333,NA,NA,ENSGALP00000017865,NA,NA,ENSXETP00000038871,NA,NA
ENSBTAP00000026127,28,6,ENSP00000452245,28,7,ENSPTRP00000054975,28,7,ENSMMUP00000007263,28,7,NULL,NA,NA,ENSMUSP00000127274,29,5,ENSRNOP00000043003,28,7,ENSGALP00000031533,NA,NA,NULL,NA,NA
ENSBTAP00000003619,25,8,ENSP00000467290,25,8,ENSPTRP00000017536,25,8,ENSMMUP00000043425,NA,NA,NULL,NA,NA,ENSMUSP00000130985,26,5,ENSRNOP00000067668,26,6,ENSGALP00000001772,26,5,ENSXETP00000047775,NA,NA
ENSBTAP00000002282,17,5,ENSP00000457180,NA,NA,ENSPTRP00000040341,NA,NA,ENSMMUP00000000749,NA,NA,ENSGGOP00000005165,NA,NA,ENSMUSP00000146090,NA,NA,ENSRNOP00000030006,NA,NA,ENSGALP00000033373,NA,NA,ENSXETP00000016480,NA,NA
ENSBTAP00000008880,37,7,ENSP00000301873,43,10,ENSPTRP00000006692,NA,NA,ENSMMUP00000030911,38,5,ENSGGOP00000024961,NA,NA,ENSMUSP00000080214,NA,NA,ENSRNOP00000028262,NA,NA,NULL,NA,NA,ENSXETP00000001395,NA,NA
ENSBTAP00000022855,30,6,ENSP00000359285,26,5,ENSPTRP00000023650,NA,NA,ENSMMUP00000020935,NA,NA,ENSGGOP00000008187,NA,NA,ENSMUSP00000066338,30,5,ENSRNOP00000073967,30,5,ENSGALP00000009302,23,5,ENSXETP00000051222,NA,NA
ENSBTAP00000028684,26,7,ENSP00000393847,5,117,ENSPTRP00000053752,5,116,NULL,NA,NA,ENSGGOP00000022620,NA,NA,ENSMUSP00000023364,17,9,ENSRNOP00000004237,17,9,ENSGALP00000033722,NA,NA,ENSXETP00000024072,NA,NA
ENSBTAP00000017563,20,5,ENSP00000368678,NA,NA,ENSPTRP00000040859,NA,NA,ENSMMUP00000040699,NA,NA,ENSGGOP00000014623,NA,NA,ENSMUSP00000137931,31,5,ENSRNOP00000050623,NA,NA,ENSGALP00000052205,NA,NA,ENSXETP00000003664,NA,NA
ENSBTAP00000045970,17,5,ENSP00000374917,15,7,ENSPTRP00000049365,35,7,ENSMMUP00000050544,NA,NA,NULL,NA,NA,ENSMUSP00000100093,15,7,NULL,NA,NA,NULL,NA,NA,NULL,NA,NA
ENSBTAP00000016421,35,5,ENSP00000225719,NA,NA,ENSPTRP00000046749,NA,NA,ENSMMUP00000046665,NA,NA,NULL,NA,NA,ENSMUSP00000021201,37,8,ENSRNOP00000005262,37,8,ENSGALP00000006827,NA,NA,ENSXETP00000038930,NA,NA
ENSBTAP00000009186,35,5,ENSP00000350547,NA,NA,ENSPTRP00000043012,NA,NA,ENSMMUP00000049833,NA,NA,ENSGGOP00000012787,NA,NA,ENSMUSP00000000641,40,6,ENSRNOP00000009269,39,5,NULL,NA,NA,NULL,NA,NA
ENSBTAP00000027871,30,5,ENSP00000247005,29,5,NULL,NA,NA,NULL,NA,NA,ENSGGOP00000027125,NA,NA,ENSMUSP00000128325,24,7,ENSRNOP00000027275,24,7,ENSGALP00000004992,NA,NA,ENSXETP00000022343,NA,NA
ENSBTAP00000041817,20,5,ENSP00000384564,23,5,ENSPTRP00000057717,23,5,ENSMMUP00000006217,NA,NA,ENSGGOP00000017226,23,5,ENSMUSP00000092041,23,5,ENSRNOP00000071242,23,5,ENSGALP00000041879,NA,NA,NULL,NA,NA
ENSBTAP00000007550,28,5,ENSP00000384262,NA,NA,ENSPTRP00000027886,NA,NA,ENSMMUP00000017538,32,6,ENSGGOP00000017789,NA,NA,ENSMUSP00000044072,NA,NA,ENSRNOP00000002983,NA,NA,ENSGALP00000018245,NA,NA,ENSXETP00000038863,NA,NA
ENSBTAP00000008917,18,7,ENSP00000253719,24,5,ENSPTRP00000048532,NA,NA,ENSMMUP00000023897,25,6,ENSGGOP00000021039,24,5,ENSMUSP00000002274,21,6,ENSRNOP00000026992,23,5,NULL,NA,NA,ENSXETP00000006320,NA,NA
ENSBTAP00000002011,21,7,ENSP00000434847,16,5,ENSPTRP00000047783,16,5,ENSMMUP00000011068,16,5,ENSGGOP00000008475,16,5,ENSMUSP00000091713,NA,NA,ENSRNOP00000029957,NA,NA,ENSGALP00000001104,NA,NA,ENSXETP00000042141,NA,NA
ENSBTAP00000011287,23,6,ENSP00000295588,NA,NA,ENSPTRP00000026302,NA,NA,ENSMMUP00000015761,NA,NA,ENSGGOP00000001209,NA,NA,ENSMUSP00000038166,23,5,ENSRNOP00000042736,NA,NA,ENSGALP00000024921,NA,NA,NULL,NA,NA
ENSBTAP00000043390,20,6,ENSP00000427552,20,6,ENSPTRP00000030612,20,6,ENSMMUP00000034146,NA,NA,ENSGGOP00000014367,20,6,ENSMUSP00000112570,21,7,ENSRNOP00000075331,21,7,NULL,NA,NA,ENSXETP00000051961,NA,NA
ENSBTAP00000020125,21,5,ENSP00000361818,NA,NA,ENSPTRP00000023261,NA,NA,ENSMMUP00000048423,NA,NA,ENSGGOP00000004075,NA,NA,ENSMUSP00000017153,23,6,ENSRNOP00000019386,23,6,ENSGALP00000006255,NA,NA,NULL,NA,NA
ENSBTAP00000001068,27,7,ENSP00000299705,27,7,ENSPTRP00000012574,21,8,ENSMMUP00000045718,NA,NA,ENSGGOP00000009731,29,8,ENSMUSP00000058723,25,7,ENSRNOP00000018603,30,8,ENSGALP00000013449,NA,NA,NULL,NA,NA
ENSBTAP00000042005,31,6,ENSP00000364902,25,5,ENSPTRP00000022931,25,5,ENSMMUP00000008312,26,5,ENSGGOP00000012550,25,5,ENSMUSP00000053122,31,7,ENSRNOP00000013730,32,7,ENSGALP00000038505,NA,NA,ENSXETP00000036294,33,6
ENSBTAP00000003655,33,5,ENSP00000458977,32,8,ENSPTRP00000014096,32,8,ENSMMUP00000021671,36,11,ENSGGOP00000012322,32,8,ENSMUSP00000080659,NA,NA,ENSRNOP00000031955,NA,NA,ENSGALP00000005425,NA,NA,ENSXETP00000011960,NA,NA
ENSBTAP00000016755,26,5,ENSP00000335397,NA,NA,ENSPTRP00000055643,NA,NA,ENSMMUP00000014393,NA,NA,ENSGGOP00000009302,NA,NA,ENSMUSP00000057725,NA,NA,ENSRNOP00000032922,NA,NA,ENSGALP00000057804,NA,NA,ENSXETP00000061635,NA,NA
ENSBTAP00000004318,29,6,ENSP00000256759,29,6,ENSPTRP00000028891,29,6,ENSMMUP00000006461,29,6,ENSGGOP00000002927,29,6,ENSMUSP00000022287,29,6,ENSRNOP00000015680,29,6,ENSGALP00000023997,NA,NA,ENSXETP00000050531,NA,NA
ENSBTAP00000011042,29,8,ENSP00000357980,22,6,ENSPTRP00000005327,NA,NA,ENSMMUP00000011963,23,7,ENSGGOP00000004758,23,7,ENSMUSP00000006367,22,6,ENSRNOP00000027860,22,6,ENSGALP00000055952,NA,NA,ENSXETP00000033992,NA,NA
ENSBTAP00000016731,16,5,ENSP00000330426,NA,NA,ENSPTRP00000012947,NA,NA,ENSMMUP00000002260,NA,NA,ENSGGOP00000018029,NA,NA,NULL,NA,NA,NULL,NA,NA,ENSGALP00000043283,NA,NA,ENSXETP00000012614,NA,NA
ENSBTAP00000008101,17,5,ENSP00000377668,NA,NA,ENSPTRP00000044418,NA,NA,ENSMMUP00000060553,NA,NA,ENSGGOP00000023301,NA,NA,ENSMUSP00000056195,NA,NA,ENSRNOP00000008018,NA,NA,ENSGALP00000058284,NA,NA,ENSXETP00000020827,NA,NA
ENSBTAP00000041976,35,8,ENSP00000386807,NA,NA,ENSPTRP00000053749,NA,NA,ENSMMUP00000040725,33,6,NULL,NA,NA,ENSMUSP00000110026,60,6,ENSRNOP00000054870,29,7,ENSGALP00000040604,NA,NA,NULL,NA,NA
ENSBTAP00000018052,30,6,ENSP00000256255,NA,NA,ENSPTRP00000034456,NA,NA,ENSMMUP00000018585,NA,NA,ENSGGOP00000027365,NA,NA,ENSMUSP00000033933,NA,NA,ENSRNOP00000016792,31,6,ENSGALP00000018565,NA,NA,ENSXETP00000055286,NA,NA
ENSBTAP00000031646,17,5,NULL,NA,NA,NULL,NA,NA,NULL,NA,NA,NULL,NA,NA,ENSMUSP00000125855,NA,NA,ENSRNOP00000037864,23,5,NULL,NA,NA,NULL,NA,NA
ENSBTAP00000031895,29,6,ENSP00000282903,NA,NA,ENSPTRP00000026673,NA,NA,ENSMMUP00000038562,NA,NA,ENSGGOP00000013939,NA,NA,ENSMUSP00000125373,NA,NA,ENSRNOP00000053546,NA,NA,ENSGALP00000010958,NA,NA,ENSXETP00000003429,NA,NA
ENSBTAP00000005604,25,5,ENSP00000367794,5,97,ENSPTRP00000037386,5,97,ENSMMUP00000017254,NA,NA,ENSGGOP00000020741,5,97,ENSMUSP00000047926,NA,NA,ENSRNOP00000048924,30,5,ENSGALP00000049897,NA,NA,ENSXETP00000018780,NA,NA
ENSBTAP00000047624,16,5,ENSP00000303920,22,6,ENSPTRP00000040239,22,6,ENSMMUP00000056244,NA,NA,ENSGGOP00000026912,NA,NA,ENSMUSP00000025211,NA,NA,ENSRNOP00000030810,NA,NA,NULL,NA,NA,NULL,NA,NA
ENSBTAP00000004400,40,5,ENSP00000371800,37,5,ENSPTRP00000024528,37,5,ENSMMUP00000052575,NA,NA,ENSGGOP00000012350,NA,NA,ENSMUSP00000003677,45,5,ENSRNOP00000006827,45,5,ENSGALP00000048775,NA,NA,NULL,NA,NA
ENSBTAP00000020028,22,7,ENSP00000296474,24,6,ENSPTRP00000025788,24,6,ENSMMUP00000046814,NA,NA,ENSGGOP00000011976,24,6,ENSMUSP00000035203,NA,NA,ENSRNOP00000063136,NA,NA,ENSGALP00000035505,20,5,ENSXETP00000015919,NA,NA
ENSBTAP00000016317,24,6,ENSP00000330631,24,5,ENSPTRP00000014575,24,5,ENSMMUP00000043429,NA,NA,ENSGGOP00000017558,24,5,ENSMUSP00000099572,24,6,ENSRNOP00000058866,24,6,ENSGALP00000034313,NA,NA,ENSXETP00000029649,NA,NA
ENSBTAP00000008803,18,6,ENSP00000337065,34,6,ENSPTRP00000029520,34,6,ENSMMUP00000006341,34,6,ENSGGOP00000002796,34,6,ENSMUSP00000021970,22,6,ENSRNOP00000016009,22,6,ENSGALP00000010242,NA,NA,ENSXETP00000017332,34,5
ENSBTAP00000013745,26,8,ENSP00000257359,26,9,ENSPTRP00000007673,NA,NA,ENSMMUP00000045407,NA,NA,ENSGGOP00000009640,NA,NA,ENSMUSP00000069644,28,6,ENSRNOP00000007358,NA,NA,ENSGALP00000056933,NA,NA,ENSXETP00000038845,NA,NA
ENSBTAP00000031125,25,7,ENSP00000259951,21,5,ENSPTRP00000055208,24,5,ENSMMUP00000059702,NA,NA,ENSGGOP00000018173,NA,NA,NULL,NA,NA,NULL,NA,NA,ENSGALP00000058295,NA,NA,ENSXETP00000038903,NA,NA
ENSBTAP00000047522,26,5,ENSP00000351807,26,5,ENSPTRP00000032961,26,5,ENSMMUP00000055801,NA,NA,NULL,NA,NA,ENSMUSP00000015138,NA,NA,ENSRNOP00000045102,NA,NA,ENSGALP00000049447,NA,NA,NULL,NA,NA
ENSBTAP00000036263,25,5,ENSP00000402505,NA,NA,NULL,NA,NA,ENSMMUP00000022693,25,6,NULL,NA,NA,NULL,NA,NA,NULL,NA,NA,ENSGALP00000005928,NA,NA,ENSXETP00000059857,NA,NA
ENSBTAP00000016618,57,5,ENSP00000287008,57,5,ENSPTRP00000060124,57,5,ENSMMUP00000047490,NA,NA,ENSGGOP00000000983,NA,NA,ENSMUSP00000055199,33,5,ENSRNOP00000073940,NA,NA,ENSGALP00000040446,NA,NA,ENSXETP00000052961,NA,NA
ENSBTAP00000014986,23,6,ENSP00000361842,19,5,ENSPTRP00000023256,19,5,ENSMMUP00000004537,NA,NA,ENSGGOP00000028526,19,5,ENSMUSP00000099392,NA,NA,ENSRNOP00000018844,NA,NA,ENSGALP00000006403,NA,NA,ENSXETP00000049389,NA,NA
ENSBTAP00000049243,20,11,ENSP00000485061,NA,NA,ENSPTRP00000002294,NA,NA,ENSMMUP00000025610,NA,NA,ENSGGOP00000003785,NA,NA,ENSMUSP00000029541,5,35,ENSRNOP00000020815,5,35,ENSGALP00000044439,NA,NA,NULL,NA,NA
ENSBTAP00000035211,25,5,ENSP00000364979,NA,NA,ENSPTRP00000010247,NA,NA,ENSMMUP00000009481,NA,NA,ENSGGOP00000012254,NA,NA,ENSMUSP00000033898,NA,NA,ENSRNOP00000054197,NA,NA,ENSGALP00000049092,NA,NA,ENSXETP00000005670,NA,NA
ENSBTAP00000028974,26,5,ENSP00000365651,26,5,ENSPTRP00000000300,26,5,ENSMMUP00000038374,26,5,NULL,NA,NA,NULL,NA,NA,NULL,NA,NA,ENSGALP00000034287,24,5,ENSXETP00000028647,NA,NA
ENSBTAP00000016841,30,7,ENSP00000252599,36,6,ENSPTRP00000048910,36,6,ENSMMUP00000031757,NA,NA,ENSGGOP00000007852,36,6,ENSMUSP00000047923,31,5,ENSRNOP00000024866,31,8,ENSGALP00000048666,NA,NA,ENSXETP00000044445,NA,NA
ENSBTAP00000028521,29,6,ENSP00000311502,28,6,ENSPTRP00000026403,28,6,ENSMMUP00000001551,NA,NA,ENSGGOP00000006971,28,6,ENSMUSP00000119790,30,7,ENSRNOP00000002443,NA,NA,ENSGALP00000019261,NA,NA,ENSXETP00000050522,NA,NA
ENSBTAP00000020696,26,6,NULL,NA,NA,NULL,NA,NA,ENSMMUP00000045689,NA,NA,ENSGGOP00000017142,NA,NA,NULL,NA,NA,NULL,NA,NA,NULL,NA,NA,NULL,NA,NA
ENSBTAP00000022366,31,5,ENSP00000427279,34,6,ENSPTRP00000027777,34,6,ENSMMUP00000010972,34,6,ENSGGOP00000008540,34,6,ENSMUSP00000074885,27,5,ENSRNOP00000070985,23,7,NULL,NA,NA,NULL,NA,NA
ENSBTAP00000021638,23,7,ENSP00000278407,22,6,ENSPTRP00000054585,22,6,ENSMMUP00000016570,22,6,ENSGGOP00000015273,NA,NA,ENSMUSP00000023994,22,6,ENSRNOP00000009817,22,6,ENSGALP00000011922,NA,NA,NULL,NA,NA
ENSBTAP00000024347,22,6,ENSP00000378053,20,6,ENSPTRP00000026005,20,6,ENSMMUP00000057699,NA,NA,ENSGGOP00000009831,NA,NA,ENSMUSP00000026315,NA,NA,ENSRNOP00000012532,NA,NA,ENSGALP00000035475,NA,NA,ENSXETP00000018976,NA,NA
ENSBTAP00000052086,33,7,ENSP00000250378,NA,NA,ENSPTRP00000010563,NA,NA,ENSMMUP00000025348,NA,NA,ENSGGOP00000014824,NA,NA,ENSMUSP00000022834,32,6,ENSRNOP00000061330,19,6,NULL,NA,NA,ENSXETP00000037000,NA,NA
ENSBTAP00000051405,37,8,ENSP00000246006,21,9,ENSPTRP00000022834,21,7,ENSMMUP00000022103,23,9,NULL,NA,NA,ENSMUSP00000096876,NA,NA,NULL,NA,NA,ENSGALP00000013598,21,6,ENSXETP00000062082,NA,NA
ENSBTAP00000019092,15,5,ENSP00000294485,NA,NA,ENSPTRP00000000290,NA,NA,ENSMMUP00000055508,NA,NA,ENSGGOP00000005995,NA,NA,ENSMUSP00000030862,NA,NA,ENSRNOP00000012079,NA,NA,ENSGALP00000007370,NA,NA,ENSXETP00000058663,NA,NA
ENSBTAP00000055134,25,5,NULL,NA,NA,NULL,NA,NA,NULL,NA,NA,NULL,NA,NA,NULL,NA,NA,NULL,NA,NA,ENSGALP00000021337,NA,NA,ENSXETP00000034503,23,7
ENSBTAP00000041120,29,5,ENSP00000345359,32,5,ENSPTRP00000051087,NA,NA,ENSMMUP00000000225,NA,NA,ENSGGOP00000000173,NA,NA,ENSMUSP00000058985,NA,NA,ENSRNOP00000021826,28,5,ENSGALP00000045661,NA,NA,NULL,NA,NA
ENSBTAP00000015116,36,5,ENSP00000302150,28,5,ENSPTRP00000030340,28,5,ENSMMUP00000047828,NA,NA,ENSGGOP00000001345,29,5,ENSMUSP00000053446,29,5,ENSRNOP00000022251,NA,NA,ENSGALP00000020651,NA,NA,ENSXETP00000050804,NA,NA
ENSBTAP00000015567,22,5,ENSP00000301218,22,5,ENSPTRP00000018969,NA,NA,ENSMMUP00000022947,22,5,ENSGGOP00000013325,22,5,ENSMUSP00000003468,19,5,ENSRNOP00000027578,19,5,NULL,NA,NA,ENSXETP00000037122,NA,NA
ENSBTAP00000034674,43,5,ENSP00000253796,42,5,ENSPTRP00000015694,42,5,ENSMMUP00000002868,NA,NA,ENSGGOP00000003378,NA,NA,ENSMUSP00000122072,44,9,ENSRNOP00000043210,45,10,ENSGALP00000040567,NA,NA,NULL,NA,NA
ENSBTAP00000054091,31,5,NULL,NA,NA,NULL,NA,NA,ENSMMUP00000046336,NA,NA,NULL,NA,NA,ENSMUSP00000136399,NA,NA,ENSRNOP00000061615,NA,NA,NULL,NA,NA,NULL,NA,NA
ENSBTAP00000001408,25,8,ENSP00000270631,30,9,NULL,NA,NA,ENSMMUP00000019423,28,7,ENSGGOP00000026063,28,6,ENSMUSP00000041047,33,10,ENSRNOP00000028072,46,10,NULL,NA,NA,ENSXETP00000057310,NA,NA
ENSBTAP00000053473,37,7,ENSP00000264218,38,8,ENSPTRP00000027645,38,8,ENSMMUP00000045925,NA,NA,ENSGGOP00000007744,NA,NA,ENSMUSP00000031146,40,5,ENSRNOP00000002941,40,5,ENSGALP00000031462,45,5,ENSXETP00000063278,NA,NA
ENSBTAP00000029092,35,5,ENSP00000337014,35,5,ENSPTRP00000044469,35,5,ENSMMUP00000021121,NA,NA,ENSGGOP00000004841,35,5,ENSMUSP00000046659,32,5,ENSRNOP00000028781,35,5,NULL,NA,NA,ENSXETP00000024156,NA,NA
ENSBTAP00000024820,22,5,ENSP00000472467,22,5,ENSPTRP00000018991,22,5,NULL,NA,NA,ENSGGOP00000000752,22,5,ENSMUSP00000144096,NA,NA,ENSRNOP00000054242,NA,NA,NULL,NA,NA,NULL,NA,NA
ENSBTAP00000042087,23,5,ENSP00000346931,30,5,ENSPTRP00000049430,47,5,ENSMMUP00000054181,NA,NA,NULL,NA,NA,ENSMUSP00000125970,NA,NA,ENSRNOP00000020889,NA,NA,ENSGALP00000018229,NA,NA,ENSXETP00000053781,NA,NA
ENSBTAP00000005821,5,97,ENSP00000378877,26,5,ENSPTRP00000030753,26,5,ENSMMUP00000033990,26,5,ENSGGOP00000017110,26,5,ENSMUSP00000048573,27,9,ENSRNOP00000000500,27,9,NULL,NA,NA,ENSXETP00000011398,NA,NA
ENSBTAP00000054784,18,5,ENSP00000244241,NA,NA,ENSPTRP00000014420,NA,NA,ENSMMUP00000018810,NA,NA,ENSGGOP00000012217,NA,NA,ENSMUSP00000056008,NA,NA,ENSRNOP00000017358,NA,NA,ENSGALP00000043267,NA,NA,ENSXETP00000037915,NA,NA
ENSBTAP00000005815,32,8,ENSP00000354608,NA,NA,ENSPTRP00000030749,NA,NA,ENSMMUP00000011288,NA,NA,NULL,NA,NA,ENSMUSP00000131243,NA,NA,ENSRNOP00000000497,NA,NA,NULL,NA,NA,ENSXETP00000057724,NA,NA
ENSBTAP00000045299,36,5,ENSP00000302150,28,5,ENSPTRP00000030340,28,5,ENSMMUP00000047828,NA,NA,ENSGGOP00000001345,29,5,ENSMUSP00000053446,29,5,ENSRNOP00000022251,NA,NA,ENSGALP00000020651,NA,NA,ENSXETP00000050804,NA,NA
ENSBTAP00000010381,26,6,ENSP00000262288,NA,NA,ENSPTRP00000016023,NA,NA,ENSMMUP00000003031,NA,NA,ENSGGOP00000002925,NA,NA,ENSMUSP00000000287,NA,NA,ENSRNOP00000003219,NA,NA,ENSGALP00000005045,NA,NA,ENSXETP00000043340,NA,NA
ENSBTAP00000027703,18,6,ENSP00000217961,NA,NA,ENSPTRP00000037074,NA,NA,ENSMMUP00000055792,NA,NA,ENSGGOP00000014770,NA,NA,NULL,NA,NA,ENSRNOP00000043915,NA,NA,ENSGALP00000052050,NA,NA,ENSXETP00000017917,NA,NA
ENSBTAP00000045061,20,5,ENSP00000384886,26,5,ENSPTRP00000018247,26,5,ENSMMUP00000047284,NA,NA,ENSGGOP00000028344,NA,NA,ENSMUSP00000034299,27,5,ENSRNOP00000026225,24,5,ENSGALP00000046442,NA,NA,ENSXETP00000054341,NA,NA
ENSBTAP00000007856,51,6,ENSP00000269503,51,6,ENSPTRP00000017170,51,6,ENSMMUP00000013661,51,6,ENSGGOP00000009139,51,6,ENSMUSP00000113695,51,6,ENSRNOP00000018682,51,6,ENSGALP00000042961,NA,NA,ENSXETP00000036745,NA,NA
ENSBTAP00000025624,24,6,ENSP00000304290,NA,NA,ENSPTRP00000014815,NA,NA,ENSMMUP00000023272,NA,NA,ENSGGOP00000022459,NA,NA,ENSMUSP00000047270,23,5,ENSRNOP00000019947,NA,NA,NULL,NA,NA,NULL,NA,NA
ENSBTAP00000039327,30,5,ENSP00000427279,34,6,ENSPTRP00000027777,34,6,ENSMMUP00000010972,34,6,ENSGGOP00000008540,34,6,ENSMUSP00000074885,27,5,ENSRNOP00000070985,23,7,NULL,NA,NA,NULL,NA,NA
ENSBTAP00000010926,27,5,ENSP00000346839,NA,NA,ENSPTRP00000042055,NA,NA,ENSMMUP00000016225,NA,NA,ENSGGOP00000014657,NA,NA,ENSMUSP00000054499,NA,NA,ENSRNOP00000019772,NA,NA,ENSGALP00000005654,NA,NA,ENSXETP00000063110,NA,NA
ENSBTAP00000055330,18,6,ENSP00000176195,18,8,ENSPTRP00000048335,18,8,NULL,NA,NA,ENSGGOP00000014731,18,8,ENSMUSP00000041519,22,8,ENSRNOP00000024094,25,9,NULL,NA,NA,NULL,NA,NA
ENSBTAP00000035745,24,5,ENSP00000259951,21,5,ENSPTRP00000055208,24,5,ENSMMUP00000059702,NA,NA,ENSGGOP00000018173,NA,NA,NULL,NA,NA,NULL,NA,NA,ENSGALP00000058295,NA,NA,ENSXETP00000038903,NA,NA
ENSBTAP00000014908,26,5,ENSP00000393316,NA,NA,ENSPTRP00000010747,NA,NA,ENSMMUP00000002540,NA,NA,ENSGGOP00000009545,NA,NA,ENSMUSP00000021471,NA,NA,ENSRNOP00000071802,NA,NA,ENSGALP00000031806,NA,NA,ENSXETP00000035964,NA,NA
ENSBTAP00000022664,23,5,ENSP00000320401,NA,NA,ENSPTRP00000027708,NA,NA,ENSMMUP00000021653,NA,NA,ENSGGOP00000023418,NA,NA,ENSMUSP00000031186,NA,NA,ENSRNOP00000045002,NA,NA,NULL,NA,NA,NULL,NA,NA
ENSBTAP00000048014,20,5,ENSP00000296862,NA,NA,ENSPTRP00000059159,NA,NA,ENSMMUP00000058590,NA,NA,ENSGGOP00000003740,NA,NA,ENSMUSP00000109244,NA,NA,ENSRNOP00000035606,NA,NA,ENSGALP00000026936,NA,NA,ENSXETP00000024714,NA,NA
ENSBTAP00000013427,29,7,ENSP00000380901,21,6,ENSPTRP00000001752,21,6,ENSMMUP00000015782,27,6,ENSGGOP00000003705,21,6,ENSMUSP00000070270,24,6,ENSRNOP00000014388,24,6,ENSGALP00000003607,26,7,ENSXETP00000009543,NA,NA
ENSBTAP00000053945,27,8,ENSP00000469613,26,7,ENSPTRP00000019392,NA,NA,ENSMMUP00000031527,NA,NA,ENSGGOP00000009899,26,7,ENSMUSP00000123506,27,8,ENSRNOP00000073852,27,8,NULL,NA,NA,NULL,NA,NA
ENSBTAP00000050126,17,5,NULL,NA,NA,NULL,NA,NA,NULL,NA,NA,NULL,NA,NA,NULL,NA,NA,NULL,NA,NA,NULL,NA,NA,ENSXETP00000037000,NA,NA
ENSBTAP00000052422,19,5,ENSP00000324173,NA,NA,ENSPTRP00000000984,NA,NA,ENSMMUP00000006906,NA,NA,ENSGGOP00000017817,NA,NA,ENSMUSP00000028222,NA,NA,ENSRNOP00000025064,NA,NA,ENSGALP00000001474,NA,NA,ENSXETP00000036704,NA,NA
ENSBTAP00000009709,22,5,ENSP00000256545,23,6,ENSPTRP00000011747,23,6,ENSMMUP00000000007,23,6,ENSGGOP00000027430,22,6,ENSMUSP00000068610,22,5,ENSRNOP00000008364,22,5,ENSGALP00000015675,NA,NA,ENSXETP00000024474,NA,NA
ENSBTAP00000049002,26,6,ENSP00000215368,26,6,ENSPTRP00000049164,NA,NA,NULL,NA,NA,ENSGGOP00000002305,NA,NA,ENSMUSP00000003154,22,6,ENSRNOP00000021709,22,6,ENSGALP00000045853,NA,NA,ENSXETP00000007111,NA,NA
ENSBTAP00000022987,32,7,ENSP00000264080,NA,NA,ENSPTRP00000017650,NA,NA,ENSMMUP00000011402,NA,NA,ENSGGOP00000012857,NA,NA,ENSMUSP00000005975,NA,NA,ENSRNOP00000064473,NA,NA,NULL,NA,NA,NULL,NA,NA
ENSBTAP00000015268,38,7,ENSP00000359219,30,5,ENSPTRP00000005041,29,5,ENSMMUP00000035725,NA,NA,ENSGGOP00000021782,36,5,ENSMUSP00000107579,NA,NA,ENSRNOP00000021553,NA,NA,ENSGALP00000057513,NA,NA,ENSXETP00000017639,NA,NA
ENSBTAP00000011255,33,5,ENSP00000382675,33,5,ENSPTRP00000035713,33,5,ENSMMUP00000056517,NA,NA,ENSGGOP00000024958,33,5,ENSMUSP00000137902,33,5,ENSRNOP00000063277,33,5,NULL,NA,NA,NULL,NA,NA
ENSBTAP00000022065,32,6,ENSP00000401338,34,6,ENSPTRP00000053819,NA,NA,ENSMMUP00000032808,NA,NA,ENSGGOP00000003888,NA,NA,ENSMUSP00000025010,33,8,ENSRNOP00000027609,33,8,NULL,NA,NA,ENSXETP00000026481,NA,NA
ENSBTAP00000024233,24,6,ENSP00000000412,26,6,ENSPTRP00000007940,26,6,ENSMMUP00000023466,27,7,ENSGGOP00000010481,26,6,ENSMUSP00000108229,27,7,ENSRNOP00000069840,27,7,ENSGALP00000050547,NA,NA,ENSXETP00000052276,NA,NA
ENSBTAP00000019846,25,6,ENSP00000259631,NA,NA,ENSPTRP00000035731,NA,NA,ENSMMUP00000027364,NA,NA,ENSGGOP00000002885,NA,NA,ENSMUSP00000103653,NA,NA,ENSRNOP00000057330,NA,NA,NULL,NA,NA,NULL,NA,NA
ENSBTAP00000000876,5,15,ENSP00000301671,17,8,ENSPTRP00000015665,17,8,ENSMMUP00000008449,19,10,ENSGGOP00000021569,NA,NA,ENSMUSP00000017891,18,8,ENSRNOP00000025590,NA,NA,ENSGALP00000005265,NA,NA,ENSXETP00000058511,NA,NA
ENSBTAP00000010925,27,5,ENSP00000346839,NA,NA,ENSPTRP00000042055,NA,NA,ENSMMUP00000016225,NA,NA,ENSGGOP00000014657,NA,NA,ENSMUSP00000054499,NA,NA,ENSRNOP00000019772,NA,NA,ENSGALP00000005654,NA,NA,ENSXETP00000063110,NA,NA
ENSBTAP00000004124,23,5,ENSP00000299106,NA,NA,ENSPTRP00000007683,NA,NA,ENSMMUP00000009302,NA,NA,ENSGGOP00000006618,NA,NA,ENSMUSP00000034472,NA,NA,ENSRNOP00000012247,NA,NA,ENSGALP00000002228,NA,NA,NULL,NA,NA
ENSBTAP00000015746,25,7,ENSP00000308219,NA,NA,ENSPTRP00000029278,NA,NA,ENSMMUP00000034267,NA,NA,ENSGGOP00000025559,NA,NA,ENSMUSP00000126177,51,7,ENSRNOP00000066746,51,7,ENSGALP00000024623,NA,NA,ENSXETP00000051475,43,6
ENSBTAP00000047966,28,6,NULL,NA,NA,NULL,NA,NA,NULL,NA,NA,NULL,NA,NA,NULL,NA,NA,NULL,NA,NA,NULL,NA,NA,NULL,NA,NA
ENSBTAP00000017446,20,6,ENSP00000339328,22,5,ENSPTRP00000054428,22,5,ENSMMUP00000006137,22,5,ENSGGOP00000008970,22,8,ENSMUSP00000002284,23,7,ENSRNOP00000063960,NA,NA,NULL,NA,NA,ENSXETP00000063953,NA,NA
ENSBTAP00000055162,27,5,ENSP00000296777,NA,NA,ENSPTRP00000048279,NA,NA,ENSMMUP00000019907,NA,NA,ENSGGOP00000004788,NA,NA,ENSMUSP00000022150,27,5,ENSRNOP00000023869,27,5,ENSGALP00000055746,NA,NA,ENSXETP00000060443,23,5
ENSBTAP00000001351,33,7,ENSP00000464145,33,6,ENSPTRP00000041878,32,5,ENSMMUP00000015630,NA,NA,ENSGGOP00000005772,32,5,ENSMUSP00000128621,29,5,ENSRNOP00000075201,29,5,ENSGALP00000009611,NA,NA,NULL,NA,NA
ENSBTAP00000020009,22,6,ENSP00000304236,19,6,ENSPTRP00000047976,18,6,ENSMMUP00000013085,19,6,ENSGGOP00000010116,19,6,ENSMUSP00000056669,20,6,ENSRNOP00000023977,NA,NA,ENSGALP00000052840,NA,NA,ENSXETP00000063358,NA,NA
ENSBTAP00000025007,24,5,ENSP00000217131,NA,NA,ENSPTRP00000023534,NA,NA,ENSMMUP00000020183,NA,NA,ENSGGOP00000016209,NA,NA,ENSMUSP00000016400,NA,NA,ENSRNOP00000066523,NA,NA,ENSGALP00000012053,NA,NA,ENSXETP00000052184,20,5
ENSBTAP00000044478,23,5,ENSP00000371532,NA,NA,ENSPTRP00000049510,NA,NA,ENSMMUP00000019793,NA,NA,ENSGGOP00000001347,NA,NA,ENSMUSP00000127329,NA,NA,ENSRNOP00000036229,NA,NA,ENSGALP00000016512,NA,NA,ENSXETP00000025606,26,5
ENSBTAP00000051840,23,5,ENSP00000340292,23,5,ENSPTRP00000058864,23,5,ENSMMUP00000026357,23,5,ENSGGOP00000000417,23,5,ENSMUSP00000063104,23,5,ENSRNOP00000069391,23,5,ENSGALP00000018320,NA,NA,NULL,NA,NA
ENSBTAP00000005195,44,7,ENSP00000366280,44,7,ENSPTRP00000020979,44,7,ENSMMUP00000015078,44,7,ENSGGOP00000001374,44,7,ENSMUSP00000110663,NA,NA,ENSRNOP00000060837,NA,NA,ENSGALP00000052392,NA,NA,ENSXETP00000002692,NA,NA
ENSBTAP00000020853,21,8,ENSP00000418767,18,6,ENSPTRP00000031018,19,7,ENSMMUP00000018301,NA,NA,ENSGGOP00000009225,NA,NA,ENSMUSP00000128215,24,8,ENSRNOP00000043394,23,5,NULL,NA,NA,NULL,NA,NA
ENSBTAP00000011679,20,6,ENSP00000292377,19,6,ENSPTRP00000056162,NA,NA,NULL,NA,NA,ENSGGOP00000022569,23,6,ENSMUSP00000125178,23,6,ENSRNOP00000001849,23,6,NULL,NA,NA,NULL,NA,NA
ENSBTAP00000001958,42,5,ENSP00000361735,NA,NA,ENSPTRP00000023280,NA,NA,NULL,NA,NA,ENSGGOP00000006381,NA,NA,ENSMUSP00000104963,NA,NA,ENSRNOP00000052034,NA,NA,NULL,NA,NA,NULL,NA,NA
ENSBTAP00000004340,37,6,ENSP00000302150,28,5,ENSPTRP00000030340,28,5,ENSMMUP00000047828,NA,NA,ENSGGOP00000001345,29,5,ENSMUSP00000053446,29,5,ENSRNOP00000022251,NA,NA,ENSGALP00000020651,NA,NA,ENSXETP00000050804,NA,NA
ENSBTAP00000053357,40,5,ENSP00000263388,39,5,ENSPTRP00000018116,39,5,ENSMMUP00000017928,NA,NA,ENSGGOP00000002228,NA,NA,ENSMUSP00000085016,39,5,ENSRNOP00000037570,40,6,NULL,NA,NA,ENSXETP00000005565,NA,NA
ENSBTAP00000049410,16,6,ENSP00000312535,16,6,ENSPTRP00000059190,16,6,ENSMMUP00000007427,16,6,ENSGGOP00000014142,NA,NA,ENSMUSP00000050039,16,6,ENSRNOP00000026169,16,6,NULL,NA,NA,NULL,NA,NA
ENSBTAP00000044570,40,7,ENSP00000366179,47,6,ENSPTRP00000003982,50,9,ENSMMUP00000036166,NA,NA,ENSGGOP00000011619,NA,NA,ENSMUSP00000126321,NA,NA,ENSRNOP00000000162,NA,NA,ENSGALP00000012838,NA,NA,ENSXETP00000016095,NA,NA
ENSBTAP00000043331,31,5,ENSP00000427279,34,6,ENSPTRP00000027777,34,6,ENSMMUP00000010972,34,6,ENSGGOP00000008540,34,6,ENSMUSP00000074885,27,5,ENSRNOP00000070985,23,7,NULL,NA,NA,NULL,NA,NA
ENSBTAP00000021014,18,6,ENSP00000322788,17,5,ENSPTRP00000007262,17,5,ENSMMUP00000002724,19,5,ENSGGOP00000008675,17,5,ENSMUSP00000034492,17,5,ENSRNOP00000011884,NA,NA,ENSGALP00000027716,17,5,ENSXETP00000060025,NA,NA
ENSBTAP00000055940,27,5,ENSP00000430945,30,8,ENSPTRP00000035283,29,7,ENSMMUP00000026131,30,8,ENSGGOP00000027950,NA,NA,ENSMUSP00000046097,33,8,NULL,NA,NA,ENSGALP00000045062,NA,NA,ENSXETP00000041517,NA,NA
ENSBTAP00000006460,16,8,ENSP00000329380,16,8,ENSPTRP00000053173,16,8,ENSMMUP00000057139,NA,NA,ENSGGOP00000000213,NA,NA,ENSMUSP00000057563,NA,NA,ENSRNOP00000053510,NA,NA,NULL,NA,NA,ENSXETP00000032750,NA,NA
ENSBTAP00000012110,41,7,ENSP00000424544,41,7,ENSPTRP00000059071,41,7,ENSMMUP00000032220,41,7,ENSGGOP00000020427,NA,NA,ENSMUSP00000148134,NA,NA,ENSRNOP00000017452,41,7,ENSGALP00000022195,36,9,ENSXETP00000000404,NA,NA
ENSBTAP00000054739,23,5,ENSP00000420494,NA,NA,ENSPTRP00000032982,NA,NA,ENSMMUP00000005119,NA,NA,ENSGGOP00000028717,NA,NA,ENSMUSP00000046900,29,6,ENSRNOP00000031304,24,7,ENSGALP00000046717,NA,NA,NULL,NA,NA
ENSBTAP00000016883,23,5,ENSP00000377357,NA,NA,ENSPTRP00000004920,NA,NA,ENSMMUP00000026335,NA,NA,ENSGGOP00000003053,NA,NA,ENSMUSP00000026154,NA,NA,ENSRNOP00000066326,NA,NA,ENSGALP00000050934,NA,NA,ENSXETP00000007439,NA,NA
ENSBTAP00000033613,26,6,ENSP00000439250,24,6,ENSPTRP00000032579,24,6,ENSMMUP00000047178,NA,NA,ENSGGOP00000007308,NA,NA,ENSMUSP00000031795,24,6,ENSRNOP00000007821,24,6,ENSGALP00000057961,NA,NA,ENSXETP00000044050,NA,NA
ENSBTAP00000045276,36,5,ENSP00000302150,28,5,ENSPTRP00000030340,28,5,ENSMMUP00000047828,NA,NA,ENSGGOP00000001345,29,5,ENSMUSP00000053446,29,5,ENSRNOP00000022251,NA,NA,ENSGALP00000020651,NA,NA,ENSXETP00000050804,NA,NA
ENSBTAP00000041785,26,6,ENSP00000354607,26,6,ENSPTRP00000021982,26,6,ENSMMUP00000049844,NA,NA,ENSGGOP00000005802,26,6,ENSMUSP00000067783,26,6,ENSRNOP00000070441,26,6,ENSGALP00000056684,NA,NA,ENSXETP00000035762,NA,NA
ENSBTAP00000036110,29,5,ENSP00000390784,NA,NA,ENSPTRP00000050283,NA,NA,NULL,NA,NA,ENSGGOP00000000699,NA,NA,ENSMUSP00000084823,NA,NA,ENSRNOP00000000550,NA,NA,NULL,NA,NA,ENSXETP00000043993,NA,NA
ENSBTAP00000016194,28,5,ENSP00000259951,21,5,ENSPTRP00000055208,24,5,ENSMMUP00000059702,NA,NA,ENSGGOP00000018173,NA,NA,NULL,NA,NA,NULL,NA,NA,ENSGALP00000058295,NA,NA,ENSXETP00000038903,NA,NA
ENSBTAP00000053843,32,5,ENSP00000250699,NA,NA,ENSPTRP00000005651,NA,NA,NULL,NA,NA,ENSGGOP00000009251,NA,NA,ENSMUSP00000081891,NA,NA,ENSRNOP00000027506,NA,NA,ENSGALP00000022064,NA,NA,ENSXETP00000010653,NA,NA
ENSBTAP00000018241,24,7,ENSP00000306449,27,7,ENSPTRP00000033642,27,7,ENSMMUP00000013973,27,7,ENSGGOP00000004303,29,7,ENSMUSP00000052185,27,6,ENSRNOP00000003593,27,6,ENSGALP00000047763,NA,NA,ENSXETP00000047851,NA,NA
ENSBTAP00000009326,36,5,ENSP00000302150,28,5,ENSPTRP00000030340,28,5,ENSMMUP00000047828,NA,NA,ENSGGOP00000001345,29,5,ENSMUSP00000053446,29,5,ENSRNOP00000022251,NA,NA,ENSGALP00000020651,NA,NA,ENSXETP00000050804,NA,NA
ENSBTAP00000042536,26,5,ENSP00000333298,28,10,ENSPTRP00000053314,28,10,ENSMMUP00000012814,25,9,ENSGGOP00000025011,28,5,ENSMUSP00000033824,24,6,ENSRNOP00000026580,21,6,ENSGALP00000052871,NA,NA,ENSXETP00000004187,NA,NA
ENSBTAP00000017556,19,5,ENSP00000243077,19,5,ENSPTRP00000008707,19,5,ENSMMUP00000052690,NA,NA,ENSGGOP00000009976,19,5,ENSMUSP00000044004,19,5,ENSRNOP00000034210,19,5,ENSGALP00000046139,NA,NA,ENSXETP00000023921,NA,NA
ENSBTAP00000007271,25,5,ENSP00000467494,NA,NA,NULL,NA,NA,ENSMMUP00000046139,NA,NA,ENSGGOP00000015752,NA,NA,ENSMUSP00000092384,18,6,ENSRNOP00000021456,22,6,NULL,NA,NA,ENSXETP00000039586,NA,NA
ENSBTAP00000031126,26,5,ENSP00000259951,21,5,ENSPTRP00000055208,24,5,ENSMMUP00000059702,NA,NA,ENSGGOP00000018173,NA,NA,NULL,NA,NA,NULL,NA,NA,ENSGALP00000058295,NA,NA,ENSXETP00000038903,NA,NA
ENSBTAP00000054935,35,9,NULL,NA,NA,NULL,NA,NA,NULL,NA,NA,NULL,NA,NA,NULL,NA,NA,NULL,NA,NA,NULL,NA,NA,NULL,NA,NA
ENSBTAP00000001830,37,5,ENSP00000330945,NA,NA,ENSPTRP00000030051,38,6,ENSMMUP00000056457,NA,NA,ENSGGOP00000004999,37,5,ENSMUSP00000105531,NA,NA,ENSRNOP00000030668,NA,NA,NULL,NA,NA,ENSXETP00000014723,NA,NA
ENSBTAP00000019526,28,7,ENSP00000251582,29,8,ENSPTRP00000030092,27,7,ENSMMUP00000003347,NA,NA,ENSGGOP00000000805,28,8,ENSMUSP00000040171,28,6,ENSRNOP00000075206,29,7,ENSGALP00000049763,NA,NA,ENSXETP00000008331,NA,NA
ENSBTAP00000025945,25,5,ENSP00000286733,28,6,ENSPTRP00000027800,27,5,ENSMMUP00000043637,NA,NA,ENSGGOP00000017303,NA,NA,ENSMUSP00000108726,31,5,ENSRNOP00000003102,32,5,ENSGALP00000037111,NA,NA,ENSXETP00000057513,NA,NA
ENSBTAP00000026958,22,7,ENSP00000426741,NA,NA,ENSPTRP00000002366,22,7,ENSMMUP00000060680,NA,NA,ENSGGOP00000013573,NA,NA,ENSMUSP00000029673,22,7,ENSRNOP00000069356,22,7,NULL,NA,NA,ENSXETP00000023541,NA,NA
ENSBTAP00000011877,34,5,ENSP00000280527,34,5,ENSPTRP00000020306,NA,NA,ENSMMUP00000055837,NA,NA,ENSGGOP00000011706,NA,NA,ENSMUSP00000108117,34,5,ENSRNOP00000005983,34,5,ENSGALP00000049021,NA,NA,ENSXETP00000022789,NA,NA
ENSBTAP00000056508,18,5,ENSP00000439454,NA,NA,ENSPTRP00000061278,NA,NA,ENSMMUP00000045466,NA,NA,ENSGGOP00000025130,NA,NA,ENSMUSP00000145491,NA,NA,ENSRNOP00000073926,NA,NA,NULL,NA,NA,NULL,NA,NA
ENSBTAP00000005537,25,7,ENSP00000369816,29,10,ENSPTRP00000014833,29,10,ENSMMUP00000017772,NA,NA,ENSGGOP00000028202,30,9,ENSMUSP00000005334,27,8,ENSRNOP00000015248,NA,NA,NULL,NA,NA,ENSXETP00000062569,NA,NA
ENSBTAP00000010124,22,7,ENSP00000470879,24,7,ENSPTRP00000018280,NA,NA,ENSMMUP00000013069,24,7,ENSGGOP00000018691,24,7,ENSMUSP00000043659,21,5,ENSRNOP00000075600,21,5,ENSGALP00000034392,NA,NA,ENSXETP00000024460,NA,NA
ENSBTAP00000002535,19,7,ENSP00000370750,20,6,ENSPTRP00000052595,NA,NA,ENSMMUP00000020865,20,10,ENSGGOP00000005509,21,6,ENSMUSP00000124066,NA,NA,ENSRNOP00000069383,NA,NA,ENSGALP00000015508,NA,NA,NULL,NA,NA
ENSBTAP00000049364,17,5,NULL,NA,NA,NULL,NA,NA,ENSMMUP00000051374,NA,NA,ENSGGOP00000024435,NA,NA,ENSMUSP00000033958,NA,NA,ENSRNOP00000070106,NA,NA,NULL,NA,NA,ENSXETP00000027859,NA,NA
ENSBTAP00000000447,37,8,ENSP00000223127,NA,NA,ENSPTRP00000033426,NA,NA,ENSMMUP00000009121,22,7,ENSGGOP00000016295,NA,NA,ENSMUSP00000004968,26,9,ENSRNOP00000001921,26,9,NULL,NA,NA,ENSXETP00000042443,NA,NA
ENSBTAP00000021596,31,6,ENSP00000364902,25,5,ENSPTRP00000022931,25,5,ENSMMUP00000008312,26,5,ENSGGOP00000012550,25,5,ENSMUSP00000053122,31,7,ENSRNOP00000013730,32,7,ENSGALP00000038505,NA,NA,ENSXETP00000036294,33,6
ENSBTAP00000025750,36,5,ENSP00000302150,28,5,ENSPTRP00000030340,28,5,ENSMMUP00000047828,NA,NA,ENSGGOP00000001345,29,5,ENSMUSP00000053446,29,5,ENSRNOP00000022251,NA,NA,ENSGALP00000020651,NA,NA,ENSXETP00000050804,NA,NA
ENSBTAP00000014865,55,6,ENSP00000363770,28,8,ENSPTRP00000000560,28,8,ENSMMUP00000027318,28,8,NULL,NA,NA,ENSMUSP00000036747,NA,NA,ENSRNOP00000017065,31,6,ENSGALP00000051833,NA,NA,NULL,NA,NA
ENSBTAP00000008130,20,5,ENSP00000378957,38,5,NULL,NA,NA,ENSMMUP00000056999,NA,NA,ENSGGOP00000005920,37,5,ENSMUSP00000070848,NA,NA,ENSRNOP00000074203,22,6,NULL,NA,NA,ENSXETP00000013749,NA,NA
ENSBTAP00000022716,23,6,ENSP00000264595,NA,NA,ENSPTRP00000028510,NA,NA,ENSMMUP00000009701,NA,NA,ENSGGOP00000007435,NA,NA,ENSMUSP00000033920,23,6,ENSRNOP00000000120,NA,NA,ENSGALP00000017419,NA,NA,ENSXETP00000020772,NA,NA
ENSBTAP00000027527,23,5,ENSP00000406229,21,8,ENSPTRP00000028585,21,8,ENSMMUP00000034440,NA,NA,ENSGGOP00000018273,21,8,ENSMUSP00000140596,21,7,ENSRNOP00000073466,21,7,ENSGALP00000022061,NA,NA,ENSXETP00000037350,22,5
ENSBTAP00000049761,18,5,ENSP00000450838,20,5,ENSPTRP00000011391,20,5,ENSMMUP00000046566,NA,NA,ENSGGOP00000016583,20,5,NULL,NA,NA,ENSRNOP00000013045,20,5,ENSGALP00000017843,NA,NA,ENSXETP00000050399,NA,NA
ENSBTAP00000032173,23,5,ENSP00000430242,25,5,ENSPTRP00000018569,25,5,ENSMMUP00000052572,NA,NA,ENSGGOP00000000125,25,5,ENSMUSP00000079362,NA,NA,ENSRNOP00000028526,NA,NA,NULL,NA,NA,NULL,NA,NA
ENSBTAP00000002235,31,8,ENSP00000233969,33,6,ENSPTRP00000021080,33,6,ENSMMUP00000005571,33,6,ENSGGOP00000016090,33,6,ENSMUSP00000027231,34,6,ENSRNOP00000021270,34,6,ENSGALP00000027059,NA,NA,NULL,NA,NA
ENSBTAP00000000795,20,6,ENSP00000383376,28,6,ENSPTRP00000057989,28,6,ENSMMUP00000011433,28,6,ENSGGOP00000008073,22,6,ENSMUSP00000109833,NA,NA,ENSRNOP00000049564,NA,NA,ENSGALP00000052977,NA,NA,ENSXETP00000029831,NA,NA
ENSBTAP00000023166,17,6,ENSP00000342336,17,6,ENSPTRP00000033803,17,6,NULL,NA,NA,ENSGGOP00000028743,17,6,ENSMUSP00000051206,NA,NA,ENSRNOP00000015752,NA,NA,ENSGALP00000041214,17,5,ENSXETP00000023253,NA,NA
ENSBTAP00000026411,27,6,ENSP00000268070,NA,NA,ENSPTRP00000012811,NA,NA,ENSMMUP00000027860,NA,NA,ENSGGOP00000007555,NA,NA,ENSMUSP00000095984,NA,NA,ENSRNOP00000052730,NA,NA,ENSGALP00000043933,NA,NA,ENSXETP00000040681,NA,NA
ENSBTAP00000000973,32,6,ENSP00000311184,34,8,ENSPTRP00000059521,34,8,ENSMMUP00000029949,34,8,ENSGGOP00000019008,34,8,ENSMUSP00000053238,29,7,ENSRNOP00000003784,29,7,ENSGALP00000011904,NA,NA,ENSXETP00000054046,NA,NA
ENSBTAP00000014364,17,5,ENSP00000216338,NA,NA,ENSPTRP00000010566,NA,NA,ENSMMUP00000003050,NA,NA,ENSGGOP00000012126,NA,NA,NULL,NA,NA,NULL,NA,NA,NULL,NA,NA,ENSXETP00000037000,NA,NA
ENSBTAP00000013401,36,5,ENSP00000302150,28,5,ENSPTRP00000030340,28,5,ENSMMUP00000047828,NA,NA,ENSGGOP00000001345,29,5,ENSMUSP00000053446,29,5,ENSRNOP00000022251,NA,NA,ENSGALP00000020651,NA,NA,ENSXETP00000050804,NA,NA
ENSBTAP00000023962,33,5,ENSP00000268793,61,10,ENSPTRP00000014092,61,10,ENSMMUP00000021670,61,10,ENSGGOP00000012313,61,10,ENSMUSP00000034371,NA,NA,ENSRNOP00000026809,NA,NA,ENSGALP00000005425,NA,NA,ENSXETP00000011960,NA,NA
ENSBTAP00000039232,25,7,ENSP00000366827,29,7,ENSPTRP00000003948,29,7,NULL,NA,NA,ENSGGOP00000008655,NA,NA,ENSMUSP00000003509,29,5,ENSRNOP00000070022,NA,NA,ENSGALP00000051186,NA,NA,ENSXETP00000016254,NA,NA
ENSBTAP00000001517,30,5,ENSP00000303211,33,6,ENSPTRP00000046302,33,6,ENSMMUP00000027994,33,6,ENSGGOP00000001493,33,6,ENSMUSP00000024099,NA,NA,ENSRNOP00000073951,NA,NA,NULL,NA,NA,ENSXETP00000037518,NA,NA
ENSBTAP00000056128,23,5,ENSP00000470788,NA,NA,ENSPTRP00000046039,NA,NA,ENSMMUP00000015864,NA,NA,ENSGGOP00000018057,NA,NA,ENSMUSP00000000808,NA,NA,ENSRNOP00000025977,NA,NA,NULL,NA,NA,NULL,NA,NA
ENSBTAP00000002834,20,6,ENSP00000324672,20,7,ENSPTRP00000013214,NA,NA,ENSMMUP00000022654,NA,NA,ENSGGOP00000017942,NA,NA,ENSMUSP00000058860,20,7,ENSRNOP00000031136,20,7,NULL,NA,NA,NULL,NA,NA
ENSBTAP00000002601,17,8,ENSP00000287143,NA,NA,ENSPTRP00000050798,NA,NA,ENSMMUP00000023418,NA,NA,ENSGGOP00000003970,NA,NA,ENSMUSP00000028466,NA,NA,ENSRNOP00000054424,NA,NA,NULL,NA,NA,NULL,NA,NA
ENSBTAP00000026395,17,5,ENSP00000389814,NA,NA,ENSPTRP00000027045,NA,NA,ENSMMUP00000055436,NA,NA,ENSGGOP00000012962,NA,NA,ENSMUSP00000023593,NA,NA,ENSRNOP00000002492,NA,NA,ENSGALP00000008899,NA,NA,ENSXETP00000006587,NA,NA
ENSBTAP00000046927,23,5,ENSP00000369798,23,8,ENSPTRP00000050875,23,8,ENSMMUP00000022961,23,8,ENSGGOP00000016393,23,8,ENSMUSP00000049678,23,5,ENSRNOP00000023887,23,8,ENSGALP00000051792,NA,NA,ENSXETP00000035550,20,6
ENSBTAP00000001512,30,5,ENSP00000303211,33,6,ENSPTRP00000046302,33,6,ENSMMUP00000027994,33,6,ENSGGOP00000001493,33,6,ENSMUSP00000024099,NA,NA,ENSRNOP00000073951,NA,NA,NULL,NA,NA,ENSXETP00000037518,NA,NA
ENSBTAP00000027940,30,9,ENSP00000172229,28,7,ENSPTRP00000015928,NA,NA,ENSMMUP00000019165,28,7,ENSGGOP00000008241,28,7,ENSMUSP00000000122,31,9,ENSRNOP00000007268,29,5,ENSGALP00000046489,NA,NA,ENSXETP00000040325,NA,NA
ENSBTAP00000023218,44,8,ENSP00000258145,NA,NA,ENSPTRP00000008801,NA,NA,ENSMMUP00000051485,NA,NA,ENSGGOP00000021237,NA,NA,ENSMUSP00000043167,NA,NA,ENSRNOP00000006566,NA,NA,ENSGALP00000016008,NA,NA,ENSXETP00000027308,NA,NA
ENSBTAP00000024298,20,5,ENSP00000261007,NA,NA,ENSPTRP00000021633,NA,NA,ENSMMUP00000028705,NA,NA,ENSGGOP00000007865,NA,NA,ENSMUSP00000028515,NA,NA,ENSRNOP00000024706,NA,NA,ENSGALP00000046874,NA,NA,ENSXETP00000054211,NA,NA
ENSBTAP00000033956,18,6,ENSP00000289902,18,6,ENSPTRP00000051638,18,6,ENSMMUP00000006016,18,6,ENSGGOP00000017855,18,6,ENSMUSP00000078875,NA,NA,ENSRNOP00000036716,NA,NA,NULL,NA,NA,NULL,NA,NA
ENSBTAP00000017420,22,5,ENSP00000225964,22,5,ENSPTRP00000015952,22,5,ENSMMUP00000001955,22,5,ENSGGOP00000012899,22,5,ENSMUSP00000001547,22,5,ENSRNOP00000005311,22,5,ENSGALP00000056890,NA,NA,ENSXETP00000007330,NA,NA
ENSBTAP00000022524,30,8,ENSP00000263379,NA,NA,ENSPTRP00000018055,NA,NA,ENSMMUP00000055478,NA,NA,ENSGGOP00000011228,NA,NA,ENSMUSP00000005601,NA,NA,ENSRNOP00000069777,NA,NA,NULL,NA,NA,NULL,NA,NA
ENSBTAP00000013154,17,6,ENSP00000243786,NA,NA,ENSPTRP00000022148,NA,NA,ENSMMUP00000009825,NA,NA,ENSGGOP00000003537,NA,NA,ENSMUSP00000040310,20,7,ENSRNOP00000027227,20,7,ENSGALP00000018301,NA,NA,ENSXETP00000031486,NA,NA
ENSBTAP00000054551,21,6,ENSP00000383938,24,5,ENSPTRP00000056512,24,5,ENSMMUP00000043664,NA,NA,ENSGGOP00000007930,NA,NA,ENSMUSP00000024042,22,5,ENSRNOP00000006357,22,6,ENSGALP00000013913,31,7,ENSXETP00000031785,NA,NA
ENSBTAP00000037502,47,8,ENSP00000349437,NA,NA,ENSPTRP00000032027,NA,NA,ENSMMUP00000020544,NA,NA,ENSGGOP00000001641,NA,NA,ENSMUSP00000024599,35,7,ENSRNOP00000021840,35,6,ENSGALP00000052118,NA,NA,ENSXETP00000061077,NA,NA
ENSBTAP00000022979,22,6,ENSP00000245907,22,6,ENSPTRP00000017648,22,6,ENSMMUP00000031926,NA,NA,ENSGGOP00000024983,NA,NA,ENSMUSP00000024988,24,5,ENSRNOP00000066885,24,5,ENSGALP00000055047,NA,NA,ENSXETP00000037599,NA,NA
ENSBTAP00000054183,27,6,ENSP00000334037,27,6,ENSPTRP00000019484,27,6,ENSMMUP00000008839,27,6,ENSGGOP00000014396,27,6,ENSMUSP00000113509,NA,NA,ENSRNOP00000026445,NA,NA,NULL,NA,NA,ENSXETP00000053654,NA,NA
ENSBTAP00000041651,19,6,ENSP00000385452,NA,NA,ENSPTRP00000056641,NA,NA,ENSMMUP00000021114,NA,NA,ENSGGOP00000002559,NA,NA,ENSMUSP00000031051,NA,NA,ENSRNOP00000010586,NA,NA,NULL,NA,NA,ENSXETP00000002629,NA,NA
ENSBTAP00000043940,26,5,ENSP00000333358,NA,NA,ENSPTRP00000010348,NA,NA,ENSMMUP00000025147,NA,NA,NULL,NA,NA,ENSMUSP00000022424,NA,NA,ENSRNOP00000013619,24,5,NULL,NA,NA,NULL,NA,NA
ENSBTAP00000021026,36,6,ENSP00000302150,28,5,ENSPTRP00000030340,28,5,ENSMMUP00000047828,NA,NA,ENSGGOP00000001345,29,5,ENSMUSP00000053446,29,5,ENSRNOP00000022251,NA,NA,ENSGALP00000020651,NA,NA,ENSXETP00000050804,NA,NA
ENSBTAP00000007060,22,7,ENSP00000326708,22,5,ENSPTRP00000008194,22,5,ENSMMUP00000020782,20,5,ENSGGOP00000008514,22,5,NULL,NA,NA,NULL,NA,NA,NULL,NA,NA,NULL,NA,NA
ENSBTAP00000017496,19,7,ENSP00000313423,20,7,ENSPTRP00000022613,NA,NA,ENSMMUP00000008539,19,6,NULL,NA,NA,ENSMUSP00000028787,NA,NA,ENSRNOP00000042875,NA,NA,ENSGALP00000048983,NA,NA,ENSXETP00000057057,NA,NA
ENSBTAP00000030722,34,5,ENSP00000273261,NA,NA,ENSPTRP00000051241,NA,NA,ENSMMUP00000039591,NA,NA,ENSGGOP00000013969,NA,NA,ENSMUSP00000098686,34,6,ENSRNOP00000017384,NA,NA,ENSGALP00000035449,NA,NA,ENSXETP00000005355,NA,NA
ENSBTAP00000004210,16,5,ENSP00000260229,NA,NA,ENSPTRP00000007256,NA,NA,ENSMMUP00000014423,NA,NA,ENSGGOP00000008521,NA,NA,ENSMUSP00000113231,NA,NA,ENSRNOP00000058603,NA,NA,ENSGALP00000027709,36,5,ENSXETP00000060025,NA,NA
ENSBTAP00000029257,28,5,ENSP00000216286,NA,NA,ENSPTRP00000010754,NA,NA,ENSMMUP00000060240,NA,NA,ENSGGOP00000025853,NA,NA,ENSMUSP00000022340,NA,NA,ENSRNOP00000000383,NA,NA,ENSGALP00000020214,NA,NA,ENSXETP00000026634,NA,NA
ENSBTAP00000020677,35,6,ENSP00000240617,32,8,ENSPTRP00000008062,33,8,ENSMMUP00000004886,NA,NA,ENSGGOP00000011233,32,7,ENSMUSP00000032336,31,5,ENSRNOP00000011930,32,5,ENSGALP00000046460,NA,NA,NULL,NA,NA
ENSBTAP00000046571,44,7,ENSP00000366280,44,7,ENSPTRP00000020979,44,7,ENSMMUP00000015078,44,7,ENSGGOP00000001374,44,7,ENSMUSP00000110663,NA,NA,ENSRNOP00000060837,NA,NA,ENSGALP00000052392,NA,NA,ENSXETP00000002692,NA,NA
ENSBTAP00000036816,25,5,ENSP00000320401,NA,NA,ENSPTRP00000027708,NA,NA,ENSMMUP00000021653,NA,NA,ENSGGOP00000023418,NA,NA,ENSMUSP00000031186,NA,NA,ENSRNOP00000045002,NA,NA,NULL,NA,NA,NULL,NA,NA
ENSBTAP00000053606,36,8,ENSP00000434034,36,5,ENSPTRP00000007133,NA,NA,ENSMMUP00000041823,NA,NA,ENSGGOP00000014391,NA,NA,ENSMUSP00000049852,NA,NA,ENSRNOP00000023205,NA,NA,ENSGALP00000027820,NA,NA,ENSXETP00000022901,NA,NA
ENSBTAP00000026893,25,7,ENSP00000304422,NA,NA,ENSPTRP00000013102,NA,NA,ENSMMUP00000005631,NA,NA,ENSGGOP00000018107,NA,NA,ENSMUSP00000046369,NA,NA,ENSRNOP00000005718,NA,NA,NULL,NA,NA,ENSXETP00000039786,NA,NA
ENSBTAP00000040403,20,5,ENSP00000487363,NA,NA,ENSPTRP00000029822,NA,NA,ENSMMUP00000007351,NA,NA,ENSGGOP00000008673,NA,NA,ENSMUSP00000043827,NA,NA,ENSRNOP00000009573,21,5,ENSGALP00000054868,NA,NA,NULL,NA,NA
ENSBTAP00000010988,38,8,ENSP00000264914,38,7,ENSPTRP00000054793,40,9,ENSMMUP00000060539,NA,NA,ENSGGOP00000010190,40,9,ENSMUSP00000088964,6,216,ENSRNOP00000014860,36,7,ENSGALP00000037820,NA,NA,ENSXETP00000001181,NA,NA
ENSBTAP00000036928,27,5,ENSP00000304845,NA,NA,ENSPTRP00000022339,NA,NA,NULL,NA,NA,NULL,NA,NA,ENSMUSP00000072803,29,5,ENSRNOP00000025045,NA,NA,NULL,NA,NA,NULL,NA,NA
ENSBTAP00000014055,17,8,ENSP00000287143,NA,NA,ENSPTRP00000050798,NA,NA,ENSMMUP00000023418,NA,NA,ENSGGOP00000003970,NA,NA,ENSMUSP00000028466,NA,NA,ENSRNOP00000054424,NA,NA,NULL,NA,NA,NULL,NA,NA
ENSBTAP00000021686,26,6,ENSP00000360184,28,6,ENSPTRP00000004892,NA,NA,ENSMMUP00000002497,26,6,ENSGGOP00000015229,NA,NA,ENSMUSP00000025989,26,6,ENSRNOP00000018043,NA,NA,ENSGALP00000008863,NA,NA,ENSXETP00000023313,NA,NA
ENSBTAP00000025005,25,5,ENSP00000320401,NA,NA,ENSPTRP00000027708,NA,NA,ENSMMUP00000021653,NA,NA,ENSGGOP00000023418,NA,NA,ENSMUSP00000031186,NA,NA,ENSRNOP00000045002,NA,NA,NULL,NA,NA,NULL,NA,NA
ENSBTAP00000038799,22,7,ENSP00000233242,27,6,ENSPTRP00000052150,26,5,ENSMMUP00000048701,NA,NA,ENSGGOP00000020316,NA,NA,ENSMUSP00000036044,NA,NA,ENSRNOP00000039779,NA,NA,ENSGALP00000026550,19,8,ENSXETP00000019543,NA,NA
ENSBTAP00000020817,19,5,ENSP00000265132,19,5,ENSPTRP00000036355,19,5,ENSMMUP00000011225,19,5,ENSGGOP00000013843,19,5,ENSMUSP00000030041,NA,NA,ENSRNOP00000009248,NA,NA,ENSGALP00000056401,NA,NA,ENSXETP00000059405,NA,NA
ENSBTAP00000044737,40,7,ENSP00000366179,47,6,ENSPTRP00000003982,50,9,ENSMMUP00000036166,NA,NA,ENSGGOP00000011619,NA,NA,ENSMUSP00000126321,NA,NA,ENSRNOP00000000162,NA,NA,ENSGALP00000012838,NA,NA,ENSXETP00000016095,NA,NA
ENSBTAP00000006422,23,5,ENSP00000356899,NA,NA,ENSPTRP00000002684,NA,NA,ENSMMUP00000041768,NA,NA,ENSGGOP00000018283,NA,NA,ENSMUSP00000141443,23,6,ENSRNOP00000003901,NA,NA,ENSGALP00000050290,NA,NA,ENSXETP00000010299,NA,NA
ENSBTAP00000040771,26,5,ENSP00000362870,22,5,ENSPTRP00000000785,25,5,NULL,NA,NA,ENSGGOP00000007655,25,5,ENSMUSP00000099636,29,9,ENSRNOP00000014666,27,5,ENSGALP00000057052,NA,NA,ENSXETP00000013062,NA,NA
ENSBTAP00000004776,19,5,ENSP00000307801,35,5,ENSPTRP00000026196,35,5,ENSMMUP00000028785,35,5,ENSGGOP00000011751,35,5,ENSMUSP00000119774,NA,NA,ENSRNOP00000057315,19,5,ENSGALP00000024722,19,5,ENSXETP00000015257,19,5
ENSBTAP00000039864,38,5,ENSP00000237696,41,5,ENSPTRP00000026803,37,5,ENSMMUP00000019465,42,5,ENSGGOP00000023788,25,5,ENSMUSP00000056728,NA,NA,ENSRNOP00000054312,NA,NA,ENSGALP00000015618,NA,NA,ENSXETP00000030764,NA,NA
ENSBTAP00000003498,25,6,ENSP00000288135,25,5,ENSPTRP00000027637,25,5,NULL,NA,NA,ENSGGOP00000015071,25,5,ENSMUSP00000005815,NA,NA,ENSRNOP00000003050,NA,NA,ENSGALP00000051217,NA,NA,ENSXETP00000045513,NA,NA
ENSBTAP00000026827,22,7,ENSP00000412940,21,6,ENSPTRP00000049448,21,6,ENSMMUP00000039249,21,7,ENSGGOP00000016888,21,7,ENSMUSP00000071627,NA,NA,ENSRNOP00000055412,NA,NA,ENSGALP00000008702,22,5,ENSXETP00000007157,NA,NA
ENSBTAP00000011737,33,7,ENSP00000250378,NA,NA,ENSPTRP00000010563,NA,NA,ENSMMUP00000025348,NA,NA,ENSGGOP00000014824,NA,NA,ENSMUSP00000022834,32,6,ENSRNOP00000061330,19,6,NULL,NA,NA,ENSXETP00000037000,NA,NA
ENSBTAP00000054698,25,7,ENSP00000304422,NA,NA,ENSPTRP00000013102,NA,NA,ENSMMUP00000005631,NA,NA,ENSGGOP00000018107,NA,NA,ENSMUSP00000046369,NA,NA,ENSRNOP00000005718,NA,NA,NULL,NA,NA,ENSXETP00000039786,NA,NA
ENSBTAP00000056534,31,6,ENSP00000364902,25,5,ENSPTRP00000022931,25,5,ENSMMUP00000008312,26,5,ENSGGOP00000012550,25,5,ENSMUSP00000053122,31,7,ENSRNOP00000013730,32,7,ENSGALP00000038505,NA,NA,ENSXETP00000036294,33,6
ENSBTAP00000030566,5,86,ENSP00000377061,26,11,ENSPTRP00000026442,27,12,ENSMMUP00000060049,NA,NA,ENSGGOP00000021744,27,12,ENSMUSP00000131840,27,9,ENSRNOP00000022951,45,9,ENSGALP00000035469,NA,NA,ENSXETP00000040369,NA,NA
ENSBTAP00000000084,26,5,ENSP00000367202,22,5,ENSPTRP00000035794,22,5,ENSMMUP00000029773,22,5,ENSGGOP00000003261,NA,NA,ENSMUSP00000030198,22,5,ENSRNOP00000070900,26,5,ENSGALP00000056648,NA,NA,NULL,NA,NA
ENSBTAP00000054564,18,5,ENSP00000408860,16,5,ENSPTRP00000061176,16,5,ENSMMUP00000001021,16,5,ENSGGOP00000012660,18,5,ENSMUSP00000025223,21,8,ENSRNOP00000037516,23,10,ENSGALP00000044393,NA,NA,ENSXETP00000011306,27,7
ENSBTAP00000005745,26,7,ENSP00000228534,19,5,ENSPTRP00000008668,19,5,ENSMMUP00000039404,21,5,ENSGGOP00000001636,26,5,ENSMUSP00000026449,NA,NA,ENSRNOP00000004363,NA,NA,NULL,NA,NA,NULL,NA,NA
ENSBTAP00000054088,23,5,ENSP00000470788,NA,NA,ENSPTRP00000046039,NA,NA,ENSMMUP00000015864,NA,NA,ENSGGOP00000018057,NA,NA,ENSMUSP00000000808,NA,NA,ENSRNOP00000025977,NA,NA,NULL,NA,NA,NULL,NA,NA
ENSBTAP00000045060,21,7,ENSP00000377055,21,6,ENSPTRP00000007091,21,6,ENSMMUP00000046508,NA,NA,ENSGGOP00000016102,21,6,ENSMUSP00000075429,NA,NA,ENSRNOP00000014271,NA,NA,ENSGALP00000056937,NA,NA,ENSXETP00000005009,NA,NA
ENSBTAP00000052109,26,5,ENSP00000312770,24,5,ENSPTRP00000021839,24,5,ENSMMUP00000045959,NA,NA,ENSGGOP00000005531,24,5,ENSMUSP00000040240,NA,NA,ENSRNOP00000013512,NA,NA,ENSGALP00000042242,NA,NA,ENSXETP00000039626,NA,NA
ENSBTAP00000018592,24,7,ENSP00000233948,24,7,NULL,NA,NA,NULL,NA,NA,ENSGGOP00000003203,24,7,ENSMUSP00000006716,23,6,ENSRNOP00000023439,24,7,ENSGALP00000037444,NA,NA,ENSXETP00000030315,NA,NA
ENSBTAP00000006167,23,7,ENSP00000323929,NA,NA,ENSPTRP00000056596,NA,NA,ENSMMUP00000019581,NA,NA,ENSGGOP00000013403,NA,NA,ENSMUSP00000032203,30,9,ENSRNOP00000019346,27,6,ENSGALP00000050420,NA,NA,NULL,NA,NA
ENSBTAP00000009180,34,6,ENSP00000356030,NA,NA,ENSPTRP00000056033,NA,NA,ENSMMUP00000050092,NA,NA,ENSGGOP00000022016,NA,NA,ENSMUSP00000108107,NA,NA,ENSRNOP00000005284,34,6,ENSGALP00000056455,NA,NA,NULL,NA,NA
ENSBTAP00000023767,31,7,ENSP00000356991,31,7,ENSPTRP00000002629,31,7,NULL,NA,NA,ENSGGOP00000019603,31,7,ENSMUSP00000006578,NA,NA,ENSRNOP00000005550,NA,NA,NULL,NA,NA,NULL,NA,NA
ENSBTAP00000008500,19,7,ENSP00000402855,15,7,ENSPTRP00000031014,20,7,ENSMMUP00000033716,10,6,ENSGGOP00000014706,20,7,ENSMUSP00000024792,20,8,ENSRNOP00000018138,NA,NA,NULL,NA,NA,NULL,NA,NA
ENSBTAP00000008354,27,7,ENSP00000275815,NA,NA,ENSPTRP00000033933,NA,NA,NULL,NA,NA,ENSGGOP00000017514,NA,NA,ENSMUSP00000073099,26,6,ENSRNOP00000024037,26,6,ENSGALP00000023625,NA,NA,NULL,NA,NA
ENSBTAP00000021451,21,6,ENSP00000259951,21,5,ENSPTRP00000055208,24,5,ENSMMUP00000059702,NA,NA,ENSGGOP00000018173,NA,NA,NULL,NA,NA,NULL,NA,NA,ENSGALP00000058295,NA,NA,ENSXETP00000038903,NA,NA
ENSBTAP00000021025,24,8,ENSP00000449751,25,7,ENSPTRP00000008361,28,8,ENSMMUP00000043038,NA,NA,NULL,NA,NA,ENSMUSP00000003445,27,6,ENSRNOP00000072158,27,6,ENSGALP00000045576,NA,NA,ENSXETP00000021623,27,5
ENSBTAP00000056467,18,5,ENSP00000439454,NA,NA,ENSPTRP00000061278,NA,NA,ENSMMUP00000045466,NA,NA,ENSGGOP00000025130,NA,NA,ENSMUSP00000145491,NA,NA,ENSRNOP00000073926,NA,NA,NULL,NA,NA,NULL,NA,NA
ENSBTAP00000027593,29,7,ENSP00000242249,27,5,ENSPTRP00000032739,27,8,ENSMMUP00000041914,NA,NA,ENSGGOP00000007121,NA,NA,ENSMUSP00000047518,26,5,ENSRNOP00000074204,26,5,ENSGALP00000050055,NA,NA,ENSXETP00000034203,NA,NA
ENSBTAP00000002020,31,7,ENSP00000340761,34,11,ENSPTRP00000055479,NA,NA,ENSMMUP00000006897,18,5,ENSGGOP00000010291,NA,NA,ENSMUSP00000037609,NA,NA,ENSRNOP00000001295,NA,NA,ENSGALP00000004589,NA,NA,ENSXETP00000002599,NA,NA
ENSBTAP00000031823,20,8,ENSP00000270645,20,7,ENSPTRP00000019401,20,7,ENSMMUP00000046156,NA,NA,ENSGGOP00000008587,20,8,ENSMUSP00000019683,20,7,ENSRNOP00000071271,29,6,NULL,NA,NA,ENSXETP00000038287,NA,NA
ENSBTAP00000008184,35,5,ENSP00000357669,7,135,ENSPTRP00000002288,7,135,ENSMMUP00000010672,7,135,NULL,NA,NA,ENSMUSP00000029540,NA,NA,ENSRNOP00000020307,NA,NA,ENSGALP00000043835,NA,NA,ENSXETP00000031275,NA,NA
ENSBTAP00000020787,22,5,ENSP00000253109,20,5,ENSPTRP00000017815,20,5,ENSMMUP00000050487,NA,NA,ENSGGOP00000015785,20,5,ENSMUSP00000035784,24,5,ENSRNOP00000027963,NA,NA,NULL,NA,NA,ENSXETP00000061758,NA,NA
ENSBTAP00000014829,23,8,ENSP00000303550,22,5,ENSPTRP00000027346,22,5,ENSMMUP00000022244,22,5,ENSGGOP00000006590,22,5,ENSMUSP00000073244,25,5,ENSRNOP00000030763,NA,NA,ENSGALP00000024170,NA,NA,ENSXETP00000061408,NA,NA
ENSBTAP00000035396,36,5,ENSP00000302150,28,5,ENSPTRP00000030340,28,5,ENSMMUP00000047828,NA,NA,ENSGGOP00000001345,29,5,ENSMUSP00000053446,29,5,ENSRNOP00000022251,NA,NA,ENSGALP00000020651,NA,NA,ENSXETP00000050804,NA,NA
ENSBTAP00000011795,24,5,ENSP00000259951,21,5,ENSPTRP00000055208,24,5,ENSMMUP00000059702,NA,NA,ENSGGOP00000018173,NA,NA,NULL,NA,NA,NULL,NA,NA,ENSGALP00000058295,NA,NA,ENSXETP00000038903,NA,NA
ENSBTAP00000010787,13,7,ENSP00000466134,14,5,ENSPTRP00000017915,14,5,ENSMMUP00000003116,14,5,ENSGGOP00000008437,14,5,ENSMUSP00000110987,14,8,ENSRNOP00000018009,13,7,NULL,NA,NA,ENSXETP00000059601,18,6
ENSBTAP00000025389,26,5,ENSP00000484631,26,5,ENSPTRP00000014987,26,5,ENSMMUP00000035182,26,5,ENSGGOP00000003098,26,5,ENSMUSP00000104342,26,5,ENSRNOP00000069909,26,5,ENSGALP00000050837,NA,NA,ENSXETP00000042337,NA,NA
ENSBTAP00000011585,27,6,ENSP00000302046,23,6,ENSPTRP00000010358,23,6,ENSMMUP00000002223,23,6,ENSGGOP00000027666,23,6,ENSMUSP00000093613,25,5,ENSRNOP00000031392,26,5,ENSGALP00000031533,NA,NA,NULL,NA,NA
ENSBTAP00000007452,25,10,ENSP00000437790,34,7,ENSPTRP00000023342,34,8,ENSMMUP00000005970,NA,NA,ENSGGOP00000016884,NA,NA,ENSMUSP00000066864,NA,NA,ENSRNOP00000025150,33,7,ENSGALP00000011656,NA,NA,ENSXETP00000019011,NA,NA
ENSBTAP00000023313,24,7,ENSP00000244043,24,7,ENSPTRP00000052044,20,7,ENSMMUP00000028563,24,7,NULL,NA,NA,ENSMUSP00000018113,25,8,ENSRNOP00000074093,25,8,NULL,NA,NA,ENSXETP00000003703,NA,NA
ENSBTAP00000021009,25,7,ENSP00000247153,27,5,ENSPTRP00000037513,27,5,ENSMMUP00000041095,27,5,ENSGGOP00000008516,27,5,ENSMUSP00000001156,23,5,ENSRNOP00000031039,23,6,NULL,NA,NA,ENSXETP00000056738,NA,NA
ENSBTAP00000025208,36,5,ENSP00000302150,28,5,ENSPTRP00000030340,28,5,ENSMMUP00000047828,NA,NA,ENSGGOP00000001345,29,5,ENSMUSP00000053446,29,5,ENSRNOP00000022251,NA,NA,ENSGALP00000020651,NA,NA,ENSXETP00000050804,NA,NA
ENSBTAP00000029826,27,5,ENSP00000306099,30,6,ENSPTRP00000028385,30,6,ENSMMUP00000028060,35,6,ENSGGOP00000013703,30,6,ENSMUSP00000039472,19,5,ENSRNOP00000009813,NA,NA,ENSGALP00000038105,16,7,ENSXETP00000048547,NA,NA
ENSBTAP00000019316,28,5,ENSP00000386450,NA,NA,ENSPTRP00000061273,NA,NA,ENSMMUP00000045807,NA,NA,ENSGGOP00000007818,NA,NA,ENSMUSP00000031900,30,7,ENSRNOP00000030740,NA,NA,NULL,NA,NA,NULL,NA,NA
ENSBTAP00000002786,23,5,ENSP00000344192,23,5,ENSPTRP00000031222,23,5,ENSMMUP00000009714,23,6,ENSGGOP00000009506,23,5,ENSMUSP00000027061,25,5,ENSRNOP00000016664,25,5,ENSGALP00000026861,NA,NA,ENSXETP00000056440,NA,NA
ENSBTAP00000050885,27,6,ENSP00000303634,32,11,ENSPTRP00000001294,29,8,ENSMMUP00000009997,29,8,ENSGGOP00000003962,NA,NA,ENSMUSP00000102343,27,7,ENSRNOP00000017575,31,10,ENSGALP00000017370,NA,NA,ENSXETP00000017690,NA,NA
ENSBTAP00000025803,26,6,ENSP00000295666,26,6,ENSPTRP00000027670,26,6,ENSMMUP00000018411,26,6,ENSGGOP00000015851,26,6,ENSMUSP00000128318,26,6,ENSRNOP00000002809,25,6,ENSGALP00000044716,NA,NA,NULL,NA,NA
ENSBTAP00000027836,30,5,ENSP00000383894,28,5,ENSPTRP00000020087,28,5,ENSMMUP00000002108,5,125,ENSGGOP00000009570,NA,NA,ENSMUSP00000020899,27,5,ENSRNOP00000070640,29,5,ENSGALP00000036079,NA,NA,ENSXETP00000017554,NA,NA
ENSBTAP00000020170,28,7,ENSP00000263093,21,9,ENSPTRP00000019940,21,9,ENSMMUP00000023495,21,9,NULL,NA,NA,ENSMUSP00000032539,20,8,ENSRNOP00000026574,NA,NA,ENSGALP00000051180,NA,NA,NULL,NA,NA
ENSBTAP00000032900,21,5,ENSP00000375914,NA,NA,ENSPTRP00000045773,NA,NA,ENSMMUP00000000975,NA,NA,ENSGGOP00000000712,NA,NA,ENSMUSP00000137770,21,5,ENSRNOP00000070041,21,5,ENSGALP00000007935,24,5,ENSXETP00000043382,NA,NA
ENSBTAP00000020313,30,5,ENSP00000302150,28,5,ENSPTRP00000030340,28,5,ENSMMUP00000047828,NA,NA,ENSGGOP00000001345,29,5,NULL,NA,NA,NULL,NA,NA,ENSGALP00000020651,NA,NA,ENSXETP00000050804,NA,NA
ENSBTAP00000004926,25,5,ENSP00000383558,26,8,ENSPTRP00000056951,26,8,ENSMMUP00000000352,26,8,ENSGGOP00000017426,26,8,ENSMUSP00000026119,27,6,ENSRNOP00000051845,27,5,ENSGALP00000018272,21,6,ENSXETP00000011944,NA,NA
ENSBTAP00000040914,31,8,ENSP00000362734,28,5,ENSPTRP00000041706,28,5,ENSMMUP00000008370,31,8,ENSGGOP00000025205,NA,NA,ENSMUSP00000058007,35,13,ENSRNOP00000035420,32,10,ENSGALP00000037962,NA,NA,ENSXETP00000016534,NA,NA
ENSBTAP00000012643,30,7,ENSP00000432869,32,8,NULL,NA,NA,ENSMMUP00000003510,32,8,ENSGGOP00000002263,32,8,ENSMUSP00000135400,24,7,ENSRNOP00000041797,23,7,ENSGALP00000037568,NA,NA,ENSXETP00000002246,NA,NA
ENSBTAP00000026334,17,5,ENSP00000226578,19,5,ENSPTRP00000028038,19,5,ENSMMUP00000044025,NA,NA,ENSGGOP00000009523,19,5,ENSMUSP00000029814,NA,NA,ENSRNOP00000072765,NA,NA,ENSGALP00000020088,NA,NA,ENSXETP00000004782,NA,NA
ENSBTAP00000044507,25,5,ENSP00000402505,NA,NA,NULL,NA,NA,ENSMMUP00000022693,25,6,NULL,NA,NA,NULL,NA,NA,NULL,NA,NA,ENSGALP00000005928,NA,NA,ENSXETP00000059857,NA,NA
ENSBTAP00000013292,28,5,ENSP00000364140,NA,NA,ENSPTRP00000049148,NA,NA,ENSMMUP00000015217,NA,NA,ENSGGOP00000001010,NA,NA,ENSMUSP00000099981,NA,NA,ENSRNOP00000069309,NA,NA,ENSGALP00000049394,NA,NA,NULL,NA,NA
ENSBTAP00000025189,20,6,ENSP00000312273,19,5,ENSPTRP00000018540,19,5,ENSMMUP00000029139,NA,NA,ENSGGOP00000021010,27,5,ENSMUSP00000041579,NA,NA,ENSRNOP00000028632,NA,NA,NULL,NA,NA,NULL,NA,NA
ENSBTAP00000040572,21,5,ENSP00000363603,27,6,ENSPTRP00000000591,27,6,ENSMMUP00000005638,29,8,ENSGGOP00000006589,27,5,ENSMUSP00000030434,15,8,ENSRNOP00000012455,25,5,ENSGALP00000006529,NA,NA,ENSXETP00000060749,NA,NA
ENSBTAP00000025815,36,6,ENSP00000485276,43,7,ENSPTRP00000024260,43,7,ENSMMUP00000022588,NA,NA,ENSGGOP00000025770,NA,NA,ENSMUSP00000012161,35,5,ENSRNOP00000000313,35,5,ENSGALP00000045541,NA,NA,ENSXETP00000046821,NA,NA
ENSBTAP00000037042,17,5,ENSP00000292401,20,5,ENSPTRP00000033312,20,5,ENSMMUP00000029608,NA,NA,ENSGGOP00000018454,17,5,ENSMUSP00000038559,NA,NA,ENSRNOP00000001801,NA,NA,ENSGALP00000058295,NA,NA,ENSXETP00000038903,NA,NA
ENSBTAP00000009575,23,7,ENSP00000357909,24,8,ENSPTRP00000002167,24,8,ENSMMUP00000010045,24,8,ENSGGOP00000021928,24,8,ENSMUSP00000088333,25,8,ENSRNOP00000050221,23,7,NULL,NA,NA,ENSXETP00000012836,NA,NA
ENSBTAP00000037841,24,9,ENSP00000271064,21,5,ENSPTRP00000052583,21,5,ENSMMUP00000046743,NA,NA,ENSGGOP00000018594,21,5,ENSMUSP00000101620,21,6,ENSRNOP00000071970,21,6,ENSGALP00000028353,NA,NA,ENSXETP00000038292,NA,NA
ENSBTAP00000020219,22,5,ENSP00000269228,22,6,ENSPTRP00000016869,22,6,ENSMMUP00000028303,29,6,ENSGGOP00000028237,33,6,ENSMUSP00000025279,22,6,ENSRNOP00000016167,23,7,ENSGALP00000024194,31,5,ENSXETP00000037451,NA,NA
ENSBTAP00000014587,22,5,ENSP00000310832,NA,NA,ENSPTRP00000006773,NA,NA,ENSMMUP00000003356,NA,NA,ENSGGOP00000015615,NA,NA,ENSMUSP00000112481,NA,NA,ENSRNOP00000026718,NA,NA,NULL,NA,NA,ENSXETP00000059094,NA,NA
ENSBTAP00000038676,17,5,ENSP00000374917,15,7,ENSPTRP00000049365,35,7,ENSMMUP00000050544,NA,NA,NULL,NA,NA,ENSMUSP00000100093,15,7,NULL,NA,NA,NULL,NA,NA,NULL,NA,NA
ENSBTAP00000054316,39,5,ENSP00000327608,NA,NA,ENSPTRP00000056841,NA,NA,ENSMMUP00000005082,NA,NA,ENSGGOP00000011333,NA,NA,ENSMUSP00000093097,NA,NA,ENSRNOP00000057537,NA,NA,ENSGALP00000057680,NA,NA,ENSXETP00000008012,NA,NA
ENSBTAP00000035741,23,5,ENSP00000259951,21,5,ENSPTRP00000055208,24,5,ENSMMUP00000059702,NA,NA,ENSGGOP00000018173,NA,NA,NULL,NA,NA,NULL,NA,NA,ENSGALP00000058295,NA,NA,ENSXETP00000038903,NA,NA
ENSBTAP00000008376,27,5,ENSP00000430945,30,8,ENSPTRP00000035283,29,7,ENSMMUP00000026131,30,8,ENSGGOP00000027950,NA,NA,ENSMUSP00000046097,33,8,NULL,NA,NA,ENSGALP00000045062,NA,NA,ENSXETP00000041517,NA,NA
ENSBTAP00000002045,31,7,ENSP00000261758,33,8,ENSPTRP00000012588,33,8,ENSMMUP00000012314,33,8,ENSGGOP00000027449,32,7,ENSMUSP00000091768,NA,NA,ENSRNOP00000052447,NA,NA,ENSGALP00000041764,NA,NA,ENSXETP00000028443,NA,NA
ENSBTAP00000013619,23,6,ENSP00000342114,NA,NA,ENSPTRP00000054779,NA,NA,ENSMMUP00000012237,NA,NA,ENSGGOP00000005856,NA,NA,ENSMUSP00000001040,NA,NA,ENSRNOP00000060742,NA,NA,NULL,NA,NA,ENSXETP00000047755,NA,NA
ENSBTAP00000020110,27,9,ENSP00000270593,28,7,ENSPTRP00000019503,NA,NA,ENSMMUP00000004777,28,9,ENSGGOP00000026007,NA,NA,ENSMUSP00000112922,27,9,ENSRNOP00000075674,NA,NA,NULL,NA,NA,ENSXETP00000000597,NA,NA
ENSBTAP00000048478,42,5,ENSP00000361735,NA,NA,ENSPTRP00000023280,NA,NA,NULL,NA,NA,ENSGGOP00000006381,NA,NA,ENSMUSP00000104963,NA,NA,ENSRNOP00000052034,NA,NA,NULL,NA,NA,NULL,NA,NA
ENSBTAP00000006958,24,5,ENSP00000274721,31,5,ENSPTRP00000029554,31,5,ENSMMUP00000017457,36,10,ENSGGOP00000017064,32,6,ENSMUSP00000025224,NA,NA,ENSRNOP00000027544,NA,NA,ENSGALP00000012311,NA,NA,ENSXETP00000014682,NA,NA
ENSBTAP00000027416,30,13,ENSP00000429969,31,7,ENSPTRP00000005841,26,5,ENSMMUP00000058707,NA,NA,ENSGGOP00000024009,NA,NA,ENSMUSP00000102340,27,8,ENSRNOP00000069415,31,9,ENSGALP00000047342,NA,NA,ENSXETP00000009635,NA,NA
ENSBTAP00000055273,26,5,ENSP00000306864,23,5,ENSPTRP00000053783,23,5,ENSMMUP00000061074,NA,NA,ENSGGOP00000019138,23,5,ENSMUSP00000045162,24,6,ENSRNOP00000005490,24,6,ENSGALP00000012650,23,7,ENSXETP00000037686,NA,NA
ENSBTAP00000006372,39,7,ENSP00000362682,NA,NA,ENSPTRP00000036501,NA,NA,ENSMMUP00000014645,27,10,ENSGGOP00000004026,NA,NA,ENSMUSP00000058761,NA,NA,ENSRNOP00000018852,NA,NA,ENSGALP00000001568,NA,NA,ENSXETP00000018762,NA,NA
ENSBTAP00000000081,36,8,ENSP00000421922,30,6,ENSPTRP00000027332,30,6,ENSMMUP00000030409,NA,NA,ENSGGOP00000003337,30,6,ENSMUSP00000030986,NA,NA,ENSRNOP00000012665,NA,NA,ENSGALP00000025125,NA,NA,ENSXETP00000012093,NA,NA
ENSBTAP00000016040,29,6,ENSP00000331544,NA,NA,ENSPTRP00000024985,NA,NA,ENSMMUP00000012090,NA,NA,ENSGGOP00000001698,NA,NA,ENSMUSP00000054583,NA,NA,ENSRNOP00000046622,NA,NA,ENSGALP00000022972,25,6,ENSXETP00000006673,NA,NA
ENSBTAP00000018261,45,6,ENSP00000293379,41,6,ENSPTRP00000008580,41,6,ENSMMUP00000005008,41,6,ENSGGOP00000000711,41,6,ENSMUSP00000023128,44,5,ENSRNOP00000071805,NA,NA,ENSGALP00000055432,NA,NA,ENSXETP00000046000,NA,NA
ENSBTAP00000017511,30,5,ENSP00000348912,27,10,ENSPTRP00000039913,28,10,ENSMMUP00000037566,29,9,ENSGGOP00000016554,28,10,ENSMUSP00000105861,NA,NA,ENSRNOP00000040646,28,8,ENSGALP00000044183,NA,NA,ENSXETP00000005550,NA,NA
ENSBTAP00000051229,18,5,ENSP00000450838,20,5,ENSPTRP00000011391,20,5,ENSMMUP00000046566,NA,NA,ENSGGOP00000016583,20,5,NULL,NA,NA,ENSRNOP00000013045,20,5,ENSGALP00000017843,NA,NA,ENSXETP00000050399,NA,NA
ENSBTAP00000052910,38,5,ENSP00000361735,NA,NA,ENSPTRP00000023280,NA,NA,NULL,NA,NA,ENSGGOP00000006381,NA,NA,ENSMUSP00000104963,NA,NA,ENSRNOP00000052034,NA,NA,NULL,NA,NA,NULL,NA,NA
ENSBTAP00000020194,23,5,ENSP00000280258,NA,NA,ENSPTRP00000007132,NA,NA,ENSMMUP00000004958,NA,NA,ENSGGOP00000005669,NA,NA,ENSMUSP00000045191,NA,NA,ENSRNOP00000068962,NA,NA,ENSGALP00000027822,NA,NA,ENSXETP00000022902,NA,NA
