ENSGALP00000038479,18,11,NULL,NA,NA,NULL,NA,NA,NULL,NA,NA,NULL,NA,NA,NULL,NA,NA,NULL,NA,NA,NULL,NA,NA,NULL,NA,NA
ENSGALP00000045442,NA,NA,ENSP00000330601,NA,NA,ENSPTRP00000011443,NA,NA,ENSMMUP00000000133,NA,NA,ENSGGOP00000026333,NA,NA,ENSMUSP00000021685,NA,NA,ENSRNOP00000038254,NA,NA,ENSBTAP00000013614,NA,NA,ENSXETP00000058423,NA,NA
ENSGALP00000045442,NA,NA,ENSP00000330601,NA,NA,ENSPTRP00000011443,NA,NA,ENSMMUP00000000133,NA,NA,ENSGGOP00000026333,NA,NA,ENSMUSP00000021685,NA,NA,ENSRNOP00000038254,NA,NA,ENSBTAP00000013614,NA,NA,ENSXETP00000058423,NA,NA
ENSGALP00000013432,29,5,ENSP00000378340,NA,NA,ENSPTRP00000047139,NA,NA,ENSMMUP00000009457,NA,NA,ENSGGOP00000002933,NA,NA,ENSMUSP00000098765,NA,NA,ENSRNOP00000073623,NA,NA,ENSBTAP00000018292,NA,NA,ENSXETP00000003225,NA,NA
ENSGALP00000045442,NA,NA,ENSP00000330601,NA,NA,ENSPTRP00000011443,NA,NA,ENSMMUP00000000133,NA,NA,ENSGGOP00000026333,NA,NA,ENSMUSP00000021685,NA,NA,ENSRNOP00000038254,NA,NA,ENSBTAP00000013614,NA,NA,ENSXETP00000058423,NA,NA
ENSGALP00000045442,NA,NA,ENSP00000330601,NA,NA,ENSPTRP00000011443,NA,NA,ENSMMUP00000000133,NA,NA,ENSGGOP00000026333,NA,NA,ENSMUSP00000021685,NA,NA,ENSRNOP00000038254,NA,NA,ENSBTAP00000013614,NA,NA,ENSXETP00000058423,NA,NA
ENSGALP00000004833,17,5,ENSP00000258383,NA,NA,ENSPTRP00000022181,NA,NA,ENSMMUP00000008101,NA,NA,ENSGGOP00000013858,NA,NA,ENSMUSP00000027464,NA,NA,ENSRNOP00000020420,NA,NA,ENSBTAP00000015301,NA,NA,ENSXETP00000032358,NA,NA
ENSGALP00000003607,26,7,ENSP00000380901,21,6,ENSPTRP00000001752,21,6,ENSMMUP00000015782,27,6,ENSGGOP00000003705,21,6,ENSMUSP00000070270,24,6,ENSRNOP00000014388,24,6,ENSBTAP00000013427,29,7,ENSXETP00000009543,NA,NA
ENSGALP00000045442,NA,NA,ENSP00000330601,NA,NA,ENSPTRP00000011443,NA,NA,ENSMMUP00000000133,NA,NA,ENSGGOP00000026333,NA,NA,ENSMUSP00000021685,NA,NA,ENSRNOP00000038254,NA,NA,ENSBTAP00000013614,NA,NA,ENSXETP00000058423,NA,NA
ENSGALP00000045442,NA,NA,ENSP00000330601,NA,NA,ENSPTRP00000011443,NA,NA,ENSMMUP00000000133,NA,NA,ENSGGOP00000026333,NA,NA,ENSMUSP00000021685,NA,NA,ENSRNOP00000038254,NA,NA,ENSBTAP00000013614,NA,NA,ENSXETP00000058423,NA,NA
ENSGALP00000010593,23,6,ENSP00000381104,NA,NA,ENSPTRP00000022927,NA,NA,ENSMMUP00000037693,NA,NA,ENSGGOP00000010295,NA,NA,ENSMUSP00000086422,NA,NA,ENSRNOP00000062975,NA,NA,ENSBTAP00000001344,NA,NA,ENSXETP00000060798,NA,NA
ENSGALP00000014571,19,5,ENSP00000263735,NA,NA,ENSPTRP00000051989,NA,NA,ENSMMUP00000048687,NA,NA,ENSGGOP00000017631,NA,NA,ENSMUSP00000061935,NA,NA,ENSRNOP00000021135,NA,NA,ENSBTAP00000008487,NA,NA,ENSXETP00000062813,NA,NA
ENSGALP00000043323,23,5,ENSP00000264005,NA,NA,ENSPTRP00000014085,NA,NA,NULL,NA,NA,NULL,NA,NA,ENSMUSP00000038232,NA,NA,ENSRNOP00000026583,NA,NA,ENSBTAP00000024018,NA,NA,ENSXETP00000006701,NA,NA
ENSGALP00000022244,46,5,ENSP00000344331,NA,NA,ENSPTRP00000017182,NA,NA,ENSMMUP00000020617,NA,NA,ENSGGOP00000015671,NA,NA,ENSMUSP00000057697,NA,NA,ENSRNOP00000020858,NA,NA,ENSBTAP00000000115,NA,NA,ENSXETP00000050839,NA,NA
ENSGALP00000017539,25,6,ENSP00000360316,NA,NA,ENSPTRP00000001349,NA,NA,ENSMMUP00000028412,NA,NA,ENSGGOP00000010590,NA,NA,ENSMUSP00000038063,NA,NA,ENSRNOP00000009402,NA,NA,ENSBTAP00000006153,NA,NA,ENSXETP00000063122,NA,NA
ENSGALP00000018272,21,6,ENSP00000383558,26,8,ENSPTRP00000056951,26,8,ENSMMUP00000000352,26,8,ENSGGOP00000017426,26,8,ENSMUSP00000026119,27,6,ENSRNOP00000051845,27,5,ENSBTAP00000004926,25,5,ENSXETP00000011944,NA,NA
ENSGALP00000026550,19,8,ENSP00000233242,27,6,ENSPTRP00000052150,26,5,ENSMMUP00000048701,NA,NA,ENSGGOP00000020316,NA,NA,ENSMUSP00000036044,NA,NA,ENSRNOP00000039779,NA,NA,ENSBTAP00000038799,22,7,ENSXETP00000019543,NA,NA
ENSGALP00000023347,18,7,ENSP00000478600,20,7,ENSPTRP00000007845,NA,NA,ENSMMUP00000040321,20,7,ENSGGOP00000019209,20,7,ENSMUSP00000023958,19,7,ENSRNOP00000021578,NA,NA,ENSBTAP00000037562,NA,NA,ENSXETP00000025255,NA,NA
ENSGALP00000027494,35,5,ENSP00000239891,NA,NA,ENSPTRP00000009856,NA,NA,ENSMMUP00000057490,NA,NA,ENSGGOP00000003044,NA,NA,ENSMUSP00000035879,NA,NA,ENSRNOP00000068790,NA,NA,ENSBTAP00000015727,NA,NA,ENSXETP00000003812,NA,NA
ENSGALP00000045442,NA,NA,ENSP00000330601,NA,NA,ENSPTRP00000011443,NA,NA,ENSMMUP00000000133,NA,NA,ENSGGOP00000026333,NA,NA,ENSMUSP00000021685,NA,NA,ENSRNOP00000038254,NA,NA,ENSBTAP00000013614,NA,NA,ENSXETP00000058423,NA,NA
ENSGALP00000038525,24,7,NULL,NA,NA,NULL,NA,NA,NULL,NA,NA,NULL,NA,NA,NULL,NA,NA,NULL,NA,NA,NULL,NA,NA,ENSXETP00000060057,NA,NA
ENSGALP00000045442,NA,NA,ENSP00000330601,NA,NA,ENSPTRP00000011443,NA,NA,ENSMMUP00000000133,NA,NA,ENSGGOP00000026333,NA,NA,ENSMUSP00000021685,NA,NA,ENSRNOP00000038254,NA,NA,ENSBTAP00000013614,NA,NA,ENSXETP00000058423,NA,NA
ENSGALP00000031458,33,6,ENSP00000264228,NA,NA,ENSPTRP00000027640,NA,NA,ENSMMUP00000013221,NA,NA,ENSGGOP00000010011,NA,NA,ENSMUSP00000031143,NA,NA,ENSRNOP00000069749,NA,NA,ENSBTAP00000019855,NA,NA,ENSXETP00000045522,NA,NA
ENSGALP00000004738,28,6,ENSP00000351671,NA,NA,ENSPTRP00000044367,NA,NA,ENSMMUP00000017423,NA,NA,ENSGGOP00000022617,NA,NA,ENSMUSP00000109064,NA,NA,ENSRNOP00000021730,NA,NA,ENSBTAP00000028430,NA,NA,NULL,NA,NA
ENSGALP00000041684,18,5,ENSP00000426809,NA,NA,ENSPTRP00000027438,NA,NA,ENSMMUP00000035407,NA,NA,ENSGGOP00000015748,NA,NA,ENSMUSP00000073751,NA,NA,ENSRNOP00000069832,NA,NA,ENSBTAP00000018252,NA,NA,ENSXETP00000053122,NA,NA
ENSGALP00000045442,NA,NA,ENSP00000330601,NA,NA,ENSPTRP00000011443,NA,NA,ENSMMUP00000000133,NA,NA,ENSGGOP00000026333,NA,NA,ENSMUSP00000021685,NA,NA,ENSRNOP00000038254,NA,NA,ENSBTAP00000013614,NA,NA,ENSXETP00000058423,NA,NA
ENSGALP00000045442,NA,NA,ENSP00000330601,NA,NA,ENSPTRP00000011443,NA,NA,ENSMMUP00000000133,NA,NA,ENSGGOP00000026333,NA,NA,ENSMUSP00000021685,NA,NA,ENSRNOP00000038254,NA,NA,ENSBTAP00000013614,NA,NA,ENSXETP00000058423,NA,NA
ENSGALP00000045442,NA,NA,ENSP00000330601,NA,NA,ENSPTRP00000011443,NA,NA,ENSMMUP00000000133,NA,NA,ENSGGOP00000026333,NA,NA,ENSMUSP00000021685,NA,NA,ENSRNOP00000038254,NA,NA,ENSBTAP00000013614,NA,NA,ENSXETP00000058423,NA,NA
ENSGALP00000013771,24,5,ENSP00000363708,NA,NA,ENSPTRP00000048858,NA,NA,ENSMMUP00000015715,NA,NA,ENSGGOP00000017238,NA,NA,ENSMUSP00000084701,NA,NA,ENSRNOP00000037011,NA,NA,ENSBTAP00000008419,NA,NA,ENSXETP00000047768,NA,NA
ENSGALP00000035729,24,6,ENSP00000366416,NA,NA,ENSPTRP00000010112,NA,NA,ENSMMUP00000051513,NA,NA,ENSGGOP00000014067,NA,NA,ENSMUSP00000126057,NA,NA,ENSRNOP00000014747,NA,NA,ENSBTAP00000006979,NA,NA,ENSXETP00000033726,NA,NA
ENSGALP00000013793,39,8,ENSP00000317128,46,7,ENSPTRP00000026498,NA,NA,ENSMMUP00000004104,NA,NA,ENSGGOP00000000725,46,7,ENSMUSP00000015511,48,5,ENSRNOP00000033101,NA,NA,ENSBTAP00000002375,NA,NA,ENSXETP00000003091,NA,NA
ENSGALP00000008947,25,5,ENSP00000359224,NA,NA,ENSPTRP00000001689,NA,NA,NULL,NA,NA,ENSGGOP00000004735,NA,NA,ENSMUSP00000038387,NA,NA,ENSRNOP00000015355,NA,NA,ENSBTAP00000005796,NA,NA,NULL,NA,NA
ENSGALP00000022934,31,6,ENSP00000295452,NA,NA,ENSPTRP00000027573,NA,NA,ENSMMUP00000016844,NA,NA,ENSGGOP00000016101,NA,NA,ENSMUSP00000031119,NA,NA,ENSRNOP00000003240,NA,NA,ENSBTAP00000016309,NA,NA,NULL,NA,NA
ENSGALP00000045442,NA,NA,ENSP00000330601,NA,NA,ENSPTRP00000011443,NA,NA,ENSMMUP00000000133,NA,NA,ENSGGOP00000026333,NA,NA,ENSMUSP00000021685,NA,NA,ENSRNOP00000038254,NA,NA,ENSBTAP00000013614,NA,NA,ENSXETP00000058423,NA,NA
ENSGALP00000040060,53,12,ENSP00000290015,NA,NA,ENSPTRP00000059920,NA,NA,ENSMMUP00000027395,NA,NA,ENSGGOP00000028255,NA,NA,ENSMUSP00000018630,NA,NA,ENSRNOP00000005074,NA,NA,ENSBTAP00000003449,NA,NA,ENSXETP00000053856,NA,NA
ENSGALP00000045442,NA,NA,ENSP00000330601,NA,NA,ENSPTRP00000011443,NA,NA,ENSMMUP00000000133,NA,NA,ENSGGOP00000026333,NA,NA,ENSMUSP00000021685,NA,NA,ENSRNOP00000038254,NA,NA,ENSBTAP00000013614,NA,NA,ENSXETP00000058423,NA,NA
ENSGALP00000045442,NA,NA,ENSP00000330601,NA,NA,ENSPTRP00000011443,NA,NA,ENSMMUP00000000133,NA,NA,ENSGGOP00000026333,NA,NA,ENSMUSP00000021685,NA,NA,ENSRNOP00000038254,NA,NA,ENSBTAP00000013614,NA,NA,ENSXETP00000058423,NA,NA
ENSGALP00000001136,28,5,ENSP00000266031,NA,NA,ENSPTRP00000025815,NA,NA,ENSMMUP00000026493,NA,NA,ENSGGOP00000006935,NA,NA,ENSMUSP00000010195,NA,NA,ENSRNOP00000021408,NA,NA,ENSBTAP00000000611,NA,NA,ENSXETP00000015964,NA,NA
ENSGALP00000045442,NA,NA,ENSP00000330601,NA,NA,ENSPTRP00000011443,NA,NA,ENSMMUP00000000133,NA,NA,ENSGGOP00000026333,NA,NA,ENSMUSP00000021685,NA,NA,ENSRNOP00000038254,NA,NA,ENSBTAP00000013614,NA,NA,ENSXETP00000058423,NA,NA
ENSGALP00000012489,22,9,ENSP00000321005,NA,NA,ENSPTRP00000053093,NA,NA,ENSMMUP00000048158,NA,NA,ENSGGOP00000008824,NA,NA,ENSMUSP00000102782,NA,NA,ENSRNOP00000064138,NA,NA,ENSBTAP00000009774,NA,NA,ENSXETP00000011558,NA,NA
ENSGALP00000013946,27,6,ENSP00000408411,NA,NA,NULL,NA,NA,ENSMMUP00000001978,NA,NA,ENSGGOP00000000547,NA,NA,ENSMUSP00000074448,NA,NA,ENSRNOP00000000177,NA,NA,ENSBTAP00000054262,NA,NA,ENSXETP00000009709,NA,NA
ENSGALP00000045442,NA,NA,ENSP00000330601,NA,NA,ENSPTRP00000011443,NA,NA,ENSMMUP00000000133,NA,NA,ENSGGOP00000026333,NA,NA,ENSMUSP00000021685,NA,NA,ENSRNOP00000038254,NA,NA,ENSBTAP00000013614,NA,NA,ENSXETP00000058423,NA,NA
ENSGALP00000042531,24,6,ENSP00000478993,NA,NA,NULL,NA,NA,ENSMMUP00000044498,NA,NA,ENSGGOP00000006959,NA,NA,ENSMUSP00000061488,NA,NA,ENSRNOP00000033047,NA,NA,NULL,NA,NA,ENSXETP00000060216,NA,NA
ENSGALP00000009176,25,6,ENSP00000286301,19,5,ENSPTRP00000029749,19,5,ENSMMUP00000015165,19,5,ENSGGOP00000008739,19,5,ENSMUSP00000110923,NA,NA,ENSRNOP00000040411,NA,NA,ENSBTAP00000016977,NA,NA,ENSXETP00000061910,NA,NA
ENSGALP00000045442,NA,NA,ENSP00000330601,NA,NA,ENSPTRP00000011443,NA,NA,ENSMMUP00000000133,NA,NA,ENSGGOP00000026333,NA,NA,ENSMUSP00000021685,NA,NA,ENSRNOP00000038254,NA,NA,ENSBTAP00000013614,NA,NA,ENSXETP00000058423,NA,NA
ENSGALP00000000058,40,5,ENSP00000324763,19,5,NULL,NA,NA,ENSMMUP00000028924,NA,NA,ENSGGOP00000007720,29,5,ENSMUSP00000093141,NA,NA,ENSRNOP00000056900,NA,NA,ENSBTAP00000003547,19,5,ENSXETP00000043703,NA,NA
ENSGALP00000006751,24,5,ENSP00000328277,NA,NA,ENSPTRP00000005485,NA,NA,ENSMMUP00000046265,NA,NA,ENSGGOP00000003733,NA,NA,ENSMUSP00000039758,25,8,ENSRNOP00000069694,25,8,ENSBTAP00000034440,NA,NA,ENSXETP00000014673,NA,NA
ENSGALP00000016507,25,8,ENSP00000266674,NA,NA,ENSPTRP00000008874,NA,NA,ENSMMUP00000027557,NA,NA,ENSGGOP00000002850,NA,NA,ENSMUSP00000020350,NA,NA,ENSRNOP00000005814,NA,NA,ENSBTAP00000017631,NA,NA,ENSXETP00000060193,NA,NA
ENSGALP00000038687,25,6,NULL,NA,NA,NULL,NA,NA,NULL,NA,NA,NULL,NA,NA,NULL,NA,NA,NULL,NA,NA,NULL,NA,NA,NULL,NA,NA
ENSGALP00000045442,NA,NA,ENSP00000330601,NA,NA,ENSPTRP00000011443,NA,NA,ENSMMUP00000000133,NA,NA,ENSGGOP00000026333,NA,NA,ENSMUSP00000021685,NA,NA,ENSRNOP00000038254,NA,NA,ENSBTAP00000013614,NA,NA,ENSXETP00000058423,NA,NA
ENSGALP00000006612,26,5,ENSP00000345719,NA,NA,ENSPTRP00000039592,NA,NA,NULL,NA,NA,ENSGGOP00000013026,NA,NA,ENSMUSP00000028200,NA,NA,ENSRNOP00000063691,NA,NA,ENSBTAP00000027059,NA,NA,ENSXETP00000028059,NA,NA
ENSGALP00000025576,22,5,ENSP00000386559,NA,NA,ENSPTRP00000020853,NA,NA,ENSMMUP00000004695,NA,NA,ENSGGOP00000003948,NA,NA,ENSMUSP00000068123,NA,NA,ENSRNOP00000009516,NA,NA,ENSBTAP00000028175,NA,NA,ENSXETP00000004085,NA,NA
ENSGALP00000005904,24,5,ENSP00000346964,NA,NA,ENSPTRP00000028819,NA,NA,ENSMMUP00000022574,NA,NA,ENSGGOP00000004956,NA,NA,ENSMUSP00000094238,NA,NA,ENSRNOP00000016722,NA,NA,ENSBTAP00000026111,NA,NA,ENSXETP00000028969,NA,NA
ENSGALP00000038105,16,7,ENSP00000306099,30,6,ENSPTRP00000028385,30,6,ENSMMUP00000028060,35,6,ENSGGOP00000013703,30,6,ENSMUSP00000039472,19,5,ENSRNOP00000009813,NA,NA,ENSBTAP00000029826,27,5,ENSXETP00000048547,NA,NA
ENSGALP00000045442,NA,NA,ENSP00000330601,NA,NA,ENSPTRP00000011443,NA,NA,ENSMMUP00000000133,NA,NA,ENSGGOP00000026333,NA,NA,ENSMUSP00000021685,NA,NA,ENSRNOP00000038254,NA,NA,ENSBTAP00000013614,NA,NA,ENSXETP00000058423,NA,NA
ENSGALP00000045442,NA,NA,ENSP00000330601,NA,NA,ENSPTRP00000011443,NA,NA,ENSMMUP00000000133,NA,NA,ENSGGOP00000026333,NA,NA,ENSMUSP00000021685,NA,NA,ENSRNOP00000038254,NA,NA,ENSBTAP00000013614,NA,NA,ENSXETP00000058423,NA,NA
ENSGALP00000033787,24,7,NULL,NA,NA,NULL,NA,NA,NULL,NA,NA,NULL,NA,NA,NULL,NA,NA,NULL,NA,NA,NULL,NA,NA,ENSXETP00000060057,NA,NA
ENSGALP00000011488,32,5,ENSP00000228506,28,6,ENSPTRP00000009408,29,7,ENSMMUP00000000258,31,6,ENSGGOP00000007065,28,6,ENSMUSP00000107749,29,8,ENSRNOP00000071670,29,8,ENSBTAP00000026715,33,6,ENSXETP00000026811,NA,NA
ENSGALP00000007935,24,5,ENSP00000375914,NA,NA,ENSPTRP00000045773,NA,NA,ENSMMUP00000000975,NA,NA,ENSGGOP00000000712,NA,NA,ENSMUSP00000137770,21,5,ENSRNOP00000070041,21,5,ENSBTAP00000032900,21,5,ENSXETP00000043382,NA,NA
ENSGALP00000037451,19,6,ENSP00000321005,NA,NA,ENSPTRP00000053093,NA,NA,ENSMMUP00000048158,NA,NA,ENSGGOP00000008824,NA,NA,ENSMUSP00000102782,NA,NA,ENSRNOP00000064138,NA,NA,ENSBTAP00000009774,NA,NA,ENSXETP00000011558,NA,NA
ENSGALP00000039455,51,5,ENSP00000275560,NA,NA,ENSPTRP00000047910,NA,NA,NULL,NA,NA,ENSGGOP00000005334,NA,NA,ENSMUSP00000106782,NA,NA,ENSRNOP00000001953,NA,NA,ENSBTAP00000003928,NA,NA,ENSXETP00000061258,NA,NA
ENSGALP00000037602,23,5,ENSP00000332773,35,6,ENSPTRP00000012266,35,6,ENSMMUP00000028688,39,6,ENSGGOP00000025693,NA,NA,ENSMUSP00000034961,47,8,ENSRNOP00000039295,45,6,ENSBTAP00000045681,NA,NA,NULL,NA,NA
ENSGALP00000006039,23,5,ENSP00000237530,NA,NA,ENSPTRP00000054577,NA,NA,ENSMMUP00000037885,NA,NA,ENSGGOP00000028401,NA,NA,ENSMUSP00000112081,NA,NA,ENSRNOP00000063207,NA,NA,ENSBTAP00000051209,NA,NA,ENSXETP00000037714,NA,NA
ENSGALP00000042580,24,7,ENSP00000330808,NA,NA,ENSPTRP00000026825,NA,NA,ENSMMUP00000021284,NA,NA,ENSGGOP00000024571,NA,NA,ENSMUSP00000057607,NA,NA,ENSRNOP00000038377,NA,NA,ENSBTAP00000024606,NA,NA,ENSXETP00000018922,NA,NA
ENSGALP00000045442,NA,NA,ENSP00000330601,NA,NA,ENSPTRP00000011443,NA,NA,ENSMMUP00000000133,NA,NA,ENSGGOP00000026333,NA,NA,ENSMUSP00000021685,NA,NA,ENSRNOP00000038254,NA,NA,ENSBTAP00000013614,NA,NA,ENSXETP00000058423,NA,NA
ENSGALP00000001138,29,8,ENSP00000350911,19,6,ENSPTRP00000044896,19,6,ENSMMUP00000028439,17,6,ENSGGOP00000000776,19,6,ENSMUSP00000073072,18,7,ENSRNOP00000048353,19,8,NULL,NA,NA,ENSXETP00000013055,16,5
ENSGALP00000000495,25,5,ENSP00000290271,NA,NA,ENSPTRP00000034389,NA,NA,ENSMMUP00000054267,NA,NA,ENSGGOP00000027276,NA,NA,ENSMUSP00000014957,NA,NA,ENSRNOP00000020728,NA,NA,ENSBTAP00000002200,NA,NA,ENSXETP00000016945,NA,NA
ENSGALP00000045442,NA,NA,ENSP00000330601,NA,NA,ENSPTRP00000011443,NA,NA,ENSMMUP00000000133,NA,NA,ENSGGOP00000026333,NA,NA,ENSMUSP00000021685,NA,NA,ENSRNOP00000038254,NA,NA,ENSBTAP00000013614,NA,NA,ENSXETP00000058423,NA,NA
ENSGALP00000040201,24,5,ENSP00000265087,NA,NA,ENSPTRP00000029962,NA,NA,ENSMMUP00000019404,NA,NA,ENSGGOP00000013394,NA,NA,ENSMUSP00000020546,NA,NA,ENSRNOP00000028146,NA,NA,ENSBTAP00000002384,NA,NA,ENSXETP00000027832,NA,NA
ENSGALP00000045442,NA,NA,ENSP00000330601,NA,NA,ENSPTRP00000011443,NA,NA,ENSMMUP00000000133,NA,NA,ENSGGOP00000026333,NA,NA,ENSMUSP00000021685,NA,NA,ENSRNOP00000038254,NA,NA,ENSBTAP00000013614,NA,NA,ENSXETP00000058423,NA,NA
ENSGALP00000004756,16,5,ENSP00000383690,NA,NA,ENSPTRP00000000271,NA,NA,ENSMMUP00000009783,NA,NA,ENSGGOP00000019440,NA,NA,ENSMUSP00000049729,NA,NA,ENSRNOP00000016317,NA,NA,ENSBTAP00000017013,NA,NA,ENSXETP00000059522,NA,NA
ENSGALP00000045442,NA,NA,ENSP00000330601,NA,NA,ENSPTRP00000011443,NA,NA,ENSMMUP00000000133,NA,NA,ENSGGOP00000026333,NA,NA,ENSMUSP00000021685,NA,NA,ENSRNOP00000038254,NA,NA,ENSBTAP00000013614,NA,NA,ENSXETP00000058423,NA,NA
ENSGALP00000045442,NA,NA,ENSP00000330601,NA,NA,ENSPTRP00000011443,NA,NA,ENSMMUP00000000133,NA,NA,ENSGGOP00000026333,NA,NA,ENSMUSP00000021685,NA,NA,ENSRNOP00000038254,NA,NA,ENSBTAP00000013614,NA,NA,ENSXETP00000058423,NA,NA
ENSGALP00000001051,21,5,ENSP00000363001,NA,NA,ENSPTRP00000000736,NA,NA,ENSMMUP00000023899,NA,NA,ENSGGOP00000014552,NA,NA,ENSMUSP00000030709,NA,NA,ENSRNOP00000062762,NA,NA,ENSBTAP00000017279,NA,NA,ENSXETP00000028163,NA,NA
ENSGALP00000016244,20,5,ENSP00000315011,NA,NA,ENSPTRP00000028311,NA,NA,ENSMMUP00000034731,NA,NA,ENSGGOP00000000610,NA,NA,ENSMUSP00000034029,NA,NA,ENSRNOP00000054967,NA,NA,ENSBTAP00000018173,NA,NA,ENSXETP00000015470,NA,NA
ENSGALP00000013669,26,8,ENSP00000262120,NA,NA,ENSPTRP00000016778,NA,NA,NULL,NA,NA,ENSGGOP00000004348,NA,NA,ENSMUSP00000024906,NA,NA,ENSRNOP00000017915,NA,NA,ENSBTAP00000002361,NA,NA,ENSXETP00000008756,NA,NA
ENSGALP00000000502,28,5,ENSP00000488912,NA,NA,ENSPTRP00000059617,NA,NA,ENSMMUP00000055825,NA,NA,ENSGGOP00000011185,NA,NA,ENSMUSP00000091455,NA,NA,ENSRNOP00000006764,NA,NA,ENSBTAP00000003567,NA,NA,ENSXETP00000011623,NA,NA
ENSGALP00000045442,NA,NA,ENSP00000330601,NA,NA,ENSPTRP00000011443,NA,NA,ENSMMUP00000000133,NA,NA,ENSGGOP00000026333,NA,NA,ENSMUSP00000021685,NA,NA,ENSRNOP00000038254,NA,NA,ENSBTAP00000013614,NA,NA,ENSXETP00000058423,NA,NA
ENSGALP00000045442,NA,NA,ENSP00000330601,NA,NA,ENSPTRP00000011443,NA,NA,ENSMMUP00000000133,NA,NA,ENSGGOP00000026333,NA,NA,ENSMUSP00000021685,NA,NA,ENSRNOP00000038254,NA,NA,ENSBTAP00000013614,NA,NA,ENSXETP00000058423,NA,NA
ENSGALP00000013607,21,5,ENSP00000385451,NA,NA,NULL,NA,NA,ENSMMUP00000042237,NA,NA,NULL,NA,NA,ENSMUSP00000028672,NA,NA,ENSRNOP00000036207,NA,NA,ENSBTAP00000010178,NA,NA,ENSXETP00000004204,NA,NA
ENSGALP00000014314,24,6,ENSP00000359699,NA,NA,ENSPTRP00000001556,NA,NA,ENSMMUP00000000542,NA,NA,ENSGGOP00000007789,NA,NA,ENSMUSP00000142872,NA,NA,ENSRNOP00000021861,NA,NA,ENSBTAP00000013784,NA,NA,ENSXETP00000003008,NA,NA
ENSGALP00000045442,NA,NA,ENSP00000330601,NA,NA,ENSPTRP00000011443,NA,NA,ENSMMUP00000000133,NA,NA,ENSGGOP00000026333,NA,NA,ENSMUSP00000021685,NA,NA,ENSRNOP00000038254,NA,NA,ENSBTAP00000013614,NA,NA,ENSXETP00000058423,NA,NA
ENSGALP00000045442,NA,NA,ENSP00000330601,NA,NA,ENSPTRP00000011443,NA,NA,ENSMMUP00000000133,NA,NA,ENSGGOP00000026333,NA,NA,ENSMUSP00000021685,NA,NA,ENSRNOP00000038254,NA,NA,ENSBTAP00000013614,NA,NA,ENSXETP00000058423,NA,NA
ENSGALP00000003295,26,5,ENSP00000362195,NA,NA,ENSPTRP00000000960,NA,NA,ENSMMUP00000026897,NA,NA,ENSGGOP00000013244,NA,NA,ENSMUSP00000101768,NA,NA,ENSRNOP00000011694,NA,NA,ENSBTAP00000017732,NA,NA,ENSXETP00000008499,NA,NA
ENSGALP00000003747,38,6,ENSP00000367227,NA,NA,ENSPTRP00000056879,30,6,ENSMMUP00000039480,NA,NA,ENSGGOP00000024427,NA,NA,ENSMUSP00000103497,NA,NA,ENSRNOP00000021227,NA,NA,ENSBTAP00000015212,NA,NA,ENSXETP00000021711,NA,NA
ENSGALP00000002875,22,5,ENSP00000261441,NA,NA,ENSPTRP00000001933,NA,NA,ENSMMUP00000023431,NA,NA,ENSGGOP00000003774,NA,NA,ENSMUSP00000069246,NA,NA,ENSRNOP00000026631,NA,NA,ENSBTAP00000026134,NA,NA,ENSXETP00000028876,NA,NA
ENSGALP00000034287,24,5,ENSP00000365651,26,5,ENSPTRP00000000300,26,5,ENSMMUP00000038374,26,5,NULL,NA,NA,NULL,NA,NA,NULL,NA,NA,ENSBTAP00000028974,26,5,ENSXETP00000028647,NA,NA
ENSGALP00000002952,50,5,NULL,NA,NA,ENSPTRP00000000976,NA,NA,NULL,NA,NA,NULL,NA,NA,NULL,NA,NA,NULL,NA,NA,NULL,NA,NA,ENSXETP00000038207,NA,NA
ENSGALP00000023357,18,5,ENSP00000426809,NA,NA,ENSPTRP00000027438,NA,NA,ENSMMUP00000035407,NA,NA,ENSGGOP00000015748,NA,NA,ENSMUSP00000073751,NA,NA,ENSRNOP00000069832,NA,NA,ENSBTAP00000018252,NA,NA,ENSXETP00000053122,NA,NA
ENSGALP00000013598,21,6,ENSP00000246006,21,9,ENSPTRP00000022834,21,7,ENSMMUP00000022103,23,9,NULL,NA,NA,ENSMUSP00000096876,NA,NA,NULL,NA,NA,ENSBTAP00000051405,37,8,ENSXETP00000062082,NA,NA
ENSGALP00000041118,20,8,ENSP00000302621,35,5,ENSPTRP00000017533,35,5,ENSMMUP00000031219,35,5,ENSGGOP00000024614,35,5,ENSMUSP00000038048,NA,NA,ENSRNOP00000065771,NA,NA,ENSBTAP00000003618,NA,NA,NULL,NA,NA
ENSGALP00000022972,25,6,ENSP00000331544,NA,NA,ENSPTRP00000024985,NA,NA,ENSMMUP00000012090,NA,NA,ENSGGOP00000001698,NA,NA,ENSMUSP00000054583,NA,NA,ENSRNOP00000046622,NA,NA,ENSBTAP00000016040,29,6,ENSXETP00000006673,NA,NA
ENSGALP00000045442,NA,NA,ENSP00000330601,NA,NA,ENSPTRP00000011443,NA,NA,ENSMMUP00000000133,NA,NA,ENSGGOP00000026333,NA,NA,ENSMUSP00000021685,NA,NA,ENSRNOP00000038254,NA,NA,ENSBTAP00000013614,NA,NA,ENSXETP00000058423,NA,NA
ENSGALP00000008702,22,5,ENSP00000412940,21,6,ENSPTRP00000049448,21,6,ENSMMUP00000039249,21,7,ENSGGOP00000016888,21,7,ENSMUSP00000071627,NA,NA,ENSRNOP00000055412,NA,NA,ENSBTAP00000026827,22,7,ENSXETP00000007157,NA,NA
ENSGALP00000006692,25,5,ENSP00000356599,NA,NA,ENSPTRP00000002871,21,5,ENSMMUP00000008238,26,10,ENSGGOP00000002587,21,5,ENSMUSP00000078572,21,5,ENSRNOP00000005726,24,7,ENSBTAP00000018609,NA,NA,ENSXETP00000027433,28,5
ENSGALP00000024465,21,5,ENSP00000264553,NA,NA,NULL,NA,NA,ENSMMUP00000049705,NA,NA,ENSGGOP00000003205,NA,NA,ENSMUSP00000020549,18,5,ENSRNOP00000011086,18,5,ENSBTAP00000002709,NA,NA,NULL,NA,NA
ENSGALP00000045442,NA,NA,ENSP00000330601,NA,NA,ENSPTRP00000011443,NA,NA,ENSMMUP00000000133,NA,NA,ENSGGOP00000026333,NA,NA,ENSMUSP00000021685,NA,NA,ENSRNOP00000038254,NA,NA,ENSBTAP00000013614,NA,NA,ENSXETP00000058423,NA,NA
ENSGALP00000035647,29,5,ENSP00000381204,NA,NA,ENSPTRP00000055304,NA,NA,ENSMMUP00000051049,NA,NA,ENSGGOP00000008140,NA,NA,ENSMUSP00000051966,NA,NA,ENSRNOP00000072501,NA,NA,NULL,NA,NA,NULL,NA,NA
ENSGALP00000001772,26,5,ENSP00000467290,25,8,ENSPTRP00000017536,25,8,ENSMMUP00000043425,NA,NA,NULL,NA,NA,ENSMUSP00000130985,26,5,ENSRNOP00000067668,26,6,ENSBTAP00000003619,25,8,ENSXETP00000047775,NA,NA
ENSGALP00000038302,23,7,ENSP00000460971,NA,NA,ENSPTRP00000013407,NA,NA,ENSMMUP00000053514,NA,NA,ENSGGOP00000000081,NA,NA,ENSMUSP00000033207,NA,NA,ENSRNOP00000072132,NA,NA,ENSBTAP00000015289,NA,NA,ENSXETP00000036429,NA,NA
ENSGALP00000034810,26,5,ENSP00000300658,NA,NA,ENSPTRP00000015505,NA,NA,ENSMMUP00000001797,NA,NA,ENSGGOP00000025040,NA,NA,ENSMUSP00000088337,NA,NA,ENSRNOP00000064738,NA,NA,ENSBTAP00000034758,NA,NA,ENSXETP00000033156,NA,NA
ENSGALP00000045442,NA,NA,ENSP00000330601,NA,NA,ENSPTRP00000011443,NA,NA,ENSMMUP00000000133,NA,NA,ENSGGOP00000026333,NA,NA,ENSMUSP00000021685,NA,NA,ENSRNOP00000038254,NA,NA,ENSBTAP00000013614,NA,NA,ENSXETP00000058423,NA,NA
ENSGALP00000003426,19,5,ENSP00000316845,NA,NA,ENSPTRP00000021327,NA,NA,NULL,NA,NA,ENSGGOP00000010281,NA,NA,ENSMUSP00000035980,NA,NA,ENSRNOP00000018935,NA,NA,ENSBTAP00000021041,NA,NA,ENSXETP00000030351,NA,NA
ENSGALP00000045442,NA,NA,ENSP00000330601,NA,NA,ENSPTRP00000011443,NA,NA,ENSMMUP00000000133,NA,NA,ENSGGOP00000026333,NA,NA,ENSMUSP00000021685,NA,NA,ENSRNOP00000038254,NA,NA,ENSBTAP00000013614,NA,NA,ENSXETP00000058423,NA,NA
ENSGALP00000045442,NA,NA,ENSP00000330601,NA,NA,ENSPTRP00000011443,NA,NA,ENSMMUP00000000133,NA,NA,ENSGGOP00000026333,NA,NA,ENSMUSP00000021685,NA,NA,ENSRNOP00000038254,NA,NA,ENSBTAP00000013614,NA,NA,ENSXETP00000058423,NA,NA
ENSGALP00000013913,31,7,ENSP00000383938,24,5,ENSPTRP00000056512,24,5,ENSMMUP00000043664,NA,NA,ENSGGOP00000007930,NA,NA,ENSMUSP00000024042,22,5,ENSRNOP00000006357,22,6,ENSBTAP00000054551,21,6,ENSXETP00000031785,NA,NA
ENSGALP00000038878,19,5,ENSP00000355180,NA,NA,ENSPTRP00000024122,NA,NA,ENSMMUP00000000736,NA,NA,ENSGGOP00000001449,NA,NA,ENSMUSP00000001147,NA,NA,ENSRNOP00000001679,NA,NA,ENSBTAP00000015668,NA,NA,ENSXETP00000025084,NA,NA
ENSGALP00000040763,18,5,NULL,NA,NA,NULL,NA,NA,NULL,NA,NA,NULL,NA,NA,NULL,NA,NA,NULL,NA,NA,NULL,NA,NA,NULL,NA,NA
ENSGALP00000000855,26,5,ENSP00000261769,22,5,ENSPTRP00000014119,22,5,ENSMMUP00000042758,NA,NA,ENSGGOP00000005902,22,5,ENSMUSP00000000312,22,5,ENSRNOP00000027346,22,5,ENSBTAP00000021272,NA,NA,ENSXETP00000035755,NA,NA
ENSGALP00000004211,26,8,ENSP00000312506,NA,NA,ENSPTRP00000012658,NA,NA,ENSMMUP00000021185,NA,NA,ENSGGOP00000012042,NA,NA,ENSMUSP00000038909,NA,NA,ENSRNOP00000023326,NA,NA,ENSBTAP00000016206,NA,NA,ENSXETP00000033407,NA,NA
ENSGALP00000024722,19,5,ENSP00000307801,35,5,ENSPTRP00000026196,35,5,ENSMMUP00000028785,35,5,ENSGGOP00000011751,35,5,ENSMUSP00000119774,NA,NA,ENSRNOP00000057315,19,5,ENSBTAP00000004776,19,5,ENSXETP00000015257,19,5
ENSGALP00000027716,17,5,ENSP00000322788,17,5,ENSPTRP00000007262,17,5,ENSMMUP00000005982,NA,NA,ENSGGOP00000008528,NA,NA,ENSMUSP00000034492,17,5,ENSRNOP00000011884,NA,NA,ENSBTAP00000046488,NA,NA,ENSXETP00000060025,NA,NA
ENSGALP00000045442,NA,NA,ENSP00000330601,NA,NA,ENSPTRP00000011443,NA,NA,ENSMMUP00000000133,NA,NA,ENSGGOP00000026333,NA,NA,ENSMUSP00000021685,NA,NA,ENSRNOP00000038254,NA,NA,ENSBTAP00000013614,NA,NA,ENSXETP00000058423,NA,NA
ENSGALP00000045442,NA,NA,ENSP00000330601,NA,NA,ENSPTRP00000011443,NA,NA,ENSMMUP00000000133,NA,NA,ENSGGOP00000026333,NA,NA,ENSMUSP00000021685,NA,NA,ENSRNOP00000038254,NA,NA,ENSBTAP00000013614,NA,NA,ENSXETP00000058423,NA,NA
ENSGALP00000000302,32,9,NULL,NA,NA,NULL,NA,NA,NULL,NA,NA,NULL,NA,NA,NULL,NA,NA,NULL,NA,NA,NULL,NA,NA,NULL,NA,NA
ENSGALP00000045442,NA,NA,ENSP00000330601,NA,NA,ENSPTRP00000011443,NA,NA,ENSMMUP00000000133,NA,NA,ENSGGOP00000026333,NA,NA,ENSMUSP00000021685,NA,NA,ENSRNOP00000038254,NA,NA,ENSBTAP00000013614,NA,NA,ENSXETP00000058423,NA,NA
ENSGALP00000022195,36,9,ENSP00000424544,41,7,ENSPTRP00000059071,41,7,ENSMMUP00000032220,41,7,ENSGGOP00000020427,NA,NA,ENSMUSP00000148134,NA,NA,ENSRNOP00000017452,41,7,ENSBTAP00000012110,41,7,ENSXETP00000000404,NA,NA
ENSGALP00000041195,31,7,ENSP00000415139,NA,NA,ENSPTRP00000060406,NA,NA,ENSMMUP00000019812,NA,NA,ENSGGOP00000023640,NA,NA,ENSMUSP00000066239,NA,NA,ENSRNOP00000004942,36,7,ENSBTAP00000003042,NA,NA,ENSXETP00000040594,NA,NA
ENSGALP00000009483,23,5,ENSP00000359305,NA,NA,ENSPTRP00000001665,NA,NA,ENSMMUP00000039717,NA,NA,ENSGGOP00000015713,NA,NA,ENSMUSP00000002837,NA,NA,ENSRNOP00000000083,NA,NA,ENSBTAP00000032097,NA,NA,ENSXETP00000055349,NA,NA
ENSGALP00000024885,25,7,ENSP00000376899,NA,NA,ENSPTRP00000001983,NA,NA,ENSMMUP00000022218,NA,NA,ENSGGOP00000011537,NA,NA,ENSMUSP00000099755,NA,NA,ENSRNOP00000021162,NA,NA,ENSBTAP00000048973,NA,NA,ENSXETP00000007280,NA,NA
ENSGALP00000003846,24,7,NULL,NA,NA,NULL,NA,NA,NULL,NA,NA,NULL,NA,NA,NULL,NA,NA,NULL,NA,NA,NULL,NA,NA,ENSXETP00000060057,NA,NA
ENSGALP00000014736,48,5,ENSP00000287934,NA,NA,ENSPTRP00000047874,NA,NA,NULL,NA,NA,ENSGGOP00000000431,30,5,ENSMUSP00000058629,NA,NA,ENSRNOP00000021979,NA,NA,ENSBTAP00000002720,NA,NA,NULL,NA,NA
ENSGALP00000045442,NA,NA,ENSP00000330601,NA,NA,ENSPTRP00000011443,NA,NA,ENSMMUP00000000133,NA,NA,ENSGGOP00000026333,NA,NA,ENSMUSP00000021685,NA,NA,ENSRNOP00000038254,NA,NA,ENSBTAP00000013614,NA,NA,ENSXETP00000058423,NA,NA
ENSGALP00000045442,NA,NA,ENSP00000330601,NA,NA,ENSPTRP00000011443,NA,NA,ENSMMUP00000000133,NA,NA,ENSGGOP00000026333,NA,NA,ENSMUSP00000021685,NA,NA,ENSRNOP00000038254,NA,NA,ENSBTAP00000013614,NA,NA,ENSXETP00000058423,NA,NA
ENSGALP00000045442,NA,NA,ENSP00000330601,NA,NA,ENSPTRP00000011443,NA,NA,ENSMMUP00000000133,NA,NA,ENSGGOP00000026333,NA,NA,ENSMUSP00000021685,NA,NA,ENSRNOP00000038254,NA,NA,ENSBTAP00000013614,NA,NA,ENSXETP00000058423,NA,NA
ENSGALP00000045442,NA,NA,ENSP00000330601,NA,NA,ENSPTRP00000011443,NA,NA,ENSMMUP00000000133,NA,NA,ENSGGOP00000026333,NA,NA,ENSMUSP00000021685,NA,NA,ENSRNOP00000038254,NA,NA,ENSBTAP00000013614,NA,NA,ENSXETP00000058423,NA,NA
ENSGALP00000003865,37,5,ENSP00000378294,NA,NA,ENSPTRP00000029569,NA,NA,ENSMMUP00000042112,NA,NA,ENSGGOP00000012507,NA,NA,ENSMUSP00000025215,NA,NA,ENSRNOP00000026895,NA,NA,ENSBTAP00000045075,NA,NA,NULL,NA,NA
ENSGALP00000045442,NA,NA,ENSP00000330601,NA,NA,ENSPTRP00000011443,NA,NA,ENSMMUP00000000133,NA,NA,ENSGGOP00000026333,NA,NA,ENSMUSP00000021685,NA,NA,ENSRNOP00000038254,NA,NA,ENSBTAP00000013614,NA,NA,ENSXETP00000058423,NA,NA
ENSGALP00000033049,26,5,ENSP00000334329,NA,NA,ENSPTRP00000042008,NA,NA,ENSMMUP00000050913,NA,NA,ENSGGOP00000020754,NA,NA,ENSMUSP00000077080,NA,NA,ENSRNOP00000034951,NA,NA,ENSBTAP00000018961,NA,NA,ENSXETP00000043077,NA,NA
ENSGALP00000045442,NA,NA,ENSP00000330601,NA,NA,ENSPTRP00000011443,NA,NA,ENSMMUP00000000133,NA,NA,ENSGGOP00000026333,NA,NA,ENSMUSP00000021685,NA,NA,ENSRNOP00000038254,NA,NA,ENSBTAP00000013614,NA,NA,ENSXETP00000058423,NA,NA
ENSGALP00000001310,21,5,ENSP00000412237,NA,NA,ENSPTRP00000003208,NA,NA,ENSMMUP00000031022,NA,NA,ENSGGOP00000013944,NA,NA,ENSMUSP00000016673,NA,NA,ENSRNOP00000006246,NA,NA,ENSBTAP00000008793,NA,NA,ENSXETP00000051080,NA,NA
ENSGALP00000045442,NA,NA,ENSP00000330601,NA,NA,ENSPTRP00000011443,NA,NA,ENSMMUP00000000133,NA,NA,ENSGGOP00000026333,NA,NA,ENSMUSP00000021685,NA,NA,ENSRNOP00000038254,NA,NA,ENSBTAP00000013614,NA,NA,ENSXETP00000058423,NA,NA
ENSGALP00000004669,23,8,ENSP00000345229,34,6,ENSPTRP00000048671,34,6,ENSMMUP00000002804,NA,NA,ENSGGOP00000014527,34,6,ENSMUSP00000042927,NA,NA,ENSRNOP00000022564,NA,NA,ENSBTAP00000021383,NA,NA,ENSXETP00000032331,NA,NA
ENSGALP00000040881,19,6,ENSP00000321005,NA,NA,ENSPTRP00000053093,NA,NA,ENSMMUP00000048158,NA,NA,ENSGGOP00000008824,NA,NA,ENSMUSP00000102782,NA,NA,ENSRNOP00000064138,NA,NA,ENSBTAP00000009774,NA,NA,ENSXETP00000011558,NA,NA
ENSGALP00000027298,32,6,ENSP00000490953,NA,NA,ENSPTRP00000010092,NA,NA,NULL,NA,NA,ENSGGOP00000013543,NA,NA,ENSMUSP00000022721,NA,NA,ENSRNOP00000073919,NA,NA,ENSBTAP00000025093,NA,NA,ENSXETP00000033758,NA,NA
ENSGALP00000045442,NA,NA,ENSP00000330601,NA,NA,ENSPTRP00000011443,NA,NA,ENSMMUP00000000133,NA,NA,ENSGGOP00000026333,NA,NA,ENSMUSP00000021685,NA,NA,ENSRNOP00000038254,NA,NA,ENSBTAP00000013614,NA,NA,ENSXETP00000058423,NA,NA
ENSGALP00000027709,36,5,ENSP00000260229,NA,NA,ENSPTRP00000007256,NA,NA,ENSMMUP00000014423,NA,NA,ENSGGOP00000008521,NA,NA,ENSMUSP00000113231,NA,NA,ENSRNOP00000058603,NA,NA,ENSBTAP00000004210,16,5,ENSXETP00000060025,NA,NA
ENSGALP00000015856,23,6,ENSP00000326759,NA,NA,ENSPTRP00000008774,NA,NA,ENSMMUP00000039290,NA,NA,ENSGGOP00000015799,NA,NA,ENSMUSP00000074360,NA,NA,ENSRNOP00000030604,NA,NA,ENSBTAP00000002883,NA,NA,ENSXETP00000046466,22,5
ENSGALP00000005304,19,5,NULL,NA,NA,NULL,NA,NA,NULL,NA,NA,NULL,NA,NA,NULL,NA,NA,NULL,NA,NA,NULL,NA,NA,NULL,NA,NA
ENSGALP00000040883,22,5,ENSP00000386559,NA,NA,ENSPTRP00000020853,NA,NA,ENSMMUP00000004695,NA,NA,ENSGGOP00000003948,NA,NA,ENSMUSP00000068123,NA,NA,ENSRNOP00000009516,NA,NA,ENSBTAP00000028175,NA,NA,ENSXETP00000004085,NA,NA
ENSGALP00000009844,30,5,ENSP00000359013,NA,NA,NULL,NA,NA,ENSMMUP00000000236,NA,NA,NULL,NA,NA,NULL,NA,NA,NULL,NA,NA,ENSBTAP00000028109,NA,NA,NULL,NA,NA
ENSGALP00000037686,31,5,ENSP00000364515,NA,NA,ENSPTRP00000052758,NA,NA,NULL,NA,NA,ENSGGOP00000016642,NA,NA,ENSMUSP00000000206,NA,NA,ENSRNOP00000004191,NA,NA,ENSBTAP00000040184,NA,NA,NULL,NA,NA
ENSGALP00000045442,NA,NA,ENSP00000330601,NA,NA,ENSPTRP00000011443,NA,NA,ENSMMUP00000000133,NA,NA,ENSGGOP00000026333,NA,NA,ENSMUSP00000021685,NA,NA,ENSRNOP00000038254,NA,NA,ENSBTAP00000013614,NA,NA,ENSXETP00000058423,NA,NA
ENSGALP00000024194,31,5,ENSP00000269228,22,6,ENSPTRP00000016869,22,6,ENSMMUP00000028303,29,6,ENSGGOP00000028237,33,6,ENSMUSP00000025279,22,6,ENSRNOP00000016167,23,7,ENSBTAP00000020219,22,5,ENSXETP00000037451,NA,NA
ENSGALP00000042265,20,6,NULL,NA,NA,NULL,NA,NA,NULL,NA,NA,NULL,NA,NA,NULL,NA,NA,NULL,NA,NA,NULL,NA,NA,NULL,NA,NA
ENSGALP00000006038,23,5,ENSP00000237530,NA,NA,ENSPTRP00000054577,NA,NA,ENSMMUP00000037885,NA,NA,ENSGGOP00000028401,NA,NA,ENSMUSP00000112081,NA,NA,ENSRNOP00000063207,NA,NA,ENSBTAP00000051209,NA,NA,ENSXETP00000037714,NA,NA
ENSGALP00000012399,26,5,ENSP00000326563,NA,NA,ENSPTRP00000029560,NA,NA,ENSMMUP00000000618,NA,NA,ENSGGOP00000025317,NA,NA,ENSMUSP00000037628,NA,NA,ENSRNOP00000067649,NA,NA,ENSBTAP00000013278,NA,NA,ENSXETP00000014664,NA,NA
ENSGALP00000045442,NA,NA,ENSP00000330601,NA,NA,ENSPTRP00000011443,NA,NA,ENSMMUP00000000133,NA,NA,ENSGGOP00000026333,NA,NA,ENSMUSP00000021685,NA,NA,ENSRNOP00000038254,NA,NA,ENSBTAP00000013614,NA,NA,ENSXETP00000058423,NA,NA
ENSGALP00000045442,NA,NA,ENSP00000330601,NA,NA,ENSPTRP00000011443,NA,NA,ENSMMUP00000000133,NA,NA,ENSGGOP00000026333,NA,NA,ENSMUSP00000021685,NA,NA,ENSRNOP00000038254,NA,NA,ENSBTAP00000013614,NA,NA,ENSXETP00000058423,NA,NA
ENSGALP00000045442,NA,NA,ENSP00000330601,NA,NA,ENSPTRP00000011443,NA,NA,ENSMMUP00000000133,NA,NA,ENSGGOP00000026333,NA,NA,ENSMUSP00000021685,NA,NA,ENSRNOP00000038254,NA,NA,ENSBTAP00000013614,NA,NA,ENSXETP00000058423,NA,NA
ENSGALP00000009335,31,5,ENSP00000430237,NA,NA,ENSPTRP00000030112,NA,NA,ENSMMUP00000047274,NA,NA,ENSGGOP00000020904,NA,NA,ENSMUSP00000099837,NA,NA,ENSRNOP00000066033,NA,NA,ENSBTAP00000006384,NA,NA,ENSXETP00000034792,NA,NA
ENSGALP00000041426,36,5,ENSP00000478561,NA,NA,ENSPTRP00000020335,NA,NA,ENSMMUP00000018330,NA,NA,ENSGGOP00000013460,NA,NA,ENSMUSP00000024894,NA,NA,ENSRNOP00000071724,NA,NA,ENSBTAP00000013922,NA,NA,ENSXETP00000054079,NA,NA
ENSGALP00000041069,18,5,ENSP00000426809,NA,NA,ENSPTRP00000027438,NA,NA,ENSMMUP00000035407,NA,NA,ENSGGOP00000015748,NA,NA,ENSMUSP00000073751,NA,NA,ENSRNOP00000069832,NA,NA,ENSBTAP00000018252,NA,NA,ENSXETP00000053122,NA,NA
ENSGALP00000045442,NA,NA,ENSP00000330601,NA,NA,ENSPTRP00000011443,NA,NA,ENSMMUP00000000133,NA,NA,ENSGGOP00000026333,NA,NA,ENSMUSP00000021685,NA,NA,ENSRNOP00000038254,NA,NA,ENSBTAP00000013614,NA,NA,ENSXETP00000058423,NA,NA
ENSGALP00000045442,NA,NA,ENSP00000330601,NA,NA,ENSPTRP00000011443,NA,NA,ENSMMUP00000000133,NA,NA,ENSGGOP00000026333,NA,NA,ENSMUSP00000021685,NA,NA,ENSRNOP00000038254,NA,NA,ENSBTAP00000013614,NA,NA,ENSXETP00000058423,NA,NA
ENSGALP00000031462,45,5,ENSP00000264218,38,8,ENSPTRP00000027645,38,8,ENSMMUP00000045925,NA,NA,ENSGGOP00000007744,NA,NA,ENSMUSP00000031146,40,5,ENSRNOP00000002941,40,5,ENSBTAP00000053473,37,7,ENSXETP00000063278,NA,NA
ENSGALP00000019482,19,6,ENSP00000369014,NA,NA,ENSPTRP00000028171,NA,NA,ENSMMUP00000018386,NA,NA,ENSGGOP00000008419,NA,NA,ENSMUSP00000051297,NA,NA,ENSRNOP00000009094,NA,NA,ENSBTAP00000014058,NA,NA,ENSXETP00000004498,NA,NA
ENSGALP00000018174,6,5,ENSP00000261835,NA,NA,ENSPTRP00000011444,NA,NA,ENSMMUP00000000137,NA,NA,ENSGGOP00000004718,NA,NA,ENSMUSP00000021684,NA,NA,ENSRNOP00000009896,NA,NA,ENSBTAP00000046805,NA,NA,ENSXETP00000024989,NA,NA
ENSGALP00000010654,24,6,ENSP00000381097,17,6,ENSPTRP00000056656,17,6,ENSMMUP00000028102,NA,NA,ENSGGOP00000013772,17,6,ENSMUSP00000035129,NA,NA,ENSRNOP00000010634,NA,NA,ENSBTAP00000020455,NA,NA,ENSXETP00000030111,NA,NA
ENSGALP00000045442,NA,NA,ENSP00000330601,NA,NA,ENSPTRP00000011443,NA,NA,ENSMMUP00000000133,NA,NA,ENSGGOP00000026333,NA,NA,ENSMUSP00000021685,NA,NA,ENSRNOP00000038254,NA,NA,ENSBTAP00000013614,NA,NA,ENSXETP00000058423,NA,NA
ENSGALP00000045442,NA,NA,ENSP00000330601,NA,NA,ENSPTRP00000011443,NA,NA,ENSMMUP00000000133,NA,NA,ENSGGOP00000026333,NA,NA,ENSMUSP00000021685,NA,NA,ENSRNOP00000038254,NA,NA,ENSBTAP00000013614,NA,NA,ENSXETP00000058423,NA,NA
ENSGALP00000029815,20,7,ENSP00000393847,11,7,ENSPTRP00000053752,11,6,NULL,NA,NA,ENSGGOP00000022620,NA,NA,ENSMUSP00000023364,17,9,ENSRNOP00000004237,17,9,ENSBTAP00000028684,26,7,ENSXETP00000024072,NA,NA
ENSGALP00000045442,NA,NA,ENSP00000330601,NA,NA,ENSPTRP00000011443,NA,NA,ENSMMUP00000000133,NA,NA,ENSGGOP00000026333,NA,NA,ENSMUSP00000021685,NA,NA,ENSRNOP00000038254,NA,NA,ENSBTAP00000013614,NA,NA,ENSXETP00000058423,NA,NA
ENSGALP00000009302,23,5,ENSP00000359285,26,5,ENSPTRP00000023650,NA,NA,ENSMMUP00000020935,NA,NA,ENSGGOP00000008187,NA,NA,ENSMUSP00000066338,30,5,ENSRNOP00000073967,30,5,ENSBTAP00000022855,30,6,ENSXETP00000051222,NA,NA
ENSGALP00000041214,17,5,ENSP00000342336,17,6,ENSPTRP00000033803,17,6,NULL,NA,NA,ENSGGOP00000028743,17,6,ENSMUSP00000051206,NA,NA,ENSRNOP00000015752,NA,NA,ENSBTAP00000023166,17,6,ENSXETP00000023253,NA,NA
ENSGALP00000039042,18,5,NULL,NA,NA,NULL,NA,NA,NULL,NA,NA,NULL,NA,NA,NULL,NA,NA,NULL,NA,NA,NULL,NA,NA,NULL,NA,NA
ENSGALP00000016903,18,7,ENSP00000378431,NA,NA,ENSPTRP00000027971,NA,NA,ENSMMUP00000028978,NA,NA,ENSGGOP00000007422,NA,NA,ENSMUSP00000119609,NA,NA,ENSRNOP00000035433,NA,NA,ENSBTAP00000044864,NA,NA,ENSXETP00000051004,NA,NA
ENSGALP00000012415,18,7,ENSP00000365529,NA,NA,ENSPTRP00000004009,NA,NA,ENSMMUP00000003921,NA,NA,ENSGGOP00000015533,NA,NA,ENSMUSP00000049708,NA,NA,ENSRNOP00000038884,NA,NA,ENSBTAP00000032818,NA,NA,ENSXETP00000040818,NA,NA
ENSGALP00000012650,23,7,ENSP00000306864,23,5,ENSPTRP00000053783,23,5,ENSMMUP00000061074,NA,NA,ENSGGOP00000019138,23,5,ENSMUSP00000045162,24,6,ENSRNOP00000005490,24,6,ENSBTAP00000055273,26,5,ENSXETP00000037686,NA,NA
ENSGALP00000045442,NA,NA,ENSP00000330601,NA,NA,ENSPTRP00000011443,NA,NA,ENSMMUP00000000133,NA,NA,ENSGGOP00000026333,NA,NA,ENSMUSP00000021685,NA,NA,ENSRNOP00000038254,NA,NA,ENSBTAP00000013614,NA,NA,ENSXETP00000058423,NA,NA
ENSGALP00000018699,27,8,ENSP00000293330,33,8,ENSPTRP00000015664,32,8,ENSMMUP00000008448,33,8,ENSGGOP00000027101,33,8,ENSMUSP00000057578,32,7,ENSRNOP00000025547,32,7,ENSBTAP00000000875,33,8,NULL,NA,NA
ENSGALP00000035505,20,5,ENSP00000296474,24,6,ENSPTRP00000025788,24,6,ENSMMUP00000046814,NA,NA,ENSGGOP00000011976,24,6,ENSMUSP00000035203,NA,NA,ENSRNOP00000063136,NA,NA,ENSBTAP00000020028,22,7,ENSXETP00000015919,NA,NA
ENSGALP00000000360,26,5,NULL,NA,NA,NULL,NA,NA,NULL,NA,NA,NULL,NA,NA,NULL,NA,NA,NULL,NA,NA,NULL,NA,NA,ENSXETP00000063570,NA,NA
ENSGALP00000042191,20,6,ENSP00000364709,NA,NA,ENSPTRP00000010286,NA,NA,ENSMMUP00000001389,NA,NA,ENSGGOP00000013747,NA,NA,ENSMUSP00000033821,NA,NA,ENSRNOP00000026677,NA,NA,ENSBTAP00000021789,NA,NA,ENSXETP00000004154,NA,NA
ENSGALP00000025241,26,6,ENSP00000363382,29,5,ENSPTRP00000049062,29,5,ENSMMUP00000027768,29,5,ENSGGOP00000012319,29,5,ENSMUSP00000048201,NA,NA,ENSRNOP00000068702,34,5,ENSBTAP00000041372,NA,NA,ENSXETP00000063667,NA,NA
ENSGALP00000043055,22,5,ENSP00000386559,NA,NA,ENSPTRP00000020853,NA,NA,ENSMMUP00000004695,NA,NA,ENSGGOP00000003948,NA,NA,ENSMUSP00000068123,NA,NA,ENSRNOP00000009516,NA,NA,ENSBTAP00000028175,NA,NA,ENSXETP00000004085,NA,NA
ENSGALP00000045442,NA,NA,ENSP00000330601,NA,NA,ENSPTRP00000011443,NA,NA,ENSMMUP00000000133,NA,NA,ENSGGOP00000026333,NA,NA,ENSMUSP00000021685,NA,NA,ENSRNOP00000038254,NA,NA,ENSBTAP00000013614,NA,NA,ENSXETP00000058423,NA,NA
ENSGALP00000045442,NA,NA,ENSP00000330601,NA,NA,ENSPTRP00000011443,NA,NA,ENSMMUP00000000133,NA,NA,ENSGGOP00000026333,NA,NA,ENSMUSP00000021685,NA,NA,ENSRNOP00000038254,NA,NA,ENSBTAP00000013614,NA,NA,ENSXETP00000058423,NA,NA
ENSGALP00000045442,NA,NA,ENSP00000330601,NA,NA,ENSPTRP00000011443,NA,NA,ENSMMUP00000000133,NA,NA,ENSGGOP00000026333,NA,NA,ENSMUSP00000021685,NA,NA,ENSRNOP00000038254,NA,NA,ENSBTAP00000013614,NA,NA,ENSXETP00000058423,NA,NA
ENSGALP00000034727,18,5,NULL,NA,NA,NULL,NA,NA,NULL,NA,NA,NULL,NA,NA,NULL,NA,NA,NULL,NA,NA,NULL,NA,NA,NULL,NA,NA
ENSGALP00000003839,24,7,NULL,NA,NA,NULL,NA,NA,NULL,NA,NA,NULL,NA,NA,NULL,NA,NA,NULL,NA,NA,NULL,NA,NA,ENSXETP00000060057,NA,NA
