ENSMMUP00000014645,27,10,ENSP00000362682,NA,NA,ENSPTRP00000036501,NA,NA,ENSGGOP00000004026,NA,NA,ENSMUSP00000058761,NA,NA,ENSRNOP00000018852,NA,NA,ENSBTAP00000006372,39,7,ENSGALP00000001568,NA,NA
ENSMMUP00000040792,NA,NA,ENSP00000346120,NA,NA,ENSPTRP00000004431,NA,NA,ENSGGOP00000004968,NA,NA,ENSMUSP00000042691,NA,NA,ENSRNOP00000063494,NA,NA,ENSBTAP00000019351,NA,NA,NULL,NA,NA
ENSMMUP00000010643,21,7,ENSP00000412940,21,6,ENSPTRP00000049448,21,6,ENSGGOP00000016888,21,7,ENSMUSP00000071627,NA,NA,ENSRNOP00000055412,NA,NA,ENSBTAP00000026827,22,7,ENSGALP00000008702,22,5
ENSMMUP00000024333,27,7,ENSP00000295619,27,7,ENSPTRP00000026077,27,7,ENSGGOP00000021257,27,7,ENSMUSP00000032152,26,7,ENSRNOP00000015058,26,7,ENSBTAP00000025742,NA,NA,ENSGALP00000056267,NA,NA
ENSMMUP00000027983,38,7,ENSP00000418875,39,8,ENSPTRP00000025615,39,8,ENSGGOP00000018840,NA,NA,ENSMUSP00000059668,47,12,ENSRNOP00000052963,52,12,ENSBTAP00000047813,42,6,NULL,NA,NA
ENSMMUP00000038601,28,6,ENSP00000357065,27,5,ENSPTRP00000051684,NA,NA,ENSGGOP00000004845,27,5,ENSMUSP00000041232,25,6,ENSRNOP00000010028,25,6,ENSBTAP00000013165,NA,NA,NULL,NA,NA
ENSMMUP00000040792,NA,NA,ENSP00000346120,NA,NA,ENSPTRP00000004431,NA,NA,ENSGGOP00000004968,NA,NA,ENSMUSP00000042691,NA,NA,ENSRNOP00000063494,NA,NA,ENSBTAP00000019351,NA,NA,NULL,NA,NA
ENSMMUP00000027768,29,5,ENSP00000363382,29,5,ENSPTRP00000049062,29,5,ENSGGOP00000012319,29,5,ENSMUSP00000048201,NA,NA,ENSRNOP00000068702,34,5,ENSBTAP00000041372,NA,NA,ENSGALP00000049370,NA,NA
ENSMMUP00000018411,26,6,ENSP00000295666,26,6,ENSPTRP00000027670,26,6,ENSGGOP00000015851,26,6,ENSMUSP00000128318,26,6,ENSRNOP00000002809,25,6,ENSBTAP00000025803,26,6,ENSGALP00000044716,NA,NA
ENSMMUP00000007100,26,7,ENSP00000002165,28,9,ENSPTRP00000031865,26,7,ENSGGOP00000010981,29,10,ENSMUSP00000113499,NA,NA,ENSRNOP00000020946,NA,NA,ENSBTAP00000002297,NA,NA,ENSGALP00000022328,NA,NA
ENSMMUP00000040792,NA,NA,ENSP00000346120,NA,NA,ENSPTRP00000004431,NA,NA,ENSGGOP00000004968,NA,NA,ENSMUSP00000042691,NA,NA,ENSRNOP00000063494,NA,NA,ENSBTAP00000019351,NA,NA,NULL,NA,NA
ENSMMUP00000021118,35,5,ENSP00000337014,35,5,ENSPTRP00000044469,35,5,ENSGGOP00000004841,35,5,ENSMUSP00000046659,32,5,ENSRNOP00000028781,35,5,ENSBTAP00000029092,35,5,NULL,NA,NA
ENSMMUP00000040792,NA,NA,ENSP00000346120,NA,NA,ENSPTRP00000004431,NA,NA,ENSGGOP00000004968,NA,NA,ENSMUSP00000042691,NA,NA,ENSRNOP00000063494,NA,NA,ENSBTAP00000019351,NA,NA,NULL,NA,NA
ENSMMUP00000028785,35,5,ENSP00000307801,35,5,ENSPTRP00000026196,35,5,ENSGGOP00000011751,35,5,ENSMUSP00000119774,NA,NA,ENSRNOP00000057315,19,5,ENSBTAP00000004776,19,5,ENSGALP00000024722,19,5
ENSMMUP00000028300,20,7,ENSP00000366233,19,6,NULL,NA,NA,ENSGGOP00000024094,19,6,ENSMUSP00000025338,19,5,ENSRNOP00000047788,19,5,ENSBTAP00000022907,19,6,NULL,NA,NA
ENSMMUP00000027172,28,5,ENSP00000302150,28,5,ENSPTRP00000030340,28,5,ENSGGOP00000001345,29,5,ENSMUSP00000053446,29,5,ENSRNOP00000022251,NA,NA,ENSBTAP00000013401,36,5,ENSGALP00000020651,NA,NA
ENSMMUP00000026358,23,5,ENSP00000340292,23,5,ENSPTRP00000058864,23,5,ENSGGOP00000000417,23,5,ENSMUSP00000063104,23,5,ENSRNOP00000069391,23,5,ENSBTAP00000051840,23,5,ENSGALP00000018320,NA,NA
ENSMMUP00000040792,NA,NA,ENSP00000346120,NA,NA,ENSPTRP00000004431,NA,NA,ENSGGOP00000004968,NA,NA,ENSMUSP00000042691,NA,NA,ENSRNOP00000063494,NA,NA,ENSBTAP00000019351,NA,NA,NULL,NA,NA
ENSMMUP00000009265,41,7,ENSP00000424544,41,7,ENSPTRP00000059071,41,7,ENSGGOP00000020427,NA,NA,ENSMUSP00000148134,NA,NA,ENSRNOP00000017452,41,7,ENSBTAP00000012110,41,7,ENSGALP00000022195,36,9
ENSMMUP00000013701,22,5,ENSP00000377284,22,5,ENSPTRP00000006930,22,5,ENSGGOP00000005453,22,5,ENSMUSP00000102598,NA,NA,ENSRNOP00000071311,NA,NA,ENSBTAP00000001053,NA,NA,ENSGALP00000027972,NA,NA
ENSMMUP00000040792,NA,NA,ENSP00000346120,NA,NA,ENSPTRP00000004431,NA,NA,ENSGGOP00000004968,NA,NA,ENSMUSP00000042691,NA,NA,ENSRNOP00000063494,NA,NA,ENSBTAP00000019351,NA,NA,NULL,NA,NA
ENSMMUP00000013894,16,5,ENSP00000434515,NA,NA,ENSPTRP00000006316,NA,NA,ENSGGOP00000009594,NA,NA,ENSMUSP00000088227,NA,NA,ENSRNOP00000071799,NA,NA,ENSBTAP00000013267,NA,NA,ENSGALP00000032036,NA,NA
ENSMMUP00000017064,26,5,ENSP00000328397,24,5,ENSPTRP00000014694,NA,NA,ENSGGOP00000011174,24,5,ENSMUSP00000021179,21,5,ENSRNOP00000034203,21,5,ENSBTAP00000054126,NA,NA,ENSGALP00000029440,NA,NA
ENSMMUP00000024477,20,6,ENSP00000427552,20,6,ENSPTRP00000030612,20,6,ENSGGOP00000014367,20,6,ENSMUSP00000112570,21,7,ENSRNOP00000075331,21,7,ENSBTAP00000014143,20,6,NULL,NA,NA
ENSMMUP00000010046,24,8,ENSP00000357909,24,8,ENSPTRP00000002167,24,8,ENSGGOP00000021928,24,8,ENSMUSP00000088333,25,8,ENSRNOP00000050221,23,7,ENSBTAP00000009575,23,7,NULL,NA,NA
ENSMMUP00000034115,24,5,NULL,NA,NA,NULL,NA,NA,NULL,NA,NA,ENSMUSP00000040435,20,5,ENSRNOP00000001035,NA,NA,ENSBTAP00000035741,23,5,ENSGALP00000058295,NA,NA
ENSMMUP00000013271,33,5,ENSP00000219345,33,5,ENSPTRP00000014105,35,5,ENSGGOP00000001537,33,5,ENSMUSP00000034377,NA,NA,ENSRNOP00000026996,NA,NA,ENSBTAP00000009888,NA,NA,ENSGALP00000056433,NA,NA
ENSMMUP00000034244,20,7,ENSP00000366233,19,6,NULL,NA,NA,ENSGGOP00000024094,19,6,ENSMUSP00000025338,19,5,ENSRNOP00000047788,19,5,ENSBTAP00000022907,19,6,NULL,NA,NA
ENSMMUP00000007859,27,5,ENSP00000373472,27,5,ENSPTRP00000012566,27,5,ENSGGOP00000011112,NA,NA,ENSMUSP00000108683,NA,NA,ENSRNOP00000060069,NA,NA,ENSBTAP00000038623,NA,NA,NULL,NA,NA
ENSMMUP00000006779,22,5,ENSP00000326309,NA,NA,ENSPTRP00000022893,NA,NA,NULL,NA,NA,ENSMUSP00000096809,NA,NA,ENSRNOP00000052274,NA,NA,ENSBTAP00000041772,22,5,NULL,NA,NA
ENSMMUP00000028298,20,7,ENSP00000366233,19,6,NULL,NA,NA,ENSGGOP00000024094,19,6,ENSMUSP00000025338,19,5,ENSRNOP00000047788,19,5,ENSBTAP00000022907,19,6,NULL,NA,NA
ENSMMUP00000023425,23,5,ENSP00000386346,35,5,NULL,NA,NA,ENSGGOP00000001365,23,5,ENSMUSP00000138695,NA,NA,ENSRNOP00000014505,NA,NA,ENSBTAP00000042549,NA,NA,NULL,NA,NA
ENSMMUP00000020810,26,7,ENSP00000384683,NA,NA,ENSPTRP00000010349,NA,NA,ENSGGOP00000003150,26,5,ENSMUSP00000066637,26,7,ENSRNOP00000042519,24,5,ENSBTAP00000003912,NA,NA,NULL,NA,NA
ENSMMUP00000032220,41,7,ENSP00000424544,41,7,ENSPTRP00000059071,41,7,ENSGGOP00000020427,NA,NA,ENSMUSP00000148134,NA,NA,ENSRNOP00000017452,41,7,ENSBTAP00000012110,41,7,ENSGALP00000022195,36,9
ENSMMUP00000040792,NA,NA,ENSP00000346120,NA,NA,ENSPTRP00000004431,NA,NA,ENSGGOP00000004968,NA,NA,ENSMUSP00000042691,NA,NA,ENSRNOP00000063494,NA,NA,ENSBTAP00000019351,NA,NA,NULL,NA,NA
ENSMMUP00000017065,26,5,ENSP00000328397,24,5,ENSPTRP00000014694,NA,NA,ENSGGOP00000011174,24,5,ENSMUSP00000021179,21,5,ENSRNOP00000034203,21,5,ENSBTAP00000054126,NA,NA,ENSGALP00000029440,NA,NA
ENSMMUP00000036345,29,7,ENSP00000380421,NA,NA,ENSPTRP00000003828,30,7,ENSGGOP00000019528,NA,NA,ENSMUSP00000077878,33,10,ENSRNOP00000025252,NA,NA,ENSBTAP00000007987,NA,NA,NULL,NA,NA
ENSMMUP00000040792,NA,NA,ENSP00000346120,NA,NA,ENSPTRP00000004431,NA,NA,ENSGGOP00000004968,NA,NA,ENSMUSP00000042691,NA,NA,ENSRNOP00000063494,NA,NA,ENSBTAP00000019351,NA,NA,NULL,NA,NA
ENSMMUP00000040792,NA,NA,ENSP00000346120,NA,NA,ENSPTRP00000004431,NA,NA,ENSGGOP00000004968,NA,NA,ENSMUSP00000042691,NA,NA,ENSRNOP00000063494,NA,NA,ENSBTAP00000019351,NA,NA,NULL,NA,NA
ENSMMUP00000040792,NA,NA,ENSP00000346120,NA,NA,ENSPTRP00000004431,NA,NA,ENSGGOP00000004968,NA,NA,ENSMUSP00000042691,NA,NA,ENSRNOP00000063494,NA,NA,ENSBTAP00000019351,NA,NA,NULL,NA,NA
ENSMMUP00000014646,27,10,ENSP00000362682,NA,NA,ENSPTRP00000036501,NA,NA,ENSGGOP00000004026,NA,NA,ENSMUSP00000058761,NA,NA,ENSRNOP00000018852,NA,NA,ENSBTAP00000006372,39,7,ENSGALP00000001568,NA,NA
ENSMMUP00000006270,26,5,ENSP00000373918,26,5,ENSPTRP00000048086,26,5,ENSGGOP00000027336,NA,NA,ENSMUSP00000003572,NA,NA,ENSRNOP00000014780,NA,NA,ENSBTAP00000025254,NA,NA,ENSGALP00000009121,NA,NA
ENSMMUP00000040792,NA,NA,ENSP00000346120,NA,NA,ENSPTRP00000004431,NA,NA,ENSGGOP00000004968,NA,NA,ENSMUSP00000042691,NA,NA,ENSRNOP00000063494,NA,NA,ENSBTAP00000019351,NA,NA,NULL,NA,NA
ENSMMUP00000010850,32,6,ENSP00000349143,32,10,ENSPTRP00000050499,32,10,NULL,NA,NA,ENSMUSP00000106063,NA,NA,ENSRNOP00000056159,NA,NA,ENSBTAP00000042458,NA,NA,NULL,NA,NA
ENSMMUP00000015878,28,6,ENSP00000249373,31,7,ENSPTRP00000033707,30,6,ENSGGOP00000003175,30,6,ENSMUSP00000001812,NA,NA,ENSRNOP00000011356,NA,NA,ENSBTAP00000017670,29,5,ENSGALP00000048984,NA,NA
ENSMMUP00000011105,23,5,ENSP00000272190,23,5,ENSPTRP00000051294,23,5,ENSGGOP00000025765,23,5,ENSMUSP00000092135,NA,NA,ENSRNOP00000003951,NA,NA,ENSBTAP00000028438,NA,NA,ENSGALP00000000756,NA,NA
ENSMMUP00000040792,NA,NA,ENSP00000346120,NA,NA,ENSPTRP00000004431,NA,NA,ENSGGOP00000004968,NA,NA,ENSMUSP00000042691,NA,NA,ENSRNOP00000063494,NA,NA,ENSBTAP00000019351,NA,NA,NULL,NA,NA
ENSMMUP00000040792,NA,NA,ENSP00000346120,NA,NA,ENSPTRP00000004431,NA,NA,ENSGGOP00000004968,NA,NA,ENSMUSP00000042691,NA,NA,ENSRNOP00000063494,NA,NA,ENSBTAP00000019351,NA,NA,NULL,NA,NA
ENSMMUP00000040792,NA,NA,ENSP00000346120,NA,NA,ENSPTRP00000004431,NA,NA,ENSGGOP00000004968,NA,NA,ENSMUSP00000042691,NA,NA,ENSRNOP00000063494,NA,NA,ENSBTAP00000019351,NA,NA,NULL,NA,NA
ENSMMUP00000007750,37,6,ENSP00000355621,45,6,ENSPTRP00000003555,NA,NA,ENSGGOP00000000160,NA,NA,ENSMUSP00000038484,34,5,ENSRNOP00000070958,34,6,ENSBTAP00000013692,NA,NA,ENSGALP00000045594,NA,NA
ENSMMUP00000039825,21,7,ENSP00000354612,NA,NA,ENSPTRP00000048987,NA,NA,ENSGGOP00000009159,NA,NA,ENSMUSP00000059977,27,7,ENSRNOP00000010218,26,8,ENSBTAP00000008833,24,6,ENSGALP00000034260,NA,NA
ENSMMUP00000040792,NA,NA,ENSP00000346120,NA,NA,ENSPTRP00000004431,NA,NA,ENSGGOP00000004968,NA,NA,ENSMUSP00000042691,NA,NA,ENSRNOP00000063494,NA,NA,ENSBTAP00000019351,NA,NA,NULL,NA,NA
ENSMMUP00000040792,NA,NA,ENSP00000346120,NA,NA,ENSPTRP00000004431,NA,NA,ENSGGOP00000004968,NA,NA,ENSMUSP00000042691,NA,NA,ENSRNOP00000063494,NA,NA,ENSBTAP00000019351,NA,NA,NULL,NA,NA
ENSMMUP00000015165,19,5,ENSP00000286301,19,5,ENSPTRP00000029749,19,5,ENSGGOP00000008739,19,5,ENSMUSP00000110923,NA,NA,ENSRNOP00000040411,NA,NA,ENSBTAP00000016977,NA,NA,ENSGALP00000009176,25,6
ENSMMUP00000005144,22,5,ENSP00000363840,22,5,ENSPTRP00000047036,22,5,ENSGGOP00000009593,NA,NA,ENSMUSP00000084772,NA,NA,ENSRNOP00000048846,22,5,ENSBTAP00000000793,NA,NA,NULL,NA,NA
ENSMMUP00000029581,19,7,ENSP00000413861,17,5,NULL,NA,NA,NULL,NA,NA,ENSMUSP00000058875,NA,NA,ENSRNOP00000036397,NA,NA,ENSBTAP00000011656,NA,NA,NULL,NA,NA
ENSMMUP00000040792,NA,NA,ENSP00000346120,NA,NA,ENSPTRP00000004431,NA,NA,ENSGGOP00000004968,NA,NA,ENSMUSP00000042691,NA,NA,ENSRNOP00000063494,NA,NA,ENSBTAP00000019351,NA,NA,NULL,NA,NA
ENSMMUP00000005406,36,5,ENSP00000434034,36,5,ENSPTRP00000007133,NA,NA,ENSGGOP00000014391,NA,NA,ENSMUSP00000049852,NA,NA,ENSRNOP00000023205,NA,NA,ENSBTAP00000053606,36,8,ENSGALP00000027820,NA,NA
ENSMMUP00000024478,20,6,ENSP00000427552,20,6,ENSPTRP00000030612,20,6,ENSGGOP00000014367,20,6,ENSMUSP00000112570,21,7,ENSRNOP00000075331,21,7,ENSBTAP00000014143,20,6,NULL,NA,NA
ENSMMUP00000006341,34,6,ENSP00000337065,34,6,ENSPTRP00000029520,34,6,ENSGGOP00000002796,34,6,ENSMUSP00000021970,22,6,ENSRNOP00000016009,22,6,ENSBTAP00000008803,18,6,ENSGALP00000010242,NA,NA
ENSMMUP00000040792,NA,NA,ENSP00000346120,NA,NA,ENSPTRP00000004431,NA,NA,ENSGGOP00000004968,NA,NA,ENSMUSP00000042691,NA,NA,ENSRNOP00000063494,NA,NA,ENSBTAP00000019351,NA,NA,NULL,NA,NA
ENSMMUP00000040792,NA,NA,ENSP00000346120,NA,NA,ENSPTRP00000004431,NA,NA,ENSGGOP00000004968,NA,NA,ENSMUSP00000042691,NA,NA,ENSRNOP00000063494,NA,NA,ENSBTAP00000019351,NA,NA,NULL,NA,NA
ENSMMUP00000016772,24,6,ENSP00000401502,NA,NA,ENSPTRP00000042983,NA,NA,ENSGGOP00000005224,NA,NA,NULL,NA,NA,NULL,NA,NA,NULL,NA,NA,NULL,NA,NA
ENSMMUP00000031219,35,5,ENSP00000302621,35,5,ENSPTRP00000017533,35,5,ENSGGOP00000024614,35,5,ENSMUSP00000038048,NA,NA,ENSRNOP00000065771,NA,NA,ENSBTAP00000003618,NA,NA,ENSGALP00000041118,20,8
ENSMMUP00000022281,19,5,ENSP00000308938,19,5,ENSPTRP00000032051,19,5,ENSGGOP00000010048,19,5,NULL,NA,NA,NULL,NA,NA,ENSBTAP00000001674,NA,NA,ENSGALP00000006818,NA,NA
ENSMMUP00000024706,21,5,ENSP00000279263,36,5,ENSPTRP00000006658,29,5,ENSGGOP00000002671,36,5,ENSMUSP00000025713,NA,NA,ENSRNOP00000028485,NA,NA,ENSBTAP00000006683,NA,NA,NULL,NA,NA
ENSMMUP00000038606,18,7,ENSP00000357072,18,7,ENSPTRP00000002583,18,7,NULL,NA,NA,ENSMUSP00000027830,17,5,ENSRNOP00000010594,17,5,ENSBTAP00000033967,NA,NA,NULL,NA,NA
ENSMMUP00000026357,23,5,ENSP00000340292,23,5,ENSPTRP00000058864,23,5,ENSGGOP00000000417,23,5,ENSMUSP00000063104,23,5,ENSRNOP00000069391,23,5,ENSBTAP00000051840,23,5,ENSGALP00000018320,NA,NA
ENSMMUP00000027618,23,7,ENSP00000360761,23,7,ENSPTRP00000048655,NA,NA,ENSGGOP00000023606,NA,NA,ENSMUSP00000028286,23,7,ENSRNOP00000026408,NA,NA,ENSBTAP00000035108,NA,NA,ENSGALP00000038231,NA,NA
ENSMMUP00000040321,20,7,ENSP00000478600,20,7,ENSPTRP00000007845,NA,NA,ENSGGOP00000019209,20,7,ENSMUSP00000023958,19,7,ENSRNOP00000021578,NA,NA,ENSBTAP00000037562,NA,NA,ENSGALP00000023347,18,7
ENSMMUP00000036900,25,6,ENSP00000383938,24,5,ENSPTRP00000056512,24,5,ENSGGOP00000007930,NA,NA,ENSMUSP00000024042,22,5,ENSRNOP00000006357,22,6,ENSBTAP00000054551,21,6,ENSGALP00000013913,31,7
ENSMMUP00000008312,26,5,ENSP00000364902,25,5,ENSPTRP00000022931,25,5,ENSGGOP00000012550,25,5,ENSMUSP00000053122,31,7,ENSRNOP00000013730,32,7,ENSBTAP00000021595,31,6,ENSGALP00000038505,NA,NA
ENSMMUP00000022693,25,6,ENSP00000402505,NA,NA,NULL,NA,NA,NULL,NA,NA,NULL,NA,NA,NULL,NA,NA,ENSBTAP00000044507,25,5,ENSGALP00000005928,NA,NA
ENSMMUP00000017256,5,146,ENSP00000367794,5,97,ENSPTRP00000037386,5,97,ENSGGOP00000020741,5,97,ENSMUSP00000047926,NA,NA,ENSRNOP00000048924,30,5,ENSBTAP00000005604,25,5,ENSGALP00000049897,NA,NA
ENSMMUP00000040792,NA,NA,ENSP00000346120,NA,NA,ENSPTRP00000004431,NA,NA,ENSGGOP00000004968,NA,NA,ENSMUSP00000042691,NA,NA,ENSRNOP00000063494,NA,NA,ENSBTAP00000019351,NA,NA,NULL,NA,NA
ENSMMUP00000008841,27,6,NULL,NA,NA,NULL,NA,NA,NULL,NA,NA,NULL,NA,NA,NULL,NA,NA,NULL,NA,NA,NULL,NA,NA
ENSMMUP00000015782,27,6,ENSP00000380901,21,6,ENSPTRP00000001752,21,6,ENSGGOP00000003705,21,6,ENSMUSP00000070270,24,6,ENSRNOP00000014388,24,6,ENSBTAP00000013427,29,7,ENSGALP00000003607,26,7
ENSMMUP00000019509,29,6,ENSP00000307954,29,6,ENSPTRP00000029281,29,6,ENSGGOP00000026403,29,6,ENSMUSP00000057670,NA,NA,ENSRNOP00000073621,NA,NA,ENSBTAP00000054718,NA,NA,ENSGALP00000043294,NA,NA
ENSMMUP00000028930,29,5,ENSP00000312158,28,6,NULL,NA,NA,ENSGGOP00000003556,32,10,ENSMUSP00000106063,NA,NA,ENSRNOP00000056159,NA,NA,ENSBTAP00000042458,NA,NA,NULL,NA,NA
ENSMMUP00000001239,28,6,ENSP00000356329,28,5,ENSPTRP00000049541,28,5,ENSGGOP00000003811,NA,NA,NULL,NA,NA,NULL,NA,NA,ENSBTAP00000053867,NA,NA,NULL,NA,NA
ENSMMUP00000011722,28,5,ENSP00000351682,26,5,ENSPTRP00000017188,27,6,ENSGGOP00000023430,29,5,ENSMUSP00000069699,NA,NA,ENSRNOP00000034652,NA,NA,ENSBTAP00000028564,NA,NA,ENSGALP00000022230,NA,NA
ENSMMUP00000013973,27,7,ENSP00000306449,27,7,ENSPTRP00000033642,27,7,ENSGGOP00000004303,29,7,ENSMUSP00000052185,27,6,ENSRNOP00000003593,27,6,ENSBTAP00000018241,24,7,ENSGALP00000047763,NA,NA
ENSMMUP00000010638,29,6,ENSP00000339390,27,5,ENSPTRP00000023552,27,5,ENSGGOP00000012165,27,5,ENSMUSP00000048829,20,5,ENSRNOP00000074411,20,5,ENSBTAP00000027003,NA,NA,NULL,NA,NA
ENSMMUP00000030914,26,5,ENSP00000430733,26,5,ENSPTRP00000034173,NA,NA,ENSGGOP00000000360,NA,NA,ENSMUSP00000080751,NA,NA,ENSRNOP00000054705,NA,NA,ENSBTAP00000012850,NA,NA,ENSGALP00000049414,NA,NA
ENSMMUP00000025453,24,5,ENSP00000399679,24,5,NULL,NA,NA,ENSGGOP00000017418,24,5,ENSMUSP00000128943,NA,NA,ENSRNOP00000059900,NA,NA,ENSBTAP00000015839,NA,NA,NULL,NA,NA
ENSMMUP00000002866,21,7,ENSP00000244763,21,7,ENSPTRP00000030217,21,7,ENSGGOP00000004477,21,7,ENSMUSP00000021864,NA,NA,ENSRNOP00000070389,NA,NA,ENSBTAP00000008253,20,7,ENSGALP00000020852,NA,NA
ENSMMUP00000031370,37,10,ENSP00000394720,43,11,ENSPTRP00000012734,42,10,ENSGGOP00000004698,NA,NA,ENSMUSP00000032754,30,10,ENSRNOP00000030864,28,6,ENSBTAP00000028346,39,5,ENSGALP00000013496,NA,NA
ENSMMUP00000027994,33,6,ENSP00000303211,33,6,ENSPTRP00000046302,33,6,ENSGGOP00000001493,33,6,ENSMUSP00000024099,NA,NA,ENSRNOP00000073951,NA,NA,ENSBTAP00000001517,30,5,NULL,NA,NA
ENSMMUP00000040792,NA,NA,ENSP00000346120,NA,NA,ENSPTRP00000004431,NA,NA,ENSGGOP00000004968,NA,NA,ENSMUSP00000042691,NA,NA,ENSRNOP00000063494,NA,NA,ENSBTAP00000019351,NA,NA,NULL,NA,NA
ENSMMUP00000013952,18,5,ENSP00000339477,NA,NA,ENSPTRP00000055481,NA,NA,ENSGGOP00000012125,NA,NA,ENSMUSP00000101032,NA,NA,ENSRNOP00000031382,NA,NA,ENSBTAP00000019810,NA,NA,ENSGALP00000044353,NA,NA
ENSMMUP00000040792,NA,NA,ENSP00000346120,NA,NA,ENSPTRP00000004431,NA,NA,ENSGGOP00000004968,NA,NA,ENSMUSP00000042691,NA,NA,ENSRNOP00000063494,NA,NA,ENSBTAP00000019351,NA,NA,NULL,NA,NA
ENSMMUP00000011433,28,6,ENSP00000383376,28,6,ENSPTRP00000057989,28,6,ENSGGOP00000008073,22,6,ENSMUSP00000109833,NA,NA,ENSRNOP00000049564,NA,NA,ENSBTAP00000000795,20,6,ENSGALP00000052977,NA,NA
ENSMMUP00000011196,19,5,ENSP00000378957,38,5,NULL,NA,NA,ENSGGOP00000005920,37,5,ENSMUSP00000070848,NA,NA,ENSRNOP00000074203,22,6,ENSBTAP00000008130,20,5,NULL,NA,NA
ENSMMUP00000040792,NA,NA,ENSP00000346120,NA,NA,ENSPTRP00000004431,NA,NA,ENSGGOP00000004968,NA,NA,ENSMUSP00000042691,NA,NA,ENSRNOP00000063494,NA,NA,ENSBTAP00000019351,NA,NA,NULL,NA,NA
ENSMMUP00000027995,33,6,ENSP00000303211,33,6,ENSPTRP00000046302,33,6,ENSGGOP00000001493,33,6,ENSMUSP00000024099,NA,NA,ENSRNOP00000073951,NA,NA,ENSBTAP00000001517,30,5,NULL,NA,NA
ENSMMUP00000040792,NA,NA,ENSP00000346120,NA,NA,ENSPTRP00000004431,NA,NA,ENSGGOP00000004968,NA,NA,ENSMUSP00000042691,NA,NA,ENSRNOP00000063494,NA,NA,ENSBTAP00000019351,NA,NA,NULL,NA,NA
ENSMMUP00000021464,35,7,ENSP00000346283,35,7,ENSPTRP00000049321,34,6,ENSGGOP00000009970,35,7,NULL,NA,NA,NULL,NA,NA,NULL,NA,NA,NULL,NA,NA
ENSMMUP00000007280,19,5,ENSP00000358696,19,5,ENSPTRP00000038678,19,5,ENSGGOP00000013167,28,5,ENSMUSP00000004326,NA,NA,ENSRNOP00000068735,NA,NA,ENSBTAP00000030170,NA,NA,NULL,NA,NA
ENSMMUP00000018783,31,6,ENSP00000252483,31,7,ENSPTRP00000048635,31,6,ENSGGOP00000006227,32,8,ENSMUSP00000074898,31,6,ENSRNOP00000025388,31,6,ENSBTAP00000020344,32,6,NULL,NA,NA
ENSMMUP00000034080,36,10,ENSP00000274721,31,5,ENSPTRP00000029554,31,5,ENSGGOP00000017064,32,6,ENSMUSP00000025224,NA,NA,ENSRNOP00000027544,NA,NA,ENSBTAP00000006958,24,5,ENSGALP00000012311,NA,NA
ENSMMUP00000021179,17,7,ENSP00000352601,16,6,ENSPTRP00000043217,NA,NA,ENSGGOP00000015315,16,6,ENSMUSP00000022782,NA,NA,ENSRNOP00000015468,17,5,ENSBTAP00000021782,NA,NA,NULL,NA,NA
ENSMMUP00000005142,22,5,ENSP00000363840,22,5,ENSPTRP00000047036,22,5,ENSGGOP00000009593,NA,NA,ENSMUSP00000084772,NA,NA,ENSRNOP00000048846,22,5,ENSBTAP00000000793,NA,NA,NULL,NA,NA
ENSMMUP00000040792,NA,NA,ENSP00000346120,NA,NA,ENSPTRP00000004431,NA,NA,ENSGGOP00000004968,NA,NA,ENSMUSP00000042691,NA,NA,ENSRNOP00000063494,NA,NA,ENSBTAP00000019351,NA,NA,NULL,NA,NA
ENSMMUP00000021811,20,5,ENSP00000264833,24,5,ENSPTRP00000017781,20,5,ENSGGOP00000005885,NA,NA,ENSMUSP00000034692,NA,NA,ENSRNOP00000027829,NA,NA,ENSBTAP00000009935,NA,NA,ENSGALP00000048664,NA,NA
ENSMMUP00000040792,NA,NA,ENSP00000346120,NA,NA,ENSPTRP00000004431,NA,NA,ENSGGOP00000004968,NA,NA,ENSMUSP00000042691,NA,NA,ENSRNOP00000063494,NA,NA,ENSBTAP00000019351,NA,NA,NULL,NA,NA
ENSMMUP00000028485,47,5,ENSP00000329797,44,5,ENSPTRP00000007397,NA,NA,ENSGGOP00000009973,NA,NA,ENSMUSP00000124119,47,6,ENSRNOP00000041169,NA,NA,ENSBTAP00000036781,47,6,ENSGALP00000023468,NA,NA
ENSMMUP00000004777,28,9,ENSP00000270593,28,7,ENSPTRP00000019503,NA,NA,ENSGGOP00000026007,NA,NA,ENSMUSP00000112922,27,9,ENSRNOP00000075674,NA,NA,ENSBTAP00000020110,27,9,NULL,NA,NA
ENSMMUP00000037564,29,9,ENSP00000348912,27,10,ENSPTRP00000039913,28,10,ENSGGOP00000016554,28,10,ENSMUSP00000105861,NA,NA,ENSRNOP00000040646,28,8,ENSBTAP00000017511,30,5,ENSGALP00000044183,NA,NA
ENSMMUP00000040792,NA,NA,ENSP00000346120,NA,NA,ENSPTRP00000004431,NA,NA,ENSGGOP00000004968,NA,NA,ENSMUSP00000042691,NA,NA,ENSRNOP00000063494,NA,NA,ENSBTAP00000019351,NA,NA,NULL,NA,NA
ENSMMUP00000034147,20,6,ENSP00000427552,20,6,ENSPTRP00000030612,20,6,ENSGGOP00000014367,20,6,ENSMUSP00000112570,21,7,ENSRNOP00000075331,21,7,ENSBTAP00000014143,20,6,NULL,NA,NA
ENSMMUP00000040792,NA,NA,ENSP00000346120,NA,NA,ENSPTRP00000004431,NA,NA,ENSGGOP00000004968,NA,NA,ENSMUSP00000042691,NA,NA,ENSRNOP00000063494,NA,NA,ENSBTAP00000019351,NA,NA,NULL,NA,NA
ENSMMUP00000023282,19,6,ENSP00000418910,19,6,ENSPTRP00000061116,NA,NA,ENSGGOP00000019433,19,6,ENSMUSP00000103557,19,6,ENSRNOP00000072567,19,6,ENSBTAP00000042037,19,6,ENSGALP00000016915,NA,NA
ENSMMUP00000021230,19,5,ENSP00000353238,19,5,ENSPTRP00000053631,19,5,ENSGGOP00000004539,19,5,ENSMUSP00000049534,NA,NA,ENSRNOP00000069252,NA,NA,ENSBTAP00000037201,NA,NA,NULL,NA,NA
ENSMMUP00000033716,10,6,ENSP00000402855,15,7,ENSPTRP00000031014,20,7,ENSGGOP00000014706,20,7,ENSMUSP00000024792,20,8,ENSRNOP00000018138,NA,NA,ENSBTAP00000008500,19,7,NULL,NA,NA
ENSMMUP00000040428,27,6,ENSP00000380901,21,6,ENSPTRP00000001752,21,6,ENSGGOP00000003705,21,6,ENSMUSP00000070270,24,6,ENSRNOP00000014388,24,6,ENSBTAP00000013427,29,7,ENSGALP00000003607,26,7
ENSMMUP00000019465,42,5,ENSP00000237696,41,5,ENSPTRP00000026803,37,5,ENSGGOP00000023788,25,5,ENSMUSP00000056728,NA,NA,ENSRNOP00000054312,NA,NA,ENSBTAP00000039864,38,5,ENSGALP00000015618,NA,NA
ENSMMUP00000040792,NA,NA,ENSP00000346120,NA,NA,ENSPTRP00000004431,NA,NA,ENSGGOP00000004968,NA,NA,ENSMUSP00000042691,NA,NA,ENSRNOP00000063494,NA,NA,ENSBTAP00000019351,NA,NA,NULL,NA,NA
ENSMMUP00000008449,19,10,ENSP00000301671,17,8,ENSPTRP00000015665,17,8,ENSGGOP00000021569,NA,NA,ENSMUSP00000017891,18,8,ENSRNOP00000025590,NA,NA,ENSBTAP00000000876,5,15,ENSGALP00000005265,NA,NA
ENSMMUP00000008929,39,7,ENSP00000264914,38,7,ENSPTRP00000054793,40,9,ENSGGOP00000010190,40,9,ENSMUSP00000088964,6,216,ENSRNOP00000014860,36,7,ENSBTAP00000010988,38,8,ENSGALP00000037820,NA,NA
ENSMMUP00000010914,25,7,ENSP00000345175,26,7,ENSPTRP00000018046,NA,NA,ENSGGOP00000023252,26,7,ENSMUSP00000091073,20,6,ENSRNOP00000037510,34,8,ENSBTAP00000007981,23,8,NULL,NA,NA
ENSMMUP00000040792,NA,NA,ENSP00000346120,NA,NA,ENSPTRP00000004431,NA,NA,ENSGGOP00000004968,NA,NA,ENSMUSP00000042691,NA,NA,ENSRNOP00000063494,NA,NA,ENSBTAP00000019351,NA,NA,NULL,NA,NA
ENSMMUP00000029746,29,7,ENSP00000265459,28,7,ENSPTRP00000006621,28,7,ENSGGOP00000002310,NA,NA,ENSMUSP00000109089,28,5,ENSRNOP00000029449,28,5,ENSBTAP00000000307,26,5,NULL,NA,NA
ENSMMUP00000037828,29,9,NULL,NA,NA,NULL,NA,NA,NULL,NA,NA,NULL,NA,NA,NULL,NA,NA,NULL,NA,NA,NULL,NA,NA
ENSMMUP00000031220,25,8,ENSP00000467290,25,8,ENSPTRP00000017536,25,8,NULL,NA,NA,ENSMUSP00000130985,26,5,ENSRNOP00000067668,26,6,ENSBTAP00000003619,25,8,ENSGALP00000001772,26,5
ENSMMUP00000037210,16,5,ENSP00000434515,NA,NA,ENSPTRP00000006316,NA,NA,ENSGGOP00000009594,NA,NA,ENSMUSP00000088227,NA,NA,ENSRNOP00000071799,NA,NA,ENSBTAP00000013267,NA,NA,ENSGALP00000032036,NA,NA
ENSMMUP00000031235,21,5,ENSP00000307132,NA,NA,NULL,NA,NA,ENSGGOP00000016172,NA,NA,ENSMUSP00000043520,NA,NA,ENSRNOP00000007336,NA,NA,ENSBTAP00000000790,NA,NA,ENSGALP00000043172,NA,NA
ENSMMUP00000040792,NA,NA,ENSP00000346120,NA,NA,ENSPTRP00000004431,NA,NA,ENSGGOP00000004968,NA,NA,ENSMUSP00000042691,NA,NA,ENSRNOP00000063494,NA,NA,ENSBTAP00000019351,NA,NA,NULL,NA,NA
ENSMMUP00000027318,28,8,ENSP00000363770,28,8,ENSPTRP00000000560,28,8,NULL,NA,NA,ENSMUSP00000036747,NA,NA,ENSRNOP00000017065,31,6,ENSBTAP00000014865,55,6,ENSGALP00000051833,NA,NA
ENSMMUP00000040792,NA,NA,ENSP00000346120,NA,NA,ENSPTRP00000004431,NA,NA,ENSGGOP00000004968,NA,NA,ENSMUSP00000042691,NA,NA,ENSRNOP00000063494,NA,NA,ENSBTAP00000019351,NA,NA,NULL,NA,NA
ENSMMUP00000038374,26,5,ENSP00000365651,26,5,ENSPTRP00000000300,26,5,NULL,NA,NA,NULL,NA,NA,NULL,NA,NA,ENSBTAP00000028974,26,5,ENSGALP00000034287,24,5
ENSMMUP00000006166,19,5,ENSP00000262551,19,6,ENSPTRP00000036078,19,5,ENSGGOP00000006065,19,5,ENSMUSP00000021822,NA,NA,ENSRNOP00000065601,19,5,ENSBTAP00000055245,NA,NA,ENSGALP00000043060,NA,NA
ENSMMUP00000040792,NA,NA,ENSP00000346120,NA,NA,ENSPTRP00000004431,NA,NA,ENSGGOP00000004968,NA,NA,ENSMUSP00000042691,NA,NA,ENSRNOP00000063494,NA,NA,ENSBTAP00000019351,NA,NA,NULL,NA,NA
ENSMMUP00000007661,33,5,ENSP00000256637,33,5,ENSPTRP00000001807,NA,NA,ENSGGOP00000006418,33,5,ENSMUSP00000123564,31,5,ENSRNOP00000051102,31,5,ENSBTAP00000011652,NA,NA,ENSGALP00000054532,NA,NA
ENSMMUP00000040792,NA,NA,ENSP00000346120,NA,NA,ENSPTRP00000004431,NA,NA,ENSGGOP00000004968,NA,NA,ENSMUSP00000042691,NA,NA,ENSRNOP00000063494,NA,NA,ENSBTAP00000019351,NA,NA,NULL,NA,NA
ENSMMUP00000021671,36,11,ENSP00000458977,32,8,ENSPTRP00000014096,32,8,ENSGGOP00000012322,32,8,ENSMUSP00000080659,NA,NA,ENSRNOP00000031955,NA,NA,ENSBTAP00000003655,33,5,ENSGALP00000005425,NA,NA
ENSMMUP00000012814,25,9,ENSP00000333298,28,10,ENSPTRP00000053314,28,10,ENSGGOP00000025011,28,5,ENSMUSP00000033824,24,6,ENSRNOP00000026580,21,6,ENSBTAP00000042536,26,5,ENSGALP00000052871,NA,NA
ENSMMUP00000003970,43,5,ENSP00000333680,NA,NA,ENSPTRP00000024899,NA,NA,ENSGGOP00000014032,NA,NA,ENSMUSP00000097946,NA,NA,ENSRNOP00000030943,NA,NA,ENSBTAP00000006606,NA,NA,NULL,NA,NA
ENSMMUP00000040792,NA,NA,ENSP00000346120,NA,NA,ENSPTRP00000004431,NA,NA,ENSGGOP00000004968,NA,NA,ENSMUSP00000042691,NA,NA,ENSRNOP00000063494,NA,NA,ENSBTAP00000019351,NA,NA,NULL,NA,NA
ENSMMUP00000009983,52,7,ENSP00000308315,NA,NA,ENSPTRP00000001283,NA,NA,ENSGGOP00000005521,NA,NA,ENSMUSP00000102320,NA,NA,ENSRNOP00000015466,NA,NA,ENSBTAP00000016614,NA,NA,ENSGALP00000017309,NA,NA
ENSMMUP00000022277,28,5,ENSP00000192314,33,5,ENSPTRP00000048554,5,156,ENSGGOP00000013943,33,5,ENSMUSP00000136012,NA,NA,ENSRNOP00000038058,NA,NA,ENSBTAP00000011986,NA,NA,ENSGALP00000010257,NA,NA
ENSMMUP00000005571,33,6,ENSP00000233969,33,6,ENSPTRP00000021080,33,6,ENSGGOP00000016090,33,6,ENSMUSP00000027231,34,6,ENSRNOP00000021270,34,6,ENSBTAP00000002235,31,8,ENSGALP00000027059,NA,NA
ENSMMUP00000020782,20,5,ENSP00000326708,22,5,ENSPTRP00000008194,22,5,ENSGGOP00000008514,22,5,NULL,NA,NA,NULL,NA,NA,ENSBTAP00000007060,22,7,NULL,NA,NA
ENSMMUP00000029773,22,5,ENSP00000367202,22,5,ENSPTRP00000035794,22,5,ENSGGOP00000003261,NA,NA,ENSMUSP00000030198,22,5,ENSRNOP00000070900,26,5,ENSBTAP00000000084,26,5,ENSGALP00000056648,NA,NA
ENSMMUP00000022103,23,9,ENSP00000246006,21,9,ENSPTRP00000022834,21,7,NULL,NA,NA,ENSMUSP00000096876,NA,NA,NULL,NA,NA,ENSBTAP00000051405,37,8,ENSGALP00000013598,21,6
ENSMMUP00000040792,NA,NA,ENSP00000346120,NA,NA,ENSPTRP00000004431,NA,NA,ENSGGOP00000004968,NA,NA,ENSMUSP00000042691,NA,NA,ENSRNOP00000063494,NA,NA,ENSBTAP00000019351,NA,NA,NULL,NA,NA
ENSMMUP00000003636,47,10,ENSP00000280481,46,9,ENSPTRP00000009878,46,9,NULL,NA,NA,ENSMUSP00000088670,39,8,ENSRNOP00000031592,37,6,ENSBTAP00000022647,46,5,ENSGALP00000051301,NA,NA
ENSMMUP00000012002,22,6,ENSP00000371548,22,6,ENSPTRP00000027477,22,6,ENSGGOP00000022939,22,6,ENSMUSP00000040436,NA,NA,ENSRNOP00000005168,NA,NA,ENSBTAP00000023124,29,7,ENSGALP00000045075,NA,NA
ENSMMUP00000016924,24,7,ENSP00000354612,NA,NA,ENSPTRP00000048987,NA,NA,ENSGGOP00000009159,NA,NA,ENSMUSP00000059977,27,7,ENSRNOP00000010218,26,8,ENSBTAP00000008833,24,6,ENSGALP00000034260,NA,NA
ENSMMUP00000027935,28,5,ENSP00000362513,28,5,ENSPTRP00000041277,NA,NA,ENSGGOP00000021003,NA,NA,ENSMUSP00000037258,27,5,NULL,NA,NA,ENSBTAP00000054533,NA,NA,NULL,NA,NA
ENSMMUP00000004284,26,5,ENSP00000406367,33,5,ENSPTRP00000034515,33,5,ENSGGOP00000012568,29,5,ENSMUSP00000033876,NA,NA,ENSRNOP00000017776,NA,NA,ENSBTAP00000011608,NA,NA,ENSGALP00000048096,NA,NA
ENSMMUP00000040792,NA,NA,ENSP00000346120,NA,NA,ENSPTRP00000004431,NA,NA,ENSGGOP00000004968,NA,NA,ENSMUSP00000042691,NA,NA,ENSRNOP00000063494,NA,NA,ENSBTAP00000019351,NA,NA,NULL,NA,NA
ENSMMUP00000034234,29,6,ENSP00000366095,29,6,ENSPTRP00000030529,29,6,ENSGGOP00000016501,28,5,ENSMUSP00000099726,29,7,ENSRNOP00000001008,27,5,ENSBTAP00000042496,NA,NA,NULL,NA,NA
ENSMMUP00000000631,34,8,ENSP00000361926,26,9,ENSPTRP00000031059,26,9,ENSGGOP00000001357,26,9,ENSMUSP00000050309,26,5,ENSRNOP00000021868,25,8,ENSBTAP00000021132,NA,NA,ENSGALP00000049207,NA,NA
ENSMMUP00000007924,31,5,ENSP00000305919,31,5,ENSPTRP00000034549,31,5,ENSGGOP00000005915,31,5,ENSMUSP00000081044,NA,NA,ENSRNOP00000070978,NA,NA,ENSBTAP00000004564,NA,NA,NULL,NA,NA
ENSMMUP00000006290,33,6,ENSP00000272902,33,6,ENSPTRP00000025117,33,5,ENSGGOP00000015554,33,6,ENSMUSP00000032191,NA,NA,ENSRNOP00000009008,NA,NA,ENSBTAP00000052631,NA,NA,ENSGALP00000013469,NA,NA
ENSMMUP00000008448,33,8,ENSP00000293330,33,8,ENSPTRP00000015664,32,8,ENSGGOP00000027101,33,8,ENSMUSP00000057578,32,7,ENSRNOP00000025547,32,7,ENSBTAP00000000875,33,8,ENSGALP00000018699,27,8
ENSMMUP00000011963,23,7,ENSP00000357980,22,6,ENSPTRP00000005327,NA,NA,ENSGGOP00000004758,23,7,ENSMUSP00000006367,22,6,ENSRNOP00000027860,22,6,ENSBTAP00000011042,29,8,ENSGALP00000055952,NA,NA
ENSMMUP00000040792,NA,NA,ENSP00000346120,NA,NA,ENSPTRP00000004431,NA,NA,ENSGGOP00000004968,NA,NA,ENSMUSP00000042691,NA,NA,ENSRNOP00000063494,NA,NA,ENSBTAP00000019351,NA,NA,NULL,NA,NA
ENSMMUP00000028688,39,6,ENSP00000332773,35,6,ENSPTRP00000012266,35,6,ENSGGOP00000025693,NA,NA,ENSMUSP00000034961,47,8,ENSRNOP00000039295,45,6,ENSBTAP00000045681,NA,NA,ENSGALP00000047868,NA,NA
ENSMMUP00000005021,21,5,NULL,NA,NA,NULL,NA,NA,NULL,NA,NA,ENSMUSP00000040435,20,5,ENSRNOP00000001035,NA,NA,ENSBTAP00000035741,23,5,ENSGALP00000058295,NA,NA
ENSMMUP00000010637,29,6,ENSP00000339390,27,5,ENSPTRP00000023552,27,5,ENSGGOP00000012165,27,5,ENSMUSP00000048829,20,5,ENSRNOP00000074411,20,5,ENSBTAP00000027003,NA,NA,NULL,NA,NA
ENSMMUP00000007263,28,7,ENSP00000452245,28,7,ENSPTRP00000054975,28,7,NULL,NA,NA,ENSMUSP00000127274,29,5,ENSRNOP00000043003,28,7,ENSBTAP00000026127,28,6,ENSGALP00000031533,NA,NA
ENSMMUP00000040792,NA,NA,ENSP00000346120,NA,NA,ENSPTRP00000004431,NA,NA,ENSGGOP00000004968,NA,NA,ENSMUSP00000042691,NA,NA,ENSRNOP00000063494,NA,NA,ENSBTAP00000019351,NA,NA,NULL,NA,NA
ENSMMUP00000019423,28,7,ENSP00000270631,30,9,NULL,NA,NA,ENSGGOP00000026063,28,6,ENSMUSP00000041047,33,10,ENSRNOP00000028072,46,10,ENSBTAP00000001408,25,8,NULL,NA,NA
ENSMMUP00000028101,17,6,ENSP00000363763,NA,NA,ENSPTRP00000052704,NA,NA,ENSGGOP00000023955,NA,NA,ENSMUSP00000058135,NA,NA,ENSRNOP00000070517,NA,NA,ENSBTAP00000026780,NA,NA,ENSGALP00000007541,NA,NA
ENSMMUP00000022964,26,5,NULL,NA,NA,NULL,NA,NA,NULL,NA,NA,NULL,NA,NA,NULL,NA,NA,NULL,NA,NA,NULL,NA,NA
ENSMMUP00000003710,16,8,ENSP00000329380,16,8,ENSPTRP00000053173,16,8,ENSGGOP00000000213,NA,NA,ENSMUSP00000057563,NA,NA,ENSRNOP00000053510,NA,NA,ENSBTAP00000006460,16,8,NULL,NA,NA
ENSMMUP00000039230,20,6,ENSP00000370593,20,6,ENSPTRP00000049466,20,6,ENSGGOP00000017511,20,6,ENSMUSP00000133468,NA,NA,ENSRNOP00000066744,27,6,ENSBTAP00000013433,NA,NA,ENSGALP00000024246,NA,NA
ENSMMUP00000040792,NA,NA,ENSP00000346120,NA,NA,ENSPTRP00000004431,NA,NA,ENSGGOP00000004968,NA,NA,ENSMUSP00000042691,NA,NA,ENSRNOP00000063494,NA,NA,ENSBTAP00000019351,NA,NA,NULL,NA,NA
ENSMMUP00000002948,26,5,ENSP00000484631,26,5,ENSPTRP00000014987,26,5,ENSGGOP00000003098,26,5,ENSMUSP00000104342,26,5,ENSRNOP00000069909,26,5,ENSBTAP00000025389,26,5,ENSGALP00000050837,NA,NA
ENSMMUP00000015078,44,7,ENSP00000366280,44,7,ENSPTRP00000020979,44,7,ENSGGOP00000001374,44,7,ENSMUSP00000110663,NA,NA,ENSRNOP00000060837,NA,NA,ENSBTAP00000005195,44,7,ENSGALP00000052392,NA,NA
ENSMMUP00000017773,29,9,ENSP00000369816,29,10,ENSPTRP00000014833,29,10,ENSGGOP00000028202,30,9,ENSMUSP00000005334,27,8,ENSRNOP00000015248,NA,NA,ENSBTAP00000005537,25,7,NULL,NA,NA
ENSMMUP00000040792,NA,NA,ENSP00000346120,NA,NA,ENSPTRP00000004431,NA,NA,ENSGGOP00000004968,NA,NA,ENSMUSP00000042691,NA,NA,ENSRNOP00000063494,NA,NA,ENSBTAP00000019351,NA,NA,NULL,NA,NA
ENSMMUP00000017778,38,6,ENSP00000344468,46,6,ENSPTRP00000044655,NA,NA,ENSGGOP00000018215,NA,NA,ENSMUSP00000065877,44,6,ENSRNOP00000041634,44,6,ENSBTAP00000037854,NA,NA,ENSGALP00000051243,NA,NA
ENSMMUP00000009142,20,6,ENSP00000370593,20,6,ENSPTRP00000049466,20,6,ENSGGOP00000017511,20,6,ENSMUSP00000133468,NA,NA,ENSRNOP00000066744,27,6,ENSBTAP00000013433,NA,NA,ENSGALP00000024246,NA,NA
ENSMMUP00000008370,31,8,ENSP00000362734,28,5,ENSPTRP00000041706,28,5,ENSGGOP00000025205,NA,NA,ENSMUSP00000058007,35,13,ENSRNOP00000035420,32,10,ENSBTAP00000040914,31,8,ENSGALP00000037962,NA,NA
ENSMMUP00000006286,28,6,ENSP00000349143,32,10,ENSPTRP00000050499,32,10,NULL,NA,NA,ENSMUSP00000106063,NA,NA,ENSRNOP00000056159,NA,NA,ENSBTAP00000042458,NA,NA,NULL,NA,NA
ENSMMUP00000008237,26,10,ENSP00000356599,NA,NA,ENSPTRP00000002871,21,5,ENSGGOP00000002587,21,5,ENSMUSP00000078572,21,5,ENSRNOP00000005726,24,7,ENSBTAP00000018609,NA,NA,ENSGALP00000006692,25,5
ENSMMUP00000010112,23,5,ENSP00000233242,27,6,ENSPTRP00000052150,26,5,ENSGGOP00000020316,NA,NA,ENSMUSP00000036044,NA,NA,ENSRNOP00000039779,NA,NA,ENSBTAP00000038799,22,7,ENSGALP00000026550,19,8
ENSMMUP00000033990,26,5,ENSP00000378877,26,5,ENSPTRP00000030753,26,5,ENSGGOP00000017110,26,5,ENSMUSP00000048573,27,9,ENSRNOP00000000500,27,9,ENSBTAP00000005821,5,97,NULL,NA,NA
ENSMMUP00000040792,NA,NA,ENSP00000346120,NA,NA,ENSPTRP00000004431,NA,NA,ENSGGOP00000004968,NA,NA,ENSMUSP00000042691,NA,NA,ENSRNOP00000063494,NA,NA,ENSBTAP00000019351,NA,NA,NULL,NA,NA
ENSMMUP00000040792,NA,NA,ENSP00000346120,NA,NA,ENSPTRP00000004431,NA,NA,ENSGGOP00000004968,NA,NA,ENSMUSP00000042691,NA,NA,ENSRNOP00000063494,NA,NA,ENSBTAP00000019351,NA,NA,NULL,NA,NA
ENSMMUP00000022806,19,5,ENSP00000357012,21,5,ENSPTRP00000045917,18,5,ENSGGOP00000005494,21,5,ENSMUSP00000004829,NA,NA,ENSRNOP00000006266,NA,NA,ENSBTAP00000003843,NA,NA,ENSGALP00000044599,NA,NA
ENSMMUP00000011418,56,5,ENSP00000287008,57,5,ENSPTRP00000060124,57,5,ENSGGOP00000000983,NA,NA,ENSMUSP00000055199,33,5,ENSRNOP00000073940,NA,NA,ENSBTAP00000016618,57,5,ENSGALP00000040446,NA,NA
ENSMMUP00000039142,20,7,ENSP00000358035,24,5,ENSPTRP00000002134,24,5,ENSGGOP00000022508,24,5,ENSMUSP00000113424,NA,NA,ENSRNOP00000063998,24,6,ENSBTAP00000004686,NA,NA,NULL,NA,NA
ENSMMUP00000009998,29,8,ENSP00000303634,32,11,ENSPTRP00000001294,29,8,ENSGGOP00000003962,NA,NA,ENSMUSP00000102343,27,7,ENSRNOP00000017575,31,10,ENSBTAP00000050885,27,6,ENSGALP00000017370,NA,NA
ENSMMUP00000040792,NA,NA,ENSP00000346120,NA,NA,ENSPTRP00000004431,NA,NA,ENSGGOP00000004968,NA,NA,ENSMUSP00000042691,NA,NA,ENSRNOP00000063494,NA,NA,ENSBTAP00000019351,NA,NA,NULL,NA,NA
ENSMMUP00000029069,29,9,ENSP00000348912,27,10,ENSPTRP00000039913,28,10,ENSGGOP00000016554,28,10,ENSMUSP00000105861,NA,NA,ENSRNOP00000040646,28,8,ENSBTAP00000017511,30,5,ENSGALP00000044183,NA,NA
ENSMMUP00000040792,NA,NA,ENSP00000346120,NA,NA,ENSPTRP00000004431,NA,NA,ENSGGOP00000004968,NA,NA,ENSMUSP00000042691,NA,NA,ENSRNOP00000063494,NA,NA,ENSBTAP00000019351,NA,NA,NULL,NA,NA
ENSMMUP00000029250,32,6,ENSP00000320936,32,6,ENSPTRP00000024164,32,6,ENSGGOP00000021289,32,6,ENSMUSP00000002976,31,5,ENSRNOP00000014885,31,5,ENSBTAP00000014695,NA,NA,ENSGALP00000055340,NA,NA
ENSMMUP00000000290,50,5,ENSP00000287842,NA,NA,ENSPTRP00000034489,NA,NA,ENSGGOP00000023096,NA,NA,ENSMUSP00000073546,NA,NA,ENSRNOP00000072731,NA,NA,ENSBTAP00000044846,NA,NA,ENSGALP00000049740,NA,NA
ENSMMUP00000001021,16,5,ENSP00000408860,16,5,ENSPTRP00000061176,16,5,ENSGGOP00000012660,18,5,ENSMUSP00000025223,21,8,ENSRNOP00000037516,23,10,ENSBTAP00000007353,NA,NA,ENSGALP00000044393,NA,NA
ENSMMUP00000025631,23,5,ENSP00000302324,23,5,NULL,NA,NA,NULL,NA,NA,ENSMUSP00000074386,27,5,ENSRNOP00000044390,NA,NA,ENSBTAP00000036092,NA,NA,ENSGALP00000031533,NA,NA
ENSMMUP00000040792,NA,NA,ENSP00000346120,NA,NA,ENSPTRP00000004431,NA,NA,ENSGGOP00000004968,NA,NA,ENSMUSP00000042691,NA,NA,ENSRNOP00000063494,NA,NA,ENSBTAP00000019351,NA,NA,NULL,NA,NA
ENSMMUP00000006140,22,5,ENSP00000339328,22,5,ENSPTRP00000054428,22,5,ENSGGOP00000008970,22,8,ENSMUSP00000002284,23,7,ENSRNOP00000063960,NA,NA,ENSBTAP00000017446,20,6,NULL,NA,NA
ENSMMUP00000016066,27,5,ENSP00000332613,27,5,ENSPTRP00000007517,27,5,ENSGGOP00000008517,28,5,ENSMUSP00000034512,36,6,ENSRNOP00000012825,29,6,ENSBTAP00000028443,NA,NA,ENSGALP00000010848,NA,NA
ENSMMUP00000014779,25,6,ENSP00000383938,24,5,ENSPTRP00000056512,24,5,ENSGGOP00000007930,NA,NA,ENSMUSP00000024042,22,5,ENSRNOP00000006357,22,6,ENSBTAP00000054551,21,6,ENSGALP00000013913,31,7
ENSMMUP00000013552,22,5,ENSP00000367202,22,5,ENSPTRP00000035794,22,5,ENSGGOP00000003261,NA,NA,ENSMUSP00000030198,22,5,ENSRNOP00000070900,26,5,ENSBTAP00000000084,26,5,ENSGALP00000056648,NA,NA
ENSMMUP00000040792,NA,NA,ENSP00000346120,NA,NA,ENSPTRP00000004431,NA,NA,ENSGGOP00000004968,NA,NA,ENSMUSP00000042691,NA,NA,ENSRNOP00000063494,NA,NA,ENSBTAP00000019351,NA,NA,NULL,NA,NA
ENSMMUP00000005638,29,8,ENSP00000363603,27,6,ENSPTRP00000000591,27,6,ENSGGOP00000006589,27,5,ENSMUSP00000030434,15,8,ENSRNOP00000012455,25,5,ENSBTAP00000040572,21,5,ENSGALP00000006529,NA,NA
ENSMMUP00000025973,38,6,ENSP00000221891,38,6,ENSPTRP00000060332,38,6,ENSGGOP00000027419,38,6,ENSMUSP00000006828,NA,NA,ENSRNOP00000028297,NA,NA,ENSBTAP00000001531,NA,NA,NULL,NA,NA
ENSMMUP00000027091,24,5,ENSP00000222543,NA,NA,ENSPTRP00000033200,NA,NA,ENSGGOP00000004420,NA,NA,ENSMUSP00000031674,NA,NA,ENSRNOP00000013989,NA,NA,ENSBTAP00000021062,NA,NA,ENSGALP00000015469,NA,NA
ENSMMUP00000010295,21,6,ENSP00000377055,21,6,ENSPTRP00000007091,21,6,ENSGGOP00000016102,21,6,ENSMUSP00000075429,NA,NA,ENSRNOP00000014271,NA,NA,ENSBTAP00000045060,21,7,ENSGALP00000056937,NA,NA
ENSMMUP00000010044,24,8,ENSP00000357909,24,8,ENSPTRP00000002167,24,8,ENSGGOP00000021928,24,8,ENSMUSP00000088333,25,8,ENSRNOP00000050221,23,7,ENSBTAP00000009575,23,7,NULL,NA,NA
ENSMMUP00000040792,NA,NA,ENSP00000346120,NA,NA,ENSPTRP00000004431,NA,NA,ENSGGOP00000004968,NA,NA,ENSMUSP00000042691,NA,NA,ENSRNOP00000063494,NA,NA,ENSBTAP00000019351,NA,NA,NULL,NA,NA
ENSMMUP00000040792,NA,NA,ENSP00000346120,NA,NA,ENSPTRP00000004431,NA,NA,ENSGGOP00000004968,NA,NA,ENSMUSP00000042691,NA,NA,ENSRNOP00000063494,NA,NA,ENSBTAP00000019351,NA,NA,NULL,NA,NA
ENSMMUP00000013661,51,6,ENSP00000269503,51,6,ENSPTRP00000017170,51,6,ENSGGOP00000009139,51,6,ENSMUSP00000113695,51,6,ENSRNOP00000018682,51,6,ENSBTAP00000007856,51,6,ENSGALP00000042961,NA,NA
ENSMMUP00000040792,NA,NA,ENSP00000346120,NA,NA,ENSPTRP00000004431,NA,NA,ENSGGOP00000004968,NA,NA,ENSMUSP00000042691,NA,NA,ENSRNOP00000063494,NA,NA,ENSBTAP00000019351,NA,NA,NULL,NA,NA
ENSMMUP00000038017,42,5,ENSP00000361562,46,9,NULL,NA,NA,ENSGGOP00000015552,42,5,ENSMUSP00000017904,41,7,ENSRNOP00000062425,23,7,ENSBTAP00000039003,NA,NA,ENSGALP00000011124,NA,NA
ENSMMUP00000040792,NA,NA,ENSP00000346120,NA,NA,ENSPTRP00000004431,NA,NA,ENSGGOP00000004968,NA,NA,ENSMUSP00000042691,NA,NA,ENSRNOP00000063494,NA,NA,ENSBTAP00000019351,NA,NA,NULL,NA,NA
ENSMMUP00000029949,34,8,ENSP00000311184,34,8,ENSPTRP00000059521,34,8,ENSGGOP00000019008,34,8,ENSMUSP00000053238,29,7,ENSRNOP00000003784,29,7,ENSBTAP00000000973,32,6,ENSGALP00000011904,NA,NA
ENSMMUP00000016146,21,5,ENSP00000369071,21,5,ENSPTRP00000009867,21,5,ENSGGOP00000006556,21,5,ENSMUSP00000072773,NA,NA,ENSRNOP00000017453,NA,NA,ENSBTAP00000055657,NA,NA,ENSGALP00000027488,NA,NA
ENSMMUP00000040792,NA,NA,ENSP00000346120,NA,NA,ENSPTRP00000004431,NA,NA,ENSGGOP00000004968,NA,NA,ENSMUSP00000042691,NA,NA,ENSRNOP00000063494,NA,NA,ENSBTAP00000019351,NA,NA,NULL,NA,NA
ENSMMUP00000001060,27,7,ENSP00000295731,27,5,ENSPTRP00000022106,27,7,ENSGGOP00000023030,NA,NA,ENSMUSP00000128056,NA,NA,ENSRNOP00000024419,27,8,ENSBTAP00000011124,NA,NA,ENSGALP00000018493,NA,NA
ENSMMUP00000009714,23,6,ENSP00000344192,23,5,ENSPTRP00000031222,23,5,ENSGGOP00000009506,23,5,ENSMUSP00000027061,25,5,ENSRNOP00000016664,25,5,ENSBTAP00000002786,23,5,ENSGALP00000026861,NA,NA
ENSMMUP00000010672,7,135,ENSP00000357669,7,135,ENSPTRP00000002288,7,135,NULL,NA,NA,ENSMUSP00000029540,NA,NA,ENSRNOP00000020307,NA,NA,ENSBTAP00000008184,35,5,ENSGALP00000043835,NA,NA
ENSMMUP00000037357,32,6,ENSP00000320936,32,6,ENSPTRP00000024164,32,6,ENSGGOP00000021289,32,6,ENSMUSP00000002976,31,5,ENSRNOP00000014885,31,5,ENSBTAP00000014695,NA,NA,ENSGALP00000055340,NA,NA
ENSMMUP00000040792,NA,NA,ENSP00000346120,NA,NA,ENSPTRP00000004431,NA,NA,ENSGGOP00000004968,NA,NA,ENSMUSP00000042691,NA,NA,ENSRNOP00000063494,NA,NA,ENSBTAP00000019351,NA,NA,NULL,NA,NA
ENSMMUP00000015942,21,7,ENSP00000412940,21,6,ENSPTRP00000049448,21,6,ENSGGOP00000016888,21,7,ENSMUSP00000071627,NA,NA,ENSRNOP00000055412,NA,NA,ENSBTAP00000026827,22,7,ENSGALP00000008702,22,5
ENSMMUP00000028439,17,6,ENSP00000350911,19,6,ENSPTRP00000044896,19,6,ENSGGOP00000000776,19,6,ENSMUSP00000073072,18,7,ENSRNOP00000048353,19,8,NULL,NA,NA,ENSGALP00000001138,29,8
ENSMMUP00000040792,NA,NA,ENSP00000346120,NA,NA,ENSPTRP00000004431,NA,NA,ENSGGOP00000004968,NA,NA,ENSMUSP00000042691,NA,NA,ENSRNOP00000063494,NA,NA,ENSBTAP00000019351,NA,NA,NULL,NA,NA
ENSMMUP00000038233,20,5,ENSP00000345179,20,5,ENSPTRP00000050871,NA,NA,ENSGGOP00000001858,31,5,ENSMUSP00000119827,NA,NA,ENSRNOP00000064368,NA,NA,ENSBTAP00000043789,NA,NA,ENSGALP00000055029,NA,NA
ENSMMUP00000006461,29,6,ENSP00000256759,29,6,ENSPTRP00000028891,29,6,ENSGGOP00000002927,29,6,ENSMUSP00000022287,29,6,ENSRNOP00000015680,29,6,ENSBTAP00000004318,29,6,ENSGALP00000023997,NA,NA
ENSMMUP00000017803,25,5,ENSP00000397415,25,5,ENSPTRP00000018051,25,5,NULL,NA,NA,ENSMUSP00000051392,NA,NA,ENSRNOP00000007775,NA,NA,ENSBTAP00000036111,NA,NA,NULL,NA,NA
ENSMMUP00000013639,34,5,ENSP00000404464,34,5,ENSPTRP00000017095,34,5,ENSGGOP00000015997,34,5,ENSMUSP00000117636,35,5,ENSRNOP00000031817,NA,NA,ENSBTAP00000011491,NA,NA,ENSGALP00000043340,NA,NA
ENSMMUP00000009263,41,7,ENSP00000424544,41,7,ENSPTRP00000059071,41,7,ENSGGOP00000020427,NA,NA,ENSMUSP00000148134,NA,NA,ENSRNOP00000017452,41,7,ENSBTAP00000012110,41,7,ENSGALP00000022195,36,9
ENSMMUP00000040792,NA,NA,ENSP00000346120,NA,NA,ENSPTRP00000004431,NA,NA,ENSGGOP00000004968,NA,NA,ENSMUSP00000042691,NA,NA,ENSRNOP00000063494,NA,NA,ENSBTAP00000019351,NA,NA,NULL,NA,NA
ENSMMUP00000040792,NA,NA,ENSP00000346120,NA,NA,ENSPTRP00000004431,NA,NA,ENSGGOP00000004968,NA,NA,ENSMUSP00000042691,NA,NA,ENSRNOP00000063494,NA,NA,ENSBTAP00000019351,NA,NA,NULL,NA,NA
ENSMMUP00000029970,30,6,ENSP00000360269,NA,NA,ENSPTRP00000001367,31,5,ENSGGOP00000011865,NA,NA,ENSMUSP00000060099,24,6,ENSRNOP00000010156,24,6,ENSBTAP00000005750,NA,NA,ENSGALP00000017645,NA,NA
ENSMMUP00000011068,16,5,ENSP00000434847,16,5,ENSPTRP00000047783,16,5,ENSGGOP00000008475,16,5,ENSMUSP00000091713,NA,NA,ENSRNOP00000029957,NA,NA,ENSBTAP00000002011,21,7,ENSGALP00000001104,NA,NA
ENSMMUP00000028683,19,5,ENSP00000243077,19,5,ENSPTRP00000008707,19,5,ENSGGOP00000009976,19,5,ENSMUSP00000044004,19,5,ENSRNOP00000034210,19,5,ENSBTAP00000017556,19,5,ENSGALP00000046139,NA,NA
ENSMMUP00000003510,32,8,ENSP00000432869,32,8,NULL,NA,NA,ENSGGOP00000002263,32,8,ENSMUSP00000135400,24,7,ENSRNOP00000041797,23,7,ENSBTAP00000012643,30,7,ENSGALP00000037568,NA,NA
ENSMMUP00000031003,17,5,ENSP00000479113,17,5,NULL,NA,NA,NULL,NA,NA,ENSMUSP00000067632,17,5,ENSRNOP00000019971,NA,NA,NULL,NA,NA,ENSGALP00000054915,NA,NA
ENSMMUP00000002724,19,5,ENSP00000322788,17,5,ENSPTRP00000007262,17,5,ENSGGOP00000008675,17,5,ENSMUSP00000034492,17,5,ENSRNOP00000011884,NA,NA,ENSBTAP00000046488,NA,NA,ENSGALP00000027716,17,5
ENSMMUP00000034235,29,6,ENSP00000366095,29,6,ENSPTRP00000030529,29,6,ENSGGOP00000016501,28,5,ENSMUSP00000099726,29,7,ENSRNOP00000001008,27,5,ENSBTAP00000042496,NA,NA,NULL,NA,NA
ENSMMUP00000004870,35,7,ENSP00000373937,35,7,ENSPTRP00000012138,35,7,ENSGGOP00000023130,NA,NA,ENSMUSP00000055815,29,7,ENSRNOP00000071092,29,7,ENSBTAP00000053280,NA,NA,ENSGALP00000055307,NA,NA
ENSMMUP00000040792,NA,NA,ENSP00000346120,NA,NA,ENSPTRP00000004431,NA,NA,ENSGGOP00000004968,NA,NA,ENSMUSP00000042691,NA,NA,ENSRNOP00000063494,NA,NA,ENSBTAP00000019351,NA,NA,NULL,NA,NA
ENSMMUP00000026141,18,5,NULL,NA,NA,NULL,NA,NA,NULL,NA,NA,ENSMUSP00000040435,20,5,ENSRNOP00000001035,NA,NA,ENSBTAP00000035741,23,5,ENSGALP00000058295,NA,NA
ENSMMUP00000011102,23,5,ENSP00000272190,23,5,ENSPTRP00000051294,23,5,ENSGGOP00000025765,23,5,ENSMUSP00000092135,NA,NA,ENSRNOP00000003951,NA,NA,ENSBTAP00000028438,NA,NA,ENSGALP00000000756,NA,NA
ENSMMUP00000016926,57,7,ENSP00000354612,NA,NA,ENSPTRP00000048987,NA,NA,ENSGGOP00000009159,NA,NA,ENSMUSP00000059977,27,7,ENSRNOP00000010218,26,8,ENSBTAP00000008833,24,6,ENSGALP00000034260,NA,NA
ENSMMUP00000040792,NA,NA,ENSP00000346120,NA,NA,ENSPTRP00000004431,NA,NA,ENSGGOP00000004968,NA,NA,ENSMUSP00000042691,NA,NA,ENSRNOP00000063494,NA,NA,ENSBTAP00000019351,NA,NA,NULL,NA,NA
ENSMMUP00000004900,21,7,ENSP00000362181,21,7,ENSPTRP00000050164,21,7,ENSGGOP00000001452,21,7,NULL,NA,NA,NULL,NA,NA,NULL,NA,NA,NULL,NA,NA
ENSMMUP00000024918,22,7,ENSP00000426741,NA,NA,ENSPTRP00000002366,22,7,ENSGGOP00000013573,NA,NA,ENSMUSP00000029673,22,7,ENSRNOP00000069356,22,7,ENSBTAP00000026958,22,7,NULL,NA,NA
ENSMMUP00000001275,32,5,ENSP00000328325,32,5,ENSPTRP00000024079,32,5,ENSGGOP00000002046,NA,NA,ENSMUSP00000009435,29,5,ENSRNOP00000001638,29,5,ENSBTAP00000029020,NA,NA,ENSGALP00000009087,NA,NA
ENSMMUP00000040792,NA,NA,ENSP00000346120,NA,NA,ENSPTRP00000004431,NA,NA,ENSGGOP00000004968,NA,NA,ENSMUSP00000042691,NA,NA,ENSRNOP00000063494,NA,NA,ENSBTAP00000019351,NA,NA,NULL,NA,NA
ENSMMUP00000025495,30,7,ENSP00000330523,30,7,ENSPTRP00000035042,30,7,ENSGGOP00000001931,NA,NA,ENSMUSP00000070018,32,5,ENSRNOP00000006142,32,5,ENSBTAP00000013555,30,7,ENSGALP00000054419,NA,NA
ENSMMUP00000028741,42,5,ENSP00000261918,44,5,ENSPTRP00000012449,42,5,ENSGGOP00000006388,42,5,ENSMUSP00000042211,NA,NA,ENSRNOP00000010620,NA,NA,ENSBTAP00000015210,NA,NA,ENSGALP00000002150,NA,NA
ENSMMUP00000040792,NA,NA,ENSP00000346120,NA,NA,ENSPTRP00000004431,NA,NA,ENSGGOP00000004968,NA,NA,ENSMUSP00000042691,NA,NA,ENSRNOP00000063494,NA,NA,ENSBTAP00000019351,NA,NA,NULL,NA,NA
ENSMMUP00000030271,19,5,ENSP00000296641,19,5,ENSPTRP00000029118,19,5,ENSGGOP00000011496,21,5,ENSMUSP00000022182,NA,NA,ENSRNOP00000024292,NA,NA,ENSBTAP00000001191,NA,NA,ENSGALP00000037768,NA,NA
ENSMMUP00000040792,NA,NA,ENSP00000346120,NA,NA,ENSPTRP00000004431,NA,NA,ENSGGOP00000004968,NA,NA,ENSMUSP00000042691,NA,NA,ENSRNOP00000063494,NA,NA,ENSBTAP00000019351,NA,NA,NULL,NA,NA
ENSMMUP00000013069,24,7,ENSP00000470879,24,7,ENSPTRP00000018280,NA,NA,ENSGGOP00000018691,24,7,ENSMUSP00000043659,21,5,ENSRNOP00000075600,21,5,ENSBTAP00000010124,22,7,ENSGALP00000034392,NA,NA
ENSMMUP00000012314,33,8,ENSP00000261758,33,8,ENSPTRP00000012588,33,8,ENSGGOP00000027449,32,7,ENSMUSP00000091768,NA,NA,ENSRNOP00000052447,NA,NA,ENSBTAP00000002045,31,7,ENSGALP00000041764,NA,NA
ENSMMUP00000040792,NA,NA,ENSP00000346120,NA,NA,ENSPTRP00000004431,NA,NA,ENSGGOP00000004968,NA,NA,ENSMUSP00000042691,NA,NA,ENSRNOP00000063494,NA,NA,ENSBTAP00000019351,NA,NA,NULL,NA,NA
ENSMMUP00000033164,26,7,ENSP00000384683,NA,NA,ENSPTRP00000010349,NA,NA,ENSGGOP00000003150,26,5,ENSMUSP00000066637,26,7,ENSRNOP00000042519,24,5,ENSBTAP00000003912,NA,NA,NULL,NA,NA
ENSMMUP00000002108,5,125,ENSP00000383894,28,5,ENSPTRP00000020087,28,5,ENSGGOP00000009570,NA,NA,ENSMUSP00000020899,27,5,ENSRNOP00000070640,29,5,ENSBTAP00000027836,30,5,ENSGALP00000036079,NA,NA
ENSMMUP00000007748,37,6,ENSP00000355621,45,6,ENSPTRP00000003555,NA,NA,ENSGGOP00000000160,NA,NA,ENSMUSP00000038484,34,5,ENSRNOP00000070958,34,6,ENSBTAP00000013692,NA,NA,ENSGALP00000045594,NA,NA
ENSMMUP00000002225,24,5,NULL,NA,NA,NULL,NA,NA,NULL,NA,NA,NULL,NA,NA,NULL,NA,NA,NULL,NA,NA,NULL,NA,NA
ENSMMUP00000009392,33,8,ENSP00000421801,35,10,ENSPTRP00000027328,35,10,ENSGGOP00000010898,35,10,ENSMUSP00000030985,32,7,ENSRNOP00000013257,30,7,ENSBTAP00000023055,NA,NA,ENSGALP00000025139,NA,NA
ENSMMUP00000002269,31,5,ENSP00000238044,31,5,ENSPTRP00000021098,31,5,ENSGGOP00000010732,31,5,ENSMUSP00000027217,31,5,ENSRNOP00000030526,31,5,ENSBTAP00000016771,31,5,ENSGALP00000050517,NA,NA
ENSMMUP00000028685,19,5,ENSP00000243077,19,5,ENSPTRP00000008707,19,5,ENSGGOP00000009976,19,5,ENSMUSP00000044004,19,5,ENSRNOP00000034210,19,5,ENSBTAP00000017556,19,5,ENSGALP00000046139,NA,NA
ENSMMUP00000022807,19,5,ENSP00000357012,21,5,ENSPTRP00000045917,18,5,ENSGGOP00000005494,21,5,ENSMUSP00000004829,NA,NA,ENSRNOP00000006266,NA,NA,ENSBTAP00000003843,NA,NA,ENSGALP00000044599,NA,NA
ENSMMUP00000040792,NA,NA,ENSP00000346120,NA,NA,ENSPTRP00000004431,NA,NA,ENSGGOP00000004968,NA,NA,ENSMUSP00000042691,NA,NA,ENSRNOP00000063494,NA,NA,ENSBTAP00000019351,NA,NA,NULL,NA,NA
ENSMMUP00000019312,32,6,ENSP00000164024,32,6,ENSPTRP00000025713,NA,NA,ENSGGOP00000016301,32,6,ENSMUSP00000024238,31,6,ENSRNOP00000068821,31,6,ENSBTAP00000029126,33,5,ENSGALP00000048221,NA,NA
ENSMMUP00000040792,NA,NA,ENSP00000346120,NA,NA,ENSPTRP00000004431,NA,NA,ENSGGOP00000004968,NA,NA,ENSMUSP00000042691,NA,NA,ENSRNOP00000063494,NA,NA,ENSBTAP00000019351,NA,NA,NULL,NA,NA
ENSMMUP00000000836,23,5,ENSP00000316881,24,5,ENSPTRP00000027071,25,6,ENSGGOP00000009527,NA,NA,ENSMUSP00000038056,21,7,ENSRNOP00000074673,21,7,ENSBTAP00000027999,NA,NA,ENSGALP00000046986,NA,NA
ENSMMUP00000003965,29,6,ENSP00000366095,29,6,ENSPTRP00000030529,29,6,ENSGGOP00000016501,28,5,ENSMUSP00000099726,29,7,ENSRNOP00000001008,27,5,ENSBTAP00000042496,NA,NA,NULL,NA,NA
ENSMMUP00000009167,20,5,ENSP00000375881,22,7,ENSPTRP00000022287,21,6,NULL,NA,NA,ENSMUSP00000027455,NA,NA,ENSRNOP00000026190,20,5,ENSBTAP00000040934,NA,NA,ENSGALP00000012662,NA,NA
ENSMMUP00000041095,27,5,ENSP00000247153,27,5,ENSPTRP00000037513,27,5,ENSGGOP00000008516,27,5,ENSMUSP00000001156,23,5,ENSRNOP00000031039,23,6,ENSBTAP00000021009,25,7,NULL,NA,NA
ENSMMUP00000001019,16,5,ENSP00000408860,16,5,ENSPTRP00000061176,16,5,ENSGGOP00000012660,18,5,ENSMUSP00000025223,21,8,ENSRNOP00000037516,23,10,ENSBTAP00000007353,NA,NA,ENSGALP00000044393,NA,NA
ENSMMUP00000040792,NA,NA,ENSP00000346120,NA,NA,ENSPTRP00000004431,NA,NA,ENSGGOP00000004968,NA,NA,ENSMUSP00000042691,NA,NA,ENSRNOP00000063494,NA,NA,ENSBTAP00000019351,NA,NA,NULL,NA,NA
ENSMMUP00000040792,NA,NA,ENSP00000346120,NA,NA,ENSPTRP00000004431,NA,NA,ENSGGOP00000004968,NA,NA,ENSMUSP00000042691,NA,NA,ENSRNOP00000063494,NA,NA,ENSBTAP00000019351,NA,NA,NULL,NA,NA
ENSMMUP00000032226,21,5,ENSP00000371644,NA,NA,ENSPTRP00000053236,NA,NA,ENSGGOP00000018092,NA,NA,ENSMUSP00000070629,NA,NA,ENSRNOP00000055979,NA,NA,NULL,NA,NA,NULL,NA,NA
ENSMMUP00000027937,28,5,ENSP00000362513,28,5,ENSPTRP00000041277,NA,NA,ENSGGOP00000021003,NA,NA,ENSMUSP00000037258,27,5,NULL,NA,NA,ENSBTAP00000054533,NA,NA,NULL,NA,NA
ENSMMUP00000015166,32,5,ENSP00000261799,32,5,NULL,NA,NA,ENSGGOP00000007098,32,5,ENSMUSP00000025522,NA,NA,ENSRNOP00000060534,NA,NA,ENSBTAP00000053664,NA,NA,ENSGALP00000043875,NA,NA
ENSMMUP00000034003,29,8,NULL,NA,NA,ENSPTRP00000029626,42,9,ENSGGOP00000000653,42,9,ENSMUSP00000039888,NA,NA,ENSRNOP00000027340,NA,NA,NULL,NA,NA,NULL,NA,NA
ENSMMUP00000004788,29,5,ENSP00000420161,29,5,ENSPTRP00000044313,NA,NA,ENSGGOP00000011201,29,5,ENSMUSP00000023482,NA,NA,ENSRNOP00000004289,NA,NA,ENSBTAP00000044479,NA,NA,ENSGALP00000024265,NA,NA
ENSMMUP00000033376,18,5,ENSP00000315602,31,7,ENSPTRP00000054568,NA,NA,ENSGGOP00000010196,NA,NA,ENSMUSP00000034851,NA,NA,ENSRNOP00000019307,NA,NA,ENSBTAP00000004070,NA,NA,ENSGALP00000004750,NA,NA
ENSMMUP00000015077,44,7,ENSP00000366280,44,7,ENSPTRP00000020979,44,7,ENSGGOP00000001374,44,7,ENSMUSP00000110663,NA,NA,ENSRNOP00000060837,NA,NA,ENSBTAP00000005195,44,7,ENSGALP00000052392,NA,NA
ENSMMUP00000001128,25,5,ENSP00000430242,25,5,ENSPTRP00000018569,25,5,ENSGGOP00000000125,25,5,ENSMUSP00000079362,NA,NA,ENSRNOP00000028526,NA,NA,ENSBTAP00000032173,23,5,NULL,NA,NA
ENSMMUP00000038696,17,5,ENSP00000228463,33,5,ENSPTRP00000057949,33,5,ENSGGOP00000011099,NA,NA,ENSMUSP00000098436,NA,NA,ENSRNOP00000000888,NA,NA,ENSBTAP00000029577,17,5,NULL,NA,NA
ENSMMUP00000034242,20,7,ENSP00000366233,19,6,NULL,NA,NA,ENSGGOP00000024094,19,6,ENSMUSP00000025338,19,5,ENSRNOP00000047788,19,5,ENSBTAP00000022907,19,6,NULL,NA,NA
ENSMMUP00000021670,61,10,ENSP00000268793,61,10,ENSPTRP00000014092,61,10,ENSGGOP00000012313,61,10,ENSMUSP00000034371,NA,NA,ENSRNOP00000026809,NA,NA,ENSBTAP00000023962,33,5,ENSGALP00000005425,NA,NA
ENSMMUP00000006137,22,5,ENSP00000339328,22,5,ENSPTRP00000054428,22,5,ENSGGOP00000008970,22,8,ENSMUSP00000002284,23,7,ENSRNOP00000063960,NA,NA,ENSBTAP00000017446,20,6,NULL,NA,NA
ENSMMUP00000006499,27,7,ENSP00000293778,48,9,ENSPTRP00000014690,48,9,ENSGGOP00000005361,48,9,ENSMUSP00000019064,NA,NA,ENSRNOP00000037160,NA,NA,ENSBTAP00000024371,NA,NA,NULL,NA,NA
ENSMMUP00000007373,27,5,NULL,NA,NA,NULL,NA,NA,ENSGGOP00000016282,28,5,NULL,NA,NA,NULL,NA,NA,ENSBTAP00000053867,NA,NA,NULL,NA,NA
ENSMMUP00000023439,37,5,ENSP00000296027,36,5,ENSPTRP00000027776,36,5,ENSGGOP00000028082,36,5,ENSMUSP00000031318,NA,NA,ENSRNOP00000003823,NA,NA,ENSBTAP00000012939,NA,NA,NULL,NA,NA
ENSMMUP00000010851,28,6,ENSP00000349143,32,10,ENSPTRP00000050499,32,10,NULL,NA,NA,ENSMUSP00000106063,NA,NA,ENSRNOP00000056159,NA,NA,ENSBTAP00000042458,NA,NA,NULL,NA,NA
ENSMMUP00000040792,NA,NA,ENSP00000346120,NA,NA,ENSPTRP00000004431,NA,NA,ENSGGOP00000004968,NA,NA,ENSMUSP00000042691,NA,NA,ENSRNOP00000063494,NA,NA,ENSBTAP00000019351,NA,NA,NULL,NA,NA
ENSMMUP00000005008,41,6,ENSP00000293379,41,6,ENSPTRP00000008580,41,6,ENSGGOP00000000711,41,6,ENSMUSP00000023128,44,5,ENSRNOP00000071805,NA,NA,ENSBTAP00000018261,45,6,ENSGALP00000055432,NA,NA
ENSMMUP00000013588,26,9,ENSP00000294954,24,5,ENSPTRP00000020451,24,5,ENSGGOP00000019774,NA,NA,ENSMUSP00000024916,NA,NA,ENSRNOP00000022481,NA,NA,ENSBTAP00000022047,NA,NA,ENSGALP00000014790,NA,NA
ENSMMUP00000034120,24,5,NULL,NA,NA,NULL,NA,NA,NULL,NA,NA,ENSMUSP00000040435,20,5,ENSRNOP00000001035,NA,NA,ENSBTAP00000035741,23,5,ENSGALP00000058295,NA,NA
ENSMMUP00000016143,21,5,ENSP00000369071,21,5,ENSPTRP00000009867,21,5,ENSGGOP00000006556,21,5,ENSMUSP00000072773,NA,NA,ENSRNOP00000017453,NA,NA,ENSBTAP00000055657,NA,NA,ENSGALP00000027488,NA,NA
ENSMMUP00000037223,22,6,ENSP00000278407,22,6,ENSPTRP00000054585,22,6,ENSGGOP00000015273,NA,NA,ENSMUSP00000023994,22,6,ENSRNOP00000009817,22,6,ENSBTAP00000021638,23,7,ENSGALP00000011922,NA,NA
ENSMMUP00000020594,20,8,ENSP00000332900,20,7,ENSPTRP00000045730,NA,NA,ENSGGOP00000008266,20,7,ENSMUSP00000051079,NA,NA,ENSRNOP00000020062,NA,NA,ENSBTAP00000055143,NA,NA,ENSGALP00000046445,NA,NA
ENSMMUP00000009139,20,6,ENSP00000370593,20,6,ENSPTRP00000049466,20,6,ENSGGOP00000017511,20,6,ENSMUSP00000133468,NA,NA,ENSRNOP00000066744,27,6,ENSBTAP00000013433,NA,NA,ENSGALP00000024246,NA,NA
ENSMMUP00000006710,21,5,ENSP00000369320,21,5,ENSPTRP00000037206,21,5,ENSGGOP00000016870,NA,NA,ENSMUSP00000033650,NA,NA,ENSRNOP00000042298,NA,NA,ENSBTAP00000041587,NA,NA,ENSGALP00000026614,NA,NA
ENSMMUP00000011225,19,5,ENSP00000265132,19,5,ENSPTRP00000036355,19,5,ENSGGOP00000013843,19,5,ENSMUSP00000030041,NA,NA,ENSRNOP00000009248,NA,NA,ENSBTAP00000020817,19,5,ENSGALP00000056401,NA,NA
ENSMMUP00000008964,25,5,ENSP00000376553,25,6,ENSPTRP00000044018,25,6,ENSGGOP00000025871,25,6,ENSMUSP00000070551,NA,NA,ENSRNOP00000000889,NA,NA,ENSBTAP00000042582,24,5,ENSGALP00000007800,NA,NA
ENSMMUP00000016771,15,6,ENSP00000401502,NA,NA,ENSPTRP00000042983,NA,NA,ENSGGOP00000005224,NA,NA,NULL,NA,NA,NULL,NA,NA,NULL,NA,NA,NULL,NA,NA
ENSMMUP00000028486,47,5,ENSP00000329797,44,5,ENSPTRP00000007397,NA,NA,ENSGGOP00000009973,NA,NA,ENSMUSP00000124119,47,6,ENSRNOP00000041169,NA,NA,ENSBTAP00000036781,47,6,ENSGALP00000023468,NA,NA
ENSMMUP00000024084,24,5,ENSP00000296255,24,5,ENSPTRP00000026461,24,5,ENSGGOP00000013629,24,5,ENSMUSP00000032143,25,7,ENSRNOP00000066002,23,5,ENSBTAP00000049552,NA,NA,ENSGALP00000009487,NA,NA
ENSMMUP00000028563,24,7,ENSP00000244043,24,7,ENSPTRP00000052044,20,7,NULL,NA,NA,ENSMUSP00000018113,25,8,ENSRNOP00000074093,25,8,ENSBTAP00000023313,24,7,NULL,NA,NA
ENSMMUP00000005244,20,5,ENSP00000305731,20,5,ENSPTRP00000022847,20,5,ENSGGOP00000002743,20,5,ENSMUSP00000043520,NA,NA,ENSRNOP00000007336,NA,NA,ENSBTAP00000000790,NA,NA,ENSGALP00000043172,NA,NA
ENSMMUP00000040792,NA,NA,ENSP00000346120,NA,NA,ENSPTRP00000004431,NA,NA,ENSGGOP00000004968,NA,NA,ENSMUSP00000042691,NA,NA,ENSRNOP00000063494,NA,NA,ENSBTAP00000019351,NA,NA,NULL,NA,NA
ENSMMUP00000013697,21,5,ENSP00000298223,21,5,ENSPTRP00000006932,21,5,ENSGGOP00000011009,21,6,ENSMUSP00000147920,NA,NA,ENSRNOP00000026925,NA,NA,ENSBTAP00000025507,NA,NA,ENSGALP00000027972,NA,NA
ENSMMUP00000003116,14,5,ENSP00000466134,14,5,ENSPTRP00000017915,14,5,ENSGGOP00000008437,14,5,ENSMUSP00000110987,14,8,ENSRNOP00000018009,13,7,ENSBTAP00000010787,13,7,NULL,NA,NA
ENSMMUP00000002865,21,7,ENSP00000244763,21,7,ENSPTRP00000030217,21,7,ENSGGOP00000004477,21,7,ENSMUSP00000021864,NA,NA,ENSRNOP00000070389,NA,NA,ENSBTAP00000008253,20,7,ENSGALP00000020852,NA,NA
ENSMMUP00000031572,31,6,ENSP00000252483,31,7,ENSPTRP00000048635,31,6,ENSGGOP00000006227,32,8,ENSMUSP00000074898,31,6,ENSRNOP00000025388,31,6,ENSBTAP00000020344,32,6,NULL,NA,NA
ENSMMUP00000002497,26,6,ENSP00000360184,28,6,ENSPTRP00000004892,NA,NA,ENSGGOP00000015229,NA,NA,ENSMUSP00000025989,26,6,ENSRNOP00000018043,NA,NA,ENSBTAP00000021686,26,6,ENSGALP00000008863,NA,NA
ENSMMUP00000040792,NA,NA,ENSP00000346120,NA,NA,ENSPTRP00000004431,NA,NA,ENSGGOP00000004968,NA,NA,ENSMUSP00000042691,NA,NA,ENSRNOP00000063494,NA,NA,ENSBTAP00000019351,NA,NA,NULL,NA,NA
ENSMMUP00000024045,28,6,ENSP00000392511,27,6,ENSPTRP00000025199,28,7,ENSGGOP00000011909,28,7,ENSMUSP00000098620,27,6,ENSRNOP00000013154,29,6,ENSBTAP00000014379,28,5,NULL,NA,NA
ENSMMUP00000005891,18,5,ENSP00000216336,18,5,ENSPTRP00000010565,18,5,ENSGGOP00000013442,22,5,ENSMUSP00000015583,18,5,ENSRNOP00000056429,NA,NA,ENSBTAP00000052108,NA,NA,NULL,NA,NA
ENSMMUP00000028682,19,5,ENSP00000243077,19,5,ENSPTRP00000008707,19,5,ENSGGOP00000009976,19,5,ENSMUSP00000044004,19,5,ENSRNOP00000034210,19,5,ENSBTAP00000017556,19,5,ENSGALP00000046139,NA,NA
ENSMMUP00000027621,23,7,ENSP00000360761,23,7,ENSPTRP00000048655,NA,NA,ENSGGOP00000023606,NA,NA,ENSMUSP00000028286,23,7,ENSRNOP00000026408,NA,NA,ENSBTAP00000035108,NA,NA,ENSGALP00000038231,NA,NA
ENSMMUP00000009999,29,8,ENSP00000303634,32,11,ENSPTRP00000001294,29,8,ENSGGOP00000003962,NA,NA,ENSMUSP00000102343,27,7,ENSRNOP00000017575,31,10,ENSBTAP00000050885,27,6,ENSGALP00000017370,NA,NA
ENSMMUP00000030911,38,5,ENSP00000301873,43,10,ENSPTRP00000006692,NA,NA,ENSGGOP00000024961,NA,NA,ENSMUSP00000080214,NA,NA,ENSRNOP00000028262,NA,NA,ENSBTAP00000008880,37,7,NULL,NA,NA
ENSMMUP00000031763,25,6,ENSP00000402505,NA,NA,NULL,NA,NA,NULL,NA,NA,NULL,NA,NA,NULL,NA,NA,ENSBTAP00000044507,25,5,ENSGALP00000005928,NA,NA
ENSMMUP00000000258,31,6,ENSP00000228506,28,6,ENSPTRP00000009408,29,7,ENSGGOP00000007065,28,6,ENSMUSP00000107749,29,8,ENSRNOP00000071670,29,8,ENSBTAP00000026715,33,6,ENSGALP00000011488,32,5
ENSMMUP00000005146,22,5,ENSP00000363840,22,5,ENSPTRP00000047036,22,5,ENSGGOP00000009593,NA,NA,ENSMUSP00000084772,NA,NA,ENSRNOP00000048846,22,5,ENSBTAP00000000793,NA,NA,NULL,NA,NA
ENSMMUP00000009136,20,6,ENSP00000370593,20,6,ENSPTRP00000049466,20,6,ENSGGOP00000017511,20,6,ENSMUSP00000133468,NA,NA,ENSRNOP00000066744,27,6,ENSBTAP00000013433,NA,NA,ENSGALP00000024246,NA,NA
ENSMMUP00000013700,27,5,ENSP00000298223,21,5,ENSPTRP00000006932,21,5,ENSGGOP00000011009,21,6,ENSMUSP00000147920,NA,NA,ENSRNOP00000026925,NA,NA,ENSBTAP00000025507,NA,NA,ENSGALP00000027972,NA,NA
ENSMMUP00000023495,21,9,ENSP00000263093,21,9,ENSPTRP00000019940,21,9,NULL,NA,NA,ENSMUSP00000032539,20,8,ENSRNOP00000026574,NA,NA,ENSBTAP00000020170,28,7,ENSGALP00000051180,NA,NA
ENSMMUP00000040792,NA,NA,ENSP00000346120,NA,NA,ENSPTRP00000004431,NA,NA,ENSGGOP00000004968,NA,NA,ENSMUSP00000042691,NA,NA,ENSRNOP00000063494,NA,NA,ENSBTAP00000019351,NA,NA,NULL,NA,NA
ENSMMUP00000039249,21,7,ENSP00000412940,21,6,ENSPTRP00000049448,21,6,ENSGGOP00000016888,21,7,ENSMUSP00000071627,NA,NA,ENSRNOP00000055412,NA,NA,ENSBTAP00000026827,22,7,ENSGALP00000008702,22,5
ENSMMUP00000027766,23,5,ENSP00000261590,23,5,ENSPTRP00000016915,23,5,ENSGGOP00000023328,23,5,ENSMUSP00000057096,NA,NA,ENSRNOP00000022270,28,5,ENSBTAP00000029228,NA,NA,ENSGALP00000024387,NA,NA
ENSMMUP00000029147,24,5,ENSP00000227266,24,5,ENSPTRP00000007145,21,5,ENSGGOP00000002085,NA,NA,ENSMUSP00000032779,NA,NA,ENSRNOP00000022342,NA,NA,ENSBTAP00000014735,NA,NA,ENSGALP00000027816,NA,NA
ENSMMUP00000006254,18,7,ENSP00000357072,18,7,ENSPTRP00000002583,18,7,NULL,NA,NA,ENSMUSP00000027830,17,5,ENSRNOP00000010594,17,5,ENSBTAP00000033967,NA,NA,NULL,NA,NA
ENSMMUP00000014794,24,7,ENSP00000471894,24,7,ENSPTRP00000018553,24,7,ENSGGOP00000000757,24,7,ENSMUSP00000074240,24,6,ENSRNOP00000028545,23,6,ENSBTAP00000022658,NA,NA,NULL,NA,NA
ENSMMUP00000020457,21,8,ENSP00000434849,22,6,ENSPTRP00000035431,22,6,ENSGGOP00000013987,22,9,ENSMUSP00000061906,23,6,ENSRNOP00000075349,23,6,ENSBTAP00000006543,NA,NA,NULL,NA,NA
ENSMMUP00000031666,24,6,ENSP00000342012,NA,NA,NULL,NA,NA,ENSGGOP00000015341,NA,NA,ENSMUSP00000129031,NA,NA,ENSRNOP00000066127,NA,NA,ENSBTAP00000021161,NA,NA,NULL,NA,NA
ENSMMUP00000035182,26,5,ENSP00000484631,26,5,ENSPTRP00000014987,26,5,ENSGGOP00000003098,26,5,ENSMUSP00000104342,26,5,ENSRNOP00000069909,26,5,ENSBTAP00000025389,26,5,ENSGALP00000050837,NA,NA
ENSMMUP00000036347,30,7,ENSP00000380421,NA,NA,ENSPTRP00000003828,30,7,ENSGGOP00000019528,NA,NA,ENSMUSP00000077878,33,10,ENSRNOP00000025252,NA,NA,ENSBTAP00000007987,NA,NA,NULL,NA,NA
ENSMMUP00000040792,NA,NA,ENSP00000346120,NA,NA,ENSPTRP00000004431,NA,NA,ENSGGOP00000004968,NA,NA,ENSMUSP00000042691,NA,NA,ENSRNOP00000063494,NA,NA,ENSBTAP00000019351,NA,NA,NULL,NA,NA
ENSMMUP00000025632,23,5,ENSP00000303276,23,5,ENSPTRP00000052810,23,5,ENSGGOP00000004990,23,5,ENSMUSP00000074386,27,5,ENSRNOP00000044390,NA,NA,ENSBTAP00000036092,NA,NA,ENSGALP00000031533,NA,NA
ENSMMUP00000040792,NA,NA,ENSP00000346120,NA,NA,ENSPTRP00000004431,NA,NA,ENSGGOP00000004968,NA,NA,ENSMUSP00000042691,NA,NA,ENSRNOP00000063494,NA,NA,ENSBTAP00000019351,NA,NA,NULL,NA,NA
ENSMMUP00000009997,29,8,ENSP00000303634,32,11,ENSPTRP00000001294,29,8,ENSGGOP00000003962,NA,NA,ENSMUSP00000102343,27,7,ENSRNOP00000017575,31,10,ENSBTAP00000050885,27,6,ENSGALP00000017370,NA,NA
ENSMMUP00000040792,NA,NA,ENSP00000346120,NA,NA,ENSPTRP00000004431,NA,NA,ENSGGOP00000004968,NA,NA,ENSMUSP00000042691,NA,NA,ENSRNOP00000063494,NA,NA,ENSBTAP00000019351,NA,NA,NULL,NA,NA
ENSMMUP00000040792,NA,NA,ENSP00000346120,NA,NA,ENSPTRP00000004431,NA,NA,ENSGGOP00000004968,NA,NA,ENSMUSP00000042691,NA,NA,ENSRNOP00000063494,NA,NA,ENSBTAP00000019351,NA,NA,NULL,NA,NA
ENSMMUP00000026588,19,5,ENSP00000345395,NA,NA,ENSPTRP00000052575,NA,NA,ENSGGOP00000002105,NA,NA,ENSMUSP00000113806,NA,NA,ENSRNOP00000012757,5,25,ENSBTAP00000015505,NA,NA,ENSGALP00000049102,NA,NA
ENSMMUP00000006287,28,6,ENSP00000349143,32,10,ENSPTRP00000050499,32,10,NULL,NA,NA,ENSMUSP00000106063,NA,NA,ENSRNOP00000056159,NA,NA,ENSBTAP00000042458,NA,NA,NULL,NA,NA
ENSMMUP00000022961,23,8,ENSP00000369798,23,8,ENSPTRP00000050875,23,8,ENSGGOP00000016393,23,8,ENSMUSP00000049678,23,5,ENSRNOP00000023887,23,8,ENSBTAP00000046927,23,5,ENSGALP00000051792,NA,NA
ENSMMUP00000040792,NA,NA,ENSP00000346120,NA,NA,ENSPTRP00000004431,NA,NA,ENSGGOP00000004968,NA,NA,ENSMUSP00000042691,NA,NA,ENSRNOP00000063494,NA,NA,ENSBTAP00000019351,NA,NA,NULL,NA,NA
ENSMMUP00000008839,27,6,ENSP00000334037,27,6,ENSPTRP00000019484,27,6,ENSGGOP00000014396,27,6,ENSMUSP00000113509,NA,NA,ENSRNOP00000026445,NA,NA,ENSBTAP00000054183,27,6,NULL,NA,NA
ENSMMUP00000040792,NA,NA,ENSP00000346120,NA,NA,ENSPTRP00000004431,NA,NA,ENSGGOP00000004968,NA,NA,ENSMUSP00000042691,NA,NA,ENSRNOP00000063494,NA,NA,ENSBTAP00000019351,NA,NA,NULL,NA,NA
ENSMMUP00000024335,27,7,ENSP00000295619,27,7,ENSPTRP00000026077,27,7,ENSGGOP00000021257,27,7,ENSMUSP00000032152,26,7,ENSRNOP00000015058,26,7,ENSBTAP00000025742,NA,NA,ENSGALP00000056267,NA,NA
ENSMMUP00000021169,21,5,NULL,NA,NA,NULL,NA,NA,NULL,NA,NA,ENSMUSP00000040435,20,5,ENSRNOP00000001035,NA,NA,ENSBTAP00000035741,23,5,ENSGALP00000058295,NA,NA
ENSMMUP00000039404,21,5,ENSP00000228534,19,5,ENSPTRP00000008668,19,5,ENSGGOP00000001636,26,5,ENSMUSP00000026449,NA,NA,ENSRNOP00000004363,NA,NA,ENSBTAP00000005745,26,7,NULL,NA,NA
ENSMMUP00000023466,27,7,ENSP00000000412,26,6,ENSPTRP00000007940,26,6,ENSGGOP00000010481,26,6,ENSMUSP00000108229,27,7,ENSRNOP00000069840,27,7,ENSBTAP00000024233,24,6,ENSGALP00000050547,NA,NA
ENSMMUP00000008238,26,10,ENSP00000356599,NA,NA,ENSPTRP00000002871,21,5,ENSGGOP00000002587,21,5,ENSMUSP00000078572,21,5,ENSRNOP00000005726,24,7,ENSBTAP00000018609,NA,NA,ENSGALP00000006692,25,5
ENSMMUP00000003966,29,6,ENSP00000366095,29,6,ENSPTRP00000030529,29,6,ENSGGOP00000016501,28,5,ENSMUSP00000099726,29,7,ENSRNOP00000001008,27,5,ENSBTAP00000042496,NA,NA,NULL,NA,NA
ENSMMUP00000040792,NA,NA,ENSP00000346120,NA,NA,ENSPTRP00000004431,NA,NA,ENSGGOP00000004968,NA,NA,ENSMUSP00000042691,NA,NA,ENSRNOP00000063494,NA,NA,ENSBTAP00000019351,NA,NA,NULL,NA,NA
ENSMMUP00000009996,29,8,ENSP00000303634,32,11,ENSPTRP00000001294,29,8,ENSGGOP00000003962,NA,NA,ENSMUSP00000102343,27,7,ENSRNOP00000017575,31,10,ENSBTAP00000050885,27,6,ENSGALP00000017370,NA,NA
ENSMMUP00000010248,18,7,ENSP00000405577,18,7,ENSPTRP00000007541,18,7,ENSGGOP00000012856,18,7,ENSMUSP00000034522,NA,NA,ENSRNOP00000069336,NA,NA,ENSBTAP00000026710,NA,NA,ENSGALP00000010504,NA,NA
ENSMMUP00000013085,19,6,ENSP00000304236,19,6,ENSPTRP00000047976,18,6,ENSGGOP00000010116,19,6,ENSMUSP00000056669,20,6,ENSRNOP00000023977,NA,NA,ENSBTAP00000020009,22,6,ENSGALP00000052840,NA,NA
ENSMMUP00000033994,26,5,ENSP00000231173,26,5,ENSPTRP00000029640,26,5,ENSGGOP00000008117,26,5,ENSMUSP00000141521,NA,NA,ENSRNOP00000027133,NA,NA,ENSBTAP00000048796,NA,NA,ENSGALP00000049984,NA,NA
ENSMMUP00000011420,34,5,ENSP00000287008,57,5,ENSPTRP00000060124,57,5,ENSGGOP00000000983,NA,NA,ENSMUSP00000055199,33,5,ENSRNOP00000073940,NA,NA,ENSBTAP00000016618,57,5,ENSGALP00000040446,NA,NA
ENSMMUP00000010045,24,8,ENSP00000357909,24,8,ENSPTRP00000002167,24,8,ENSGGOP00000021928,24,8,ENSMUSP00000088333,25,8,ENSRNOP00000050221,23,7,ENSBTAP00000009575,23,7,NULL,NA,NA
ENSMMUP00000040792,NA,NA,ENSP00000346120,NA,NA,ENSPTRP00000004431,NA,NA,ENSGGOP00000004968,NA,NA,ENSMUSP00000042691,NA,NA,ENSRNOP00000063494,NA,NA,ENSBTAP00000019351,NA,NA,NULL,NA,NA
ENSMMUP00000029158,19,5,ENSP00000374145,22,7,ENSPTRP00000046107,22,7,ENSGGOP00000002069,22,7,ENSMUSP00000027470,22,6,NULL,NA,NA,ENSBTAP00000048242,NA,NA,ENSGALP00000012818,NA,NA
ENSMMUP00000040792,NA,NA,ENSP00000346120,NA,NA,ENSPTRP00000004431,NA,NA,ENSGGOP00000004968,NA,NA,ENSMUSP00000042691,NA,NA,ENSRNOP00000063494,NA,NA,ENSBTAP00000019351,NA,NA,NULL,NA,NA
ENSMMUP00000030053,26,5,ENSP00000317842,NA,NA,ENSPTRP00000014018,NA,NA,ENSGGOP00000017688,NA,NA,ENSMUSP00000034355,NA,NA,ENSRNOP00000015724,NA,NA,ENSBTAP00000032276,NA,NA,NULL,NA,NA
ENSMMUP00000021247,23,10,ENSP00000299705,27,7,ENSPTRP00000012574,21,8,ENSGGOP00000009731,29,8,ENSMUSP00000058723,25,7,ENSRNOP00000018603,30,8,ENSBTAP00000001068,27,7,ENSGALP00000013449,NA,NA
ENSMMUP00000022244,22,5,ENSP00000303550,22,5,ENSPTRP00000027346,22,5,ENSGGOP00000006590,22,5,ENSMUSP00000073244,25,5,ENSRNOP00000030763,NA,NA,ENSBTAP00000014829,23,8,ENSGALP00000024170,NA,NA
ENSMMUP00000006024,36,5,ENSP00000296027,36,5,ENSPTRP00000027776,36,5,ENSGGOP00000028082,36,5,ENSMUSP00000031318,NA,NA,ENSRNOP00000003823,NA,NA,ENSBTAP00000012939,NA,NA,NULL,NA,NA
ENSMMUP00000022170,50,5,ENSP00000395473,NA,NA,ENSPTRP00000017983,NA,NA,ENSGGOP00000013044,50,5,ENSMUSP00000034121,NA,NA,ENSRNOP00000030766,NA,NA,ENSBTAP00000008193,NA,NA,ENSGALP00000053832,NA,NA
ENSMMUP00000026131,30,8,ENSP00000430945,30,8,ENSPTRP00000035283,29,7,ENSGGOP00000027950,NA,NA,ENSMUSP00000046097,33,8,NULL,NA,NA,ENSBTAP00000008376,27,5,ENSGALP00000045062,NA,NA
ENSMMUP00000009121,22,7,ENSP00000223127,NA,NA,ENSPTRP00000033426,NA,NA,ENSGGOP00000016295,NA,NA,ENSMUSP00000004968,26,9,ENSRNOP00000001921,26,9,ENSBTAP00000000447,37,8,NULL,NA,NA
ENSMMUP00000008539,19,6,ENSP00000313423,20,7,ENSPTRP00000022613,NA,NA,NULL,NA,NA,ENSMUSP00000028787,NA,NA,ENSRNOP00000042875,NA,NA,ENSBTAP00000017496,19,7,ENSGALP00000048983,NA,NA
ENSMMUP00000032219,41,7,ENSP00000424544,41,7,ENSPTRP00000059071,41,7,ENSGGOP00000020427,NA,NA,ENSMUSP00000148134,NA,NA,ENSRNOP00000017452,41,7,ENSBTAP00000012110,41,7,ENSGALP00000022195,36,9
ENSMMUP00000040792,NA,NA,ENSP00000346120,NA,NA,ENSPTRP00000004431,NA,NA,ENSGGOP00000004968,NA,NA,ENSMUSP00000042691,NA,NA,ENSRNOP00000063494,NA,NA,ENSBTAP00000019351,NA,NA,NULL,NA,NA
ENSMMUP00000028303,29,6,ENSP00000269228,22,6,ENSPTRP00000016869,22,6,ENSGGOP00000028237,33,6,ENSMUSP00000025279,22,6,ENSRNOP00000016167,23,7,ENSBTAP00000020219,22,5,ENSGALP00000024194,31,5
ENSMMUP00000016570,22,6,ENSP00000278407,22,6,ENSPTRP00000054585,22,6,ENSGGOP00000015273,NA,NA,ENSMUSP00000023994,22,6,ENSRNOP00000009817,22,6,ENSBTAP00000021638,23,7,ENSGALP00000011922,NA,NA
ENSMMUP00000007749,24,5,ENSP00000245983,23,7,ENSPTRP00000052437,24,7,ENSGGOP00000004982,23,8,NULL,NA,NA,NULL,NA,NA,NULL,NA,NA,NULL,NA,NA
ENSMMUP00000016372,23,6,ENSP00000365756,40,6,ENSPTRP00000000302,40,6,ENSGGOP00000013305,40,6,ENSMUSP00000099522,NA,NA,ENSRNOP00000010558,40,6,ENSBTAP00000025834,NA,NA,ENSGALP00000007206,NA,NA
ENSMMUP00000040792,NA,NA,ENSP00000346120,NA,NA,ENSPTRP00000004431,NA,NA,ENSGGOP00000004968,NA,NA,ENSMUSP00000042691,NA,NA,ENSRNOP00000063494,NA,NA,ENSBTAP00000019351,NA,NA,NULL,NA,NA
ENSMMUP00000001645,31,5,ENSP00000399441,31,5,ENSPTRP00000061216,31,5,ENSGGOP00000024673,31,5,NULL,NA,NA,NULL,NA,NA,NULL,NA,NA,NULL,NA,NA
ENSMMUP00000006897,18,5,ENSP00000340761,34,11,ENSPTRP00000055479,NA,NA,ENSGGOP00000010291,NA,NA,ENSMUSP00000037609,NA,NA,ENSRNOP00000001295,NA,NA,ENSBTAP00000002020,31,7,ENSGALP00000004589,NA,NA
ENSMMUP00000002223,23,6,ENSP00000302046,23,6,ENSPTRP00000010358,23,6,ENSGGOP00000027666,23,6,ENSMUSP00000093613,25,5,ENSRNOP00000031392,26,5,ENSBTAP00000011585,27,6,ENSGALP00000031533,NA,NA
ENSMMUP00000040792,NA,NA,ENSP00000346120,NA,NA,ENSPTRP00000004431,NA,NA,ENSGGOP00000004968,NA,NA,ENSMUSP00000042691,NA,NA,ENSRNOP00000063494,NA,NA,ENSBTAP00000019351,NA,NA,NULL,NA,NA
ENSMMUP00000033873,19,5,ENSP00000286301,19,5,ENSPTRP00000029749,19,5,ENSGGOP00000008739,19,5,ENSMUSP00000110923,NA,NA,ENSRNOP00000040411,NA,NA,ENSBTAP00000016977,NA,NA,ENSGALP00000009176,25,6
ENSMMUP00000036395,21,5,ENSP00000369071,21,5,ENSPTRP00000009867,21,5,ENSGGOP00000006556,21,5,ENSMUSP00000072773,NA,NA,ENSRNOP00000017453,NA,NA,ENSBTAP00000055657,NA,NA,ENSGALP00000027488,NA,NA
ENSMMUP00000024953,26,5,ENSP00000361662,26,5,ENSPTRP00000001043,26,5,ENSGGOP00000011232,26,5,ENSMUSP00000043203,21,5,ENSRNOP00000012062,NA,NA,ENSBTAP00000009465,NA,NA,NULL,NA,NA
ENSMMUP00000024923,37,6,ENSP00000233809,36,6,ENSPTRP00000022056,36,6,ENSGGOP00000011429,NA,NA,ENSMUSP00000046610,34,7,ENSRNOP00000023068,34,7,ENSBTAP00000007349,26,7,ENSGALP00000018675,NA,NA
ENSMMUP00000000007,23,6,ENSP00000256545,23,6,ENSPTRP00000011747,23,6,ENSGGOP00000027430,22,6,ENSMUSP00000068610,22,5,ENSRNOP00000008364,22,5,ENSBTAP00000009709,22,5,ENSGALP00000015675,NA,NA
ENSMMUP00000023897,25,6,ENSP00000253719,24,5,ENSPTRP00000048532,NA,NA,ENSGGOP00000021039,24,5,ENSMUSP00000002274,21,6,ENSRNOP00000026992,23,5,ENSBTAP00000008917,18,7,NULL,NA,NA
ENSMMUP00000006141,22,5,ENSP00000339328,22,5,ENSPTRP00000054428,22,5,ENSGGOP00000008970,22,8,ENSMUSP00000002284,23,7,ENSRNOP00000063960,NA,NA,ENSBTAP00000017446,20,6,NULL,NA,NA
ENSMMUP00000001955,22,5,ENSP00000225964,22,5,ENSPTRP00000015952,22,5,ENSGGOP00000012899,22,5,ENSMUSP00000001547,22,5,ENSRNOP00000005311,22,5,ENSBTAP00000017420,22,5,ENSGALP00000056890,NA,NA
ENSMMUP00000029748,29,7,ENSP00000265459,28,7,ENSPTRP00000006621,28,7,ENSGGOP00000002310,NA,NA,ENSMUSP00000109089,28,5,ENSRNOP00000029449,28,5,ENSBTAP00000000307,26,5,NULL,NA,NA
ENSMMUP00000019122,29,8,NULL,NA,NA,ENSPTRP00000029626,42,9,ENSGGOP00000000653,42,9,ENSMUSP00000039888,NA,NA,ENSRNOP00000027340,NA,NA,NULL,NA,NA,NULL,NA,NA
ENSMMUP00000025031,18,5,ENSP00000351035,NA,NA,ENSPTRP00000044863,NA,NA,ENSGGOP00000014350,NA,NA,ENSMUSP00000031251,NA,NA,ENSRNOP00000003004,NA,NA,ENSBTAP00000008272,NA,NA,ENSGALP00000017865,NA,NA
ENSMMUP00000009153,28,10,ENSP00000449751,25,7,ENSPTRP00000008361,28,8,NULL,NA,NA,ENSMUSP00000003445,27,6,ENSRNOP00000072158,27,6,ENSBTAP00000021025,24,8,ENSGALP00000045576,NA,NA
ENSMMUP00000011935,31,5,ENSP00000215743,31,5,ENSPTRP00000024372,NA,NA,ENSGGOP00000008871,31,5,ENSMUSP00000000924,35,9,ENSRNOP00000035334,35,9,ENSBTAP00000008025,NA,NA,ENSGALP00000009583,NA,NA
ENSMMUP00000003461,18,5,NULL,NA,NA,NULL,NA,NA,NULL,NA,NA,ENSMUSP00000040435,20,5,ENSRNOP00000001035,NA,NA,ENSBTAP00000035741,23,5,ENSGALP00000058295,NA,NA
ENSMMUP00000037416,20,5,ENSP00000295463,NA,NA,ENSPTRP00000022290,NA,NA,ENSGGOP00000005541,21,6,ENSMUSP00000027455,NA,NA,ENSRNOP00000026190,20,5,ENSBTAP00000040934,NA,NA,ENSGALP00000012662,NA,NA
ENSMMUP00000004466,24,6,ENSP00000296474,24,6,ENSPTRP00000025788,24,6,ENSGGOP00000011976,24,6,ENSMUSP00000035203,NA,NA,ENSRNOP00000063136,NA,NA,ENSBTAP00000020028,22,7,ENSGALP00000035505,20,5
ENSMMUP00000017258,5,96,ENSP00000367794,5,97,ENSPTRP00000037386,5,97,ENSGGOP00000020741,5,97,ENSMUSP00000047926,NA,NA,ENSRNOP00000048924,30,5,ENSBTAP00000005604,25,5,ENSGALP00000049897,NA,NA
ENSMMUP00000040792,NA,NA,ENSP00000346120,NA,NA,ENSPTRP00000004431,NA,NA,ENSGGOP00000004968,NA,NA,ENSMUSP00000042691,NA,NA,ENSRNOP00000063494,NA,NA,ENSBTAP00000019351,NA,NA,NULL,NA,NA
ENSMMUP00000040792,NA,NA,ENSP00000346120,NA,NA,ENSPTRP00000004431,NA,NA,ENSGGOP00000004968,NA,NA,ENSMUSP00000042691,NA,NA,ENSRNOP00000063494,NA,NA,ENSBTAP00000019351,NA,NA,NULL,NA,NA
ENSMMUP00000024287,22,8,ENSP00000364163,23,11,ENSPTRP00000059022,21,9,ENSGGOP00000002300,19,11,ENSMUSP00000015612,20,7,ENSRNOP00000000513,20,6,ENSBTAP00000046844,21,5,NULL,NA,NA
ENSMMUP00000040792,NA,NA,ENSP00000346120,NA,NA,ENSPTRP00000004431,NA,NA,ENSGGOP00000004968,NA,NA,ENSMUSP00000042691,NA,NA,ENSRNOP00000063494,NA,NA,ENSBTAP00000019351,NA,NA,NULL,NA,NA
ENSMMUP00000007002,23,5,ENSP00000285599,NA,NA,NULL,NA,NA,ENSGGOP00000007896,NA,NA,ENSMUSP00000031002,NA,NA,ENSRNOP00000075327,NA,NA,ENSBTAP00000008532,NA,NA,ENSGALP00000024999,NA,NA
ENSMMUP00000040792,NA,NA,ENSP00000346120,NA,NA,ENSPTRP00000004431,NA,NA,ENSGGOP00000004968,NA,NA,ENSMUSP00000042691,NA,NA,ENSRNOP00000063494,NA,NA,ENSBTAP00000019351,NA,NA,NULL,NA,NA
ENSMMUP00000022947,22,5,ENSP00000301218,22,5,ENSPTRP00000018969,NA,NA,ENSGGOP00000013325,22,5,ENSMUSP00000003468,19,5,ENSRNOP00000027578,19,5,ENSBTAP00000015567,22,5,NULL,NA,NA
ENSMMUP00000019857,30,7,ENSP00000380421,NA,NA,ENSPTRP00000003828,30,7,ENSGGOP00000019528,NA,NA,ENSMUSP00000077878,33,10,ENSRNOP00000025252,NA,NA,ENSBTAP00000007987,NA,NA,NULL,NA,NA
ENSMMUP00000037566,29,9,ENSP00000348912,27,10,ENSPTRP00000039913,28,10,ENSGGOP00000016554,28,10,ENSMUSP00000105861,NA,NA,ENSRNOP00000040646,28,8,ENSBTAP00000017511,30,5,ENSGALP00000044183,NA,NA
ENSMMUP00000007352,21,8,ENSP00000312002,21,8,ENSPTRP00000029826,21,8,ENSGGOP00000027604,21,8,ENSMUSP00000020668,NA,NA,ENSRNOP00000048351,NA,NA,NULL,NA,NA,ENSGALP00000054868,NA,NA
ENSMMUP00000019135,42,7,NULL,NA,NA,ENSPTRP00000029626,42,9,ENSGGOP00000000653,42,9,ENSMUSP00000039888,NA,NA,ENSRNOP00000027340,NA,NA,NULL,NA,NA,NULL,NA,NA
ENSMMUP00000028060,35,6,ENSP00000306099,30,6,ENSPTRP00000028385,30,6,ENSGGOP00000013703,30,6,ENSMUSP00000039472,19,5,ENSRNOP00000009813,NA,NA,ENSBTAP00000029826,27,5,ENSGALP00000038105,16,7
ENSMMUP00000023030,28,6,ENSP00000286733,28,6,ENSPTRP00000027800,27,5,ENSGGOP00000017303,NA,NA,ENSMUSP00000108726,31,5,ENSRNOP00000003102,32,5,ENSBTAP00000025945,25,5,ENSGALP00000037111,NA,NA
ENSMMUP00000028414,27,5,ENSP00000304945,27,5,ENSPTRP00000047586,27,5,ENSGGOP00000014783,27,5,ENSMUSP00000110700,NA,NA,ENSRNOP00000057050,NA,NA,ENSBTAP00000005698,NA,NA,ENSGALP00000054615,NA,NA
ENSMMUP00000019858,30,7,ENSP00000380421,NA,NA,ENSPTRP00000003828,30,7,ENSGGOP00000019528,NA,NA,ENSMUSP00000077878,33,10,ENSRNOP00000025252,NA,NA,ENSBTAP00000007987,NA,NA,NULL,NA,NA
ENSMMUP00000012663,22,5,ENSP00000401328,20,5,ENSPTRP00000028340,19,5,ENSGGOP00000007928,NA,NA,ENSMUSP00000051199,NA,NA,ENSRNOP00000045586,22,6,ENSBTAP00000006095,NA,NA,ENSGALP00000055647,NA,NA
ENSMMUP00000007574,30,7,ENSP00000303208,30,9,ENSPTRP00000001355,30,9,ENSGGOP00000022223,28,7,ENSMUSP00000055757,34,8,ENSRNOP00000008536,30,7,NULL,NA,NA,NULL,NA,NA
ENSMMUP00000010188,39,6,ENSP00000299441,42,9,ENSPTRP00000005777,42,9,ENSGGOP00000000396,NA,NA,ENSMUSP00000077574,NA,NA,ENSRNOP00000040147,NA,NA,ENSBTAP00000020475,NA,NA,ENSGALP00000027960,NA,NA
ENSMMUP00000040792,NA,NA,ENSP00000346120,NA,NA,ENSPTRP00000004431,NA,NA,ENSGGOP00000004968,NA,NA,ENSMUSP00000042691,NA,NA,ENSRNOP00000063494,NA,NA,ENSBTAP00000019351,NA,NA,NULL,NA,NA
ENSMMUP00000040792,NA,NA,ENSP00000346120,NA,NA,ENSPTRP00000004431,NA,NA,ENSGGOP00000004968,NA,NA,ENSMUSP00000042691,NA,NA,ENSRNOP00000063494,NA,NA,ENSBTAP00000019351,NA,NA,NULL,NA,NA
ENSMMUP00000002409,24,5,ENSP00000478319,24,5,ENSPTRP00000011734,24,5,ENSGGOP00000023632,NA,NA,ENSMUSP00000097170,24,5,ENSRNOP00000035888,24,5,ENSBTAP00000056469,24,5,ENSGALP00000037126,NA,NA
ENSMMUP00000040792,NA,NA,ENSP00000346120,NA,NA,ENSPTRP00000004431,NA,NA,ENSGGOP00000004968,NA,NA,ENSMUSP00000042691,NA,NA,ENSRNOP00000063494,NA,NA,ENSBTAP00000019351,NA,NA,NULL,NA,NA
ENSMMUP00000008371,31,8,ENSP00000362734,28,5,ENSPTRP00000041706,28,5,ENSGGOP00000025205,NA,NA,ENSMUSP00000058007,35,13,ENSRNOP00000035420,32,10,ENSBTAP00000040914,31,8,ENSGALP00000037962,NA,NA
ENSMMUP00000040792,NA,NA,ENSP00000346120,NA,NA,ENSPTRP00000004431,NA,NA,ENSGGOP00000004968,NA,NA,ENSMUSP00000042691,NA,NA,ENSRNOP00000063494,NA,NA,ENSBTAP00000019351,NA,NA,NULL,NA,NA
ENSMMUP00000017538,32,6,ENSP00000384262,NA,NA,ENSPTRP00000027886,NA,NA,ENSGGOP00000017789,NA,NA,ENSMUSP00000044072,NA,NA,ENSRNOP00000002983,NA,NA,ENSBTAP00000007550,28,5,ENSGALP00000018245,NA,NA
ENSMMUP00000010972,34,6,ENSP00000296026,34,6,ENSPTRP00000027777,34,6,ENSGGOP00000008540,34,6,ENSMUSP00000074885,27,5,ENSRNOP00000070985,23,7,ENSBTAP00000043331,31,5,NULL,NA,NA
ENSMMUP00000040792,NA,NA,ENSP00000346120,NA,NA,ENSPTRP00000004431,NA,NA,ENSGGOP00000004968,NA,NA,ENSMUSP00000042691,NA,NA,ENSRNOP00000063494,NA,NA,ENSBTAP00000019351,NA,NA,NULL,NA,NA
ENSMMUP00000034233,29,6,ENSP00000366095,29,6,ENSPTRP00000030529,29,6,ENSGGOP00000016501,28,5,ENSMUSP00000099726,29,7,ENSRNOP00000001008,27,5,ENSBTAP00000042496,NA,NA,NULL,NA,NA
ENSMMUP00000021235,33,5,ENSP00000302289,NA,NA,ENSPTRP00000028880,NA,NA,ENSGGOP00000019274,NA,NA,ENSMUSP00000022242,NA,NA,ENSRNOP00000069012,NA,NA,ENSBTAP00000053825,NA,NA,ENSGALP00000057693,NA,NA
ENSMMUP00000025972,38,6,ENSP00000221891,38,6,ENSPTRP00000060332,38,6,ENSGGOP00000027419,38,6,ENSMUSP00000006828,NA,NA,ENSRNOP00000028297,NA,NA,ENSBTAP00000001531,NA,NA,NULL,NA,NA
ENSMMUP00000009134,20,6,ENSP00000370593,20,6,ENSPTRP00000049466,20,6,ENSGGOP00000017511,20,6,ENSMUSP00000133468,NA,NA,ENSRNOP00000066744,27,6,ENSBTAP00000013433,NA,NA,ENSGALP00000024246,NA,NA
ENSMMUP00000009140,20,6,ENSP00000370593,20,6,ENSPTRP00000049466,20,6,ENSGGOP00000017511,20,6,ENSMUSP00000133468,NA,NA,ENSRNOP00000066744,27,6,ENSBTAP00000013433,NA,NA,ENSGALP00000024246,NA,NA
ENSMMUP00000004467,24,6,ENSP00000296474,24,6,ENSPTRP00000025788,24,6,ENSGGOP00000011976,24,6,ENSMUSP00000035203,NA,NA,ENSRNOP00000063136,NA,NA,ENSBTAP00000020028,22,7,ENSGALP00000035505,20,5
ENSMMUP00000019165,28,7,ENSP00000172229,28,7,ENSPTRP00000015928,NA,NA,ENSGGOP00000008241,28,7,ENSMUSP00000000122,31,9,ENSRNOP00000007268,29,5,ENSBTAP00000027940,30,9,ENSGALP00000046489,NA,NA
ENSMMUP00000031738,29,5,NULL,NA,NA,ENSPTRP00000060390,NA,NA,NULL,NA,NA,NULL,NA,NA,ENSRNOP00000075903,NA,NA,ENSBTAP00000036381,NA,NA,ENSGALP00000004991,NA,NA
ENSMMUP00000040792,NA,NA,ENSP00000346120,NA,NA,ENSPTRP00000004431,NA,NA,ENSGGOP00000004968,NA,NA,ENSMUSP00000042691,NA,NA,ENSRNOP00000063494,NA,NA,ENSBTAP00000019351,NA,NA,NULL,NA,NA
ENSMMUP00000023307,51,8,ENSP00000254854,51,8,ENSPTRP00000014862,51,8,ENSGGOP00000018904,51,8,ENSMUSP00000021259,NA,NA,ENSRNOP00000010790,NA,NA,ENSBTAP00000011564,NA,NA,NULL,NA,NA
ENSMMUP00000019416,30,5,ENSP00000221498,30,5,ENSPTRP00000019382,30,5,ENSGGOP00000015982,30,5,ENSMUSP00000033057,20,5,ENSRNOP00000028082,20,5,ENSBTAP00000016164,NA,NA,NULL,NA,NA
ENSMMUP00000006288,28,6,ENSP00000349143,32,10,ENSPTRP00000050499,32,10,NULL,NA,NA,ENSMUSP00000106063,NA,NA,ENSRNOP00000056159,NA,NA,ENSBTAP00000042458,NA,NA,NULL,NA,NA
ENSMMUP00000017457,36,10,ENSP00000274721,31,5,ENSPTRP00000029554,31,5,ENSGGOP00000017064,32,6,ENSMUSP00000025224,NA,NA,ENSRNOP00000027544,NA,NA,ENSBTAP00000006958,24,5,ENSGALP00000012311,NA,NA
ENSMMUP00000028758,22,8,ENSP00000401513,21,11,ENSPTRP00000011955,22,8,ENSGGOP00000004567,22,8,ENSMUSP00000039378,22,5,ENSRNOP00000020130,22,6,ENSBTAP00000009875,NA,NA,NULL,NA,NA
ENSMMUP00000013944,24,5,NULL,NA,NA,NULL,NA,NA,NULL,NA,NA,ENSMUSP00000040435,20,5,ENSRNOP00000001035,NA,NA,ENSBTAP00000035741,23,5,ENSGALP00000058295,NA,NA
ENSMMUP00000040792,NA,NA,ENSP00000346120,NA,NA,ENSPTRP00000004431,NA,NA,ENSGGOP00000004968,NA,NA,ENSMUSP00000042691,NA,NA,ENSRNOP00000063494,NA,NA,ENSBTAP00000019351,NA,NA,NULL,NA,NA
ENSMMUP00000015350,24,6,ENSP00000439250,24,6,ENSPTRP00000032579,24,6,ENSGGOP00000007308,NA,NA,ENSMUSP00000031795,24,6,ENSRNOP00000007821,24,6,ENSBTAP00000033613,26,6,ENSGALP00000057961,NA,NA
ENSMMUP00000007427,16,6,ENSP00000312535,16,6,ENSPTRP00000059190,16,6,ENSGGOP00000014142,NA,NA,ENSMUSP00000050039,16,6,ENSRNOP00000026169,16,6,ENSBTAP00000049410,16,6,NULL,NA,NA
ENSMMUP00000020902,21,5,ENSP00000291934,21,5,ENSPTRP00000019787,21,5,ENSGGOP00000009191,21,5,ENSMUSP00000013235,NA,NA,ENSRNOP00000061283,NA,NA,ENSBTAP00000028044,NA,NA,NULL,NA,NA
ENSMMUP00000040792,NA,NA,ENSP00000346120,NA,NA,ENSPTRP00000004431,NA,NA,ENSGGOP00000004968,NA,NA,ENSMUSP00000042691,NA,NA,ENSRNOP00000063494,NA,NA,ENSBTAP00000019351,NA,NA,NULL,NA,NA
ENSMMUP00000000812,20,5,ENSP00000219406,21,6,NULL,NA,NA,ENSGGOP00000025479,21,6,ENSMUSP00000035584,20,5,NULL,NA,NA,ENSBTAP00000045224,NA,NA,ENSGALP00000053387,NA,NA
ENSMMUP00000020803,24,5,ENSP00000350630,25,5,ENSPTRP00000004890,25,5,ENSGGOP00000018130,25,5,ENSMUSP00000025986,21,5,ENSRNOP00000018179,22,5,ENSBTAP00000015593,NA,NA,ENSGALP00000008841,NA,NA
ENSMMUP00000000352,26,8,ENSP00000383558,26,8,ENSPTRP00000056951,26,8,ENSGGOP00000017426,26,8,ENSMUSP00000026119,27,6,ENSRNOP00000051845,27,5,ENSBTAP00000004926,25,5,ENSGALP00000018272,21,6
ENSMMUP00000014727,20,6,ENSP00000378053,20,6,ENSPTRP00000026005,20,6,ENSGGOP00000009831,NA,NA,ENSMUSP00000026315,NA,NA,ENSRNOP00000012532,NA,NA,ENSBTAP00000024347,22,6,ENSGALP00000035475,NA,NA
ENSMMUP00000028928,29,5,ENSP00000312158,28,6,NULL,NA,NA,ENSGGOP00000003556,32,10,ENSMUSP00000106063,NA,NA,ENSRNOP00000056159,NA,NA,ENSBTAP00000042458,NA,NA,NULL,NA,NA
ENSMMUP00000030913,38,5,ENSP00000301873,43,10,ENSPTRP00000006692,NA,NA,ENSGGOP00000024961,NA,NA,ENSMUSP00000080214,NA,NA,ENSRNOP00000028262,NA,NA,ENSBTAP00000008880,37,7,NULL,NA,NA
ENSMMUP00000040792,NA,NA,ENSP00000346120,NA,NA,ENSPTRP00000004431,NA,NA,ENSGGOP00000004968,NA,NA,ENSMUSP00000042691,NA,NA,ENSRNOP00000063494,NA,NA,ENSBTAP00000019351,NA,NA,NULL,NA,NA
ENSMMUP00000013028,24,5,ENSP00000361562,46,9,NULL,NA,NA,ENSGGOP00000015552,42,5,ENSMUSP00000017904,41,7,ENSRNOP00000062425,23,7,ENSBTAP00000039003,NA,NA,ENSGALP00000011124,NA,NA
ENSMMUP00000040792,NA,NA,ENSP00000346120,NA,NA,ENSPTRP00000004431,NA,NA,ENSGGOP00000004968,NA,NA,ENSMUSP00000042691,NA,NA,ENSRNOP00000063494,NA,NA,ENSBTAP00000019351,NA,NA,NULL,NA,NA
ENSMMUP00000013586,26,9,ENSP00000294954,24,5,ENSPTRP00000020451,24,5,ENSGGOP00000019774,NA,NA,ENSMUSP00000024916,NA,NA,ENSRNOP00000022481,NA,NA,ENSBTAP00000022047,NA,NA,ENSGALP00000014790,NA,NA
ENSMMUP00000016770,15,6,ENSP00000401502,NA,NA,ENSPTRP00000042983,NA,NA,ENSGGOP00000005224,NA,NA,NULL,NA,NA,NULL,NA,NA,NULL,NA,NA,NULL,NA,NA
ENSMMUP00000006016,18,6,ENSP00000289902,18,6,ENSPTRP00000051638,18,6,ENSGGOP00000017855,18,6,ENSMUSP00000078875,NA,NA,ENSRNOP00000036716,NA,NA,ENSBTAP00000033956,18,6,NULL,NA,NA
ENSMMUP00000020865,20,10,ENSP00000370750,20,6,ENSPTRP00000052595,NA,NA,ENSGGOP00000005509,21,6,ENSMUSP00000124066,NA,NA,ENSRNOP00000069383,NA,NA,ENSBTAP00000002535,19,7,ENSGALP00000015508,NA,NA
ENSMMUP00000020028,20,5,ENSP00000341938,NA,NA,ENSPTRP00000032822,NA,NA,ENSGGOP00000007415,NA,NA,ENSMUSP00000126036,NA,NA,ENSRNOP00000001224,NA,NA,ENSBTAP00000010773,NA,NA,ENSGALP00000003878,NA,NA
ENSMMUP00000029316,25,5,ENSP00000225276,25,5,ENSPTRP00000054178,NA,NA,ENSGGOP00000021393,25,5,ENSMUSP00000078501,NA,NA,ENSRNOP00000016622,NA,NA,ENSBTAP00000040192,NA,NA,ENSGALP00000002914,NA,NA
ENSMMUP00000040792,NA,NA,ENSP00000346120,NA,NA,ENSPTRP00000004431,NA,NA,ENSGGOP00000004968,NA,NA,ENSMUSP00000042691,NA,NA,ENSRNOP00000063494,NA,NA,ENSBTAP00000019351,NA,NA,NULL,NA,NA
ENSMMUP00000031501,27,6,ENSP00000334037,27,6,ENSPTRP00000019484,27,6,ENSGGOP00000014396,27,6,ENSMUSP00000113509,NA,NA,ENSRNOP00000026445,NA,NA,ENSBTAP00000054183,27,6,NULL,NA,NA
ENSMMUP00000013772,24,5,ENSP00000296099,NA,NA,ENSPTRP00000020205,NA,NA,ENSGGOP00000011392,NA,NA,ENSMUSP00000035321,NA,NA,ENSRNOP00000008037,NA,NA,ENSBTAP00000024314,NA,NA,NULL,NA,NA
ENSMMUP00000022956,5,45,ENSP00000321573,5,505,ENSPTRP00000026153,5,505,ENSGGOP00000010009,5,495,ENSMUSP00000039915,63,9,ENSRNOP00000069998,64,12,ENSBTAP00000019822,NA,NA,ENSGALP00000024578,NA,NA
ENSMMUP00000040725,33,6,ENSP00000386807,NA,NA,ENSPTRP00000053749,NA,NA,NULL,NA,NA,ENSMUSP00000110026,60,6,ENSRNOP00000054870,29,7,ENSBTAP00000041976,35,8,ENSGALP00000040604,NA,NA
ENSMMUP00000040792,NA,NA,ENSP00000346120,NA,NA,ENSPTRP00000004431,NA,NA,ENSGGOP00000004968,NA,NA,ENSMUSP00000042691,NA,NA,ENSRNOP00000063494,NA,NA,ENSBTAP00000019351,NA,NA,NULL,NA,NA
ENSMMUP00000028437,17,6,ENSP00000350911,19,6,ENSPTRP00000044896,19,6,ENSGGOP00000000776,19,6,ENSMUSP00000073072,18,7,ENSRNOP00000048353,19,8,NULL,NA,NA,ENSGALP00000001138,29,8
