ENSPTRP00000027777,34,6,ENSP00000296026,34,6,ENSMMUP00000010972,34,6,ENSGGOP00000008540,34,6,ENSMUSP00000074885,27,5,ENSRNOP00000070985,23,7,ENSBTAP00000043331,31,5,NULL,NA,NA,NULL,NA,NA
ENSPTRP00000025308,28,5,ENSP00000344260,28,5,ENSMMUP00000057540,NA,NA,ENSGGOP00000009073,32,5,ENSMUSP00000022460,NA,NA,ENSRNOP00000061715,NA,NA,ENSBTAP00000010847,NA,NA,ENSGALP00000018302,NA,NA,ENSXETP00000019700,NA,NA
ENSPTRP00000012449,42,5,ENSP00000261918,44,5,ENSMMUP00000028741,42,5,ENSGGOP00000006388,42,5,ENSMUSP00000042211,NA,NA,ENSRNOP00000010620,NA,NA,ENSBTAP00000015210,NA,NA,ENSGALP00000002150,NA,NA,ENSXETP00000059362,NA,NA
ENSPTRP00000017095,34,5,ENSP00000404464,34,5,ENSMMUP00000013639,34,5,ENSGGOP00000015997,34,5,ENSMUSP00000117636,35,5,ENSRNOP00000031817,NA,NA,ENSBTAP00000011491,NA,NA,ENSGALP00000043340,NA,NA,ENSXETP00000045752,NA,NA
ENSPTRP00000059904,23,5,ENSP00000302150,28,5,ENSMMUP00000047828,NA,NA,ENSGGOP00000001345,29,5,ENSMUSP00000053446,29,5,ENSRNOP00000022251,NA,NA,ENSBTAP00000013401,36,5,ENSGALP00000020651,NA,NA,ENSXETP00000050804,NA,NA
ENSPTRP00000017815,20,5,ENSP00000253109,20,5,ENSMMUP00000050487,NA,NA,ENSGGOP00000015785,20,5,ENSMUSP00000035784,24,5,ENSRNOP00000027963,NA,NA,ENSBTAP00000020787,22,5,NULL,NA,NA,ENSXETP00000061758,NA,NA
ENSPTRP00000014575,24,5,ENSP00000330631,24,5,ENSMMUP00000043429,NA,NA,ENSGGOP00000017558,24,5,ENSMUSP00000099572,24,6,ENSRNOP00000058866,24,6,ENSBTAP00000016317,24,6,ENSGALP00000034313,NA,NA,ENSXETP00000029649,NA,NA
ENSPTRP00000051292,23,5,ENSP00000272190,23,5,ENSMMUP00000011102,23,5,ENSGGOP00000025765,23,5,ENSMUSP00000092135,NA,NA,ENSRNOP00000003951,NA,NA,ENSBTAP00000028438,NA,NA,ENSGALP00000000756,NA,NA,ENSXETP00000015342,NA,NA
ENSPTRP00000047036,22,5,ENSP00000363840,22,5,ENSMMUP00000005146,22,5,ENSGGOP00000009593,NA,NA,ENSMUSP00000084772,NA,NA,ENSRNOP00000048846,22,5,ENSBTAP00000000793,NA,NA,NULL,NA,NA,ENSXETP00000027837,NA,NA
ENSPTRP00000046302,33,6,ENSP00000303211,33,6,ENSMMUP00000027994,33,6,ENSGGOP00000001493,33,6,ENSMUSP00000024099,NA,NA,ENSRNOP00000073951,NA,NA,ENSBTAP00000001517,30,5,NULL,NA,NA,ENSXETP00000037518,NA,NA
ENSPTRP00000043948,22,5,ENSP00000310149,22,5,ENSMMUP00000009448,NA,NA,ENSGGOP00000012371,29,5,ENSMUSP00000031521,NA,NA,ENSRNOP00000075407,NA,NA,ENSBTAP00000023544,NA,NA,ENSGALP00000006227,NA,NA,ENSXETP00000046742,NA,NA
ENSPTRP00000028340,19,5,ENSP00000401328,20,5,ENSMMUP00000012663,22,5,ENSGGOP00000007928,NA,NA,ENSMUSP00000051199,NA,NA,ENSRNOP00000045586,22,6,ENSBTAP00000006095,NA,NA,ENSGALP00000055647,NA,NA,NULL,NA,NA
ENSPTRP00000019031,30,6,ENSP00000244333,30,6,NULL,NA,NA,ENSGGOP00000020635,30,5,ENSMUSP00000079543,NA,NA,ENSRNOP00000027100,NA,NA,ENSBTAP00000024068,NA,NA,NULL,NA,NA,NULL,NA,NA
ENSPTRP00000048559,23,7,ENSP00000349954,20,7,ENSMMUP00000047264,NA,NA,ENSGGOP00000006854,15,7,ENSMUSP00000072276,NA,NA,ENSRNOP00000060360,NA,NA,ENSBTAP00000048635,NA,NA,NULL,NA,NA,ENSXETP00000045949,NA,NA
ENSPTRP00000029281,29,6,ENSP00000307954,29,6,ENSMMUP00000019509,29,6,ENSGGOP00000026403,29,6,ENSMUSP00000057670,NA,NA,ENSRNOP00000073621,NA,NA,ENSBTAP00000054718,NA,NA,ENSGALP00000043294,NA,NA,ENSXETP00000055455,31,5
ENSPTRP00000060085,33,5,ENSP00000429397,33,5,NULL,NA,NA,ENSGGOP00000026545,33,5,ENSMUSP00000006303,26,5,ENSRNOP00000056206,NA,NA,ENSBTAP00000027343,26,5,NULL,NA,NA,NULL,NA,NA
ENSPTRP00000005777,42,9,ENSP00000299441,42,9,ENSMMUP00000010188,39,6,ENSGGOP00000000396,NA,NA,ENSMUSP00000077574,NA,NA,ENSRNOP00000040147,NA,NA,ENSBTAP00000020475,NA,NA,ENSGALP00000027960,NA,NA,ENSXETP00000010200,NA,NA
ENSPTRP00000023159,35,5,ENSP00000440331,NA,NA,ENSMMUP00000037925,NA,NA,ENSGGOP00000004938,35,5,ENSMUSP00000051732,NA,NA,ENSRNOP00000070608,NA,NA,ENSBTAP00000041676,NA,NA,NULL,NA,NA,NULL,NA,NA
ENSPTRP00000028385,30,6,ENSP00000306099,30,6,ENSMMUP00000028060,35,6,ENSGGOP00000013703,30,6,ENSMUSP00000039472,19,5,ENSRNOP00000009813,NA,NA,ENSBTAP00000029826,27,5,ENSGALP00000038105,16,7,ENSXETP00000048547,NA,NA
ENSPTRP00000031222,23,5,ENSP00000344192,23,5,ENSMMUP00000009714,23,6,ENSGGOP00000009506,23,5,ENSMUSP00000027061,25,5,ENSRNOP00000016664,25,5,ENSBTAP00000002786,23,5,ENSGALP00000026861,NA,NA,ENSXETP00000056440,NA,NA
ENSPTRP00000033642,27,7,ENSP00000306449,27,7,ENSMMUP00000013973,27,7,ENSGGOP00000004303,29,7,ENSMUSP00000052185,27,6,ENSRNOP00000003593,27,6,ENSBTAP00000018241,24,7,ENSGALP00000047763,NA,NA,ENSXETP00000047851,NA,NA
ENSPTRP00000023623,25,7,ENSP00000341640,25,7,ENSMMUP00000022167,NA,NA,ENSGGOP00000027437,NA,NA,ENSMUSP00000128718,NA,NA,ENSRNOP00000013105,NA,NA,ENSBTAP00000020699,NA,NA,ENSGALP00000009015,NA,NA,ENSXETP00000013468,NA,NA
ENSPTRP00000033973,24,6,ENSP00000286091,24,6,ENSMMUP00000050804,NA,NA,ENSGGOP00000020717,23,6,ENSMUSP00000076521,NA,NA,ENSRNOP00000008728,NA,NA,ENSBTAP00000022782,NA,NA,ENSGALP00000057383,NA,NA,ENSXETP00000038855,21,6
ENSPTRP00000023256,19,5,ENSP00000361842,19,5,ENSMMUP00000004537,NA,NA,ENSGGOP00000028526,19,5,ENSMUSP00000099392,NA,NA,ENSRNOP00000018844,NA,NA,ENSBTAP00000014986,23,6,ENSGALP00000006403,NA,NA,ENSXETP00000049389,NA,NA
ENSPTRP00000059190,16,6,ENSP00000312535,16,6,ENSMMUP00000007427,16,6,ENSGGOP00000014142,NA,NA,ENSMUSP00000050039,16,6,ENSRNOP00000026169,16,6,ENSBTAP00000049410,16,6,NULL,NA,NA,NULL,NA,NA
ENSPTRP00000026005,20,6,ENSP00000378053,20,6,ENSMMUP00000057699,NA,NA,ENSGGOP00000009831,NA,NA,ENSMUSP00000026315,NA,NA,ENSRNOP00000012532,NA,NA,ENSBTAP00000024347,22,6,ENSGALP00000035475,NA,NA,ENSXETP00000018976,NA,NA
ENSPTRP00000017648,22,6,ENSP00000245907,22,6,ENSMMUP00000031926,NA,NA,ENSGGOP00000024983,NA,NA,ENSMUSP00000024988,24,5,ENSRNOP00000066885,24,5,ENSBTAP00000022979,22,6,ENSGALP00000055047,NA,NA,ENSXETP00000037599,NA,NA
ENSPTRP00000008515,28,6,ENSP00000301464,27,5,ENSMMUP00000043500,NA,NA,ENSGGOP00000020776,NA,NA,ENSMUSP00000023807,NA,NA,ENSRNOP00000014807,NA,NA,ENSBTAP00000028615,NA,NA,NULL,NA,NA,NULL,NA,NA
ENSPTRP00000044696,33,9,ENSP00000331831,30,6,ENSMMUP00000009747,NA,NA,ENSGGOP00000025955,27,6,ENSMUSP00000033828,27,6,ENSRNOP00000024677,27,6,ENSBTAP00000035185,35,5,ENSGALP00000044378,NA,NA,ENSXETP00000030265,NA,NA
ENSPTRP00000032051,19,5,ENSP00000308938,19,5,ENSMMUP00000022281,19,5,ENSGGOP00000010048,19,5,NULL,NA,NA,NULL,NA,NA,ENSBTAP00000001674,NA,NA,ENSGALP00000006818,NA,NA,ENSXETP00000058852,NA,NA
ENSPTRP00000026153,5,505,ENSP00000321573,5,505,ENSMMUP00000022956,5,45,ENSGGOP00000010009,5,495,ENSMUSP00000039915,63,9,ENSRNOP00000069998,64,12,ENSBTAP00000019822,NA,NA,ENSGALP00000024578,NA,NA,ENSXETP00000012722,NA,NA
ENSPTRP00000001294,29,8,ENSP00000303634,32,11,ENSMMUP00000009997,29,8,ENSGGOP00000003962,NA,NA,ENSMUSP00000102343,27,7,ENSRNOP00000017575,31,10,ENSBTAP00000050885,27,6,ENSGALP00000017370,NA,NA,ENSXETP00000017690,NA,NA
ENSPTRP00000050499,32,10,ENSP00000349143,32,10,ENSMMUP00000006287,28,6,NULL,NA,NA,ENSMUSP00000106063,NA,NA,ENSRNOP00000056159,NA,NA,ENSBTAP00000042458,NA,NA,NULL,NA,NA,NULL,NA,NA
ENSPTRP00000039263,27,5,ENSP00000313967,27,5,ENSMMUP00000027319,NA,NA,ENSGGOP00000009803,30,8,ENSMUSP00000040246,25,6,ENSRNOP00000017060,25,6,ENSBTAP00000014871,NA,NA,ENSGALP00000007597,NA,NA,ENSXETP00000023091,NA,NA
ENSPTRP00000010358,23,6,ENSP00000302046,23,6,ENSMMUP00000002223,23,6,ENSGGOP00000027666,23,6,ENSMUSP00000093613,25,5,ENSRNOP00000031392,26,5,ENSBTAP00000011585,27,6,ENSGALP00000031533,NA,NA,NULL,NA,NA
ENSPTRP00000022931,25,5,ENSP00000364902,25,5,ENSMMUP00000008312,26,5,ENSGGOP00000012550,25,5,ENSMUSP00000053122,31,7,ENSRNOP00000013730,32,7,ENSBTAP00000021595,31,6,ENSGALP00000038505,NA,NA,ENSXETP00000036294,33,6
ENSPTRP00000025706,22,5,ENSP00000329557,22,5,ENSMMUP00000058886,NA,NA,ENSGGOP00000003654,22,5,ENSMUSP00000026744,NA,NA,ENSRNOP00000046724,NA,NA,ENSBTAP00000028513,NA,NA,NULL,NA,NA,NULL,NA,NA
ENSPTRP00000004890,25,5,ENSP00000350630,25,5,ENSMMUP00000020803,24,5,ENSGGOP00000018130,25,5,ENSMUSP00000025986,21,5,ENSRNOP00000018179,22,5,ENSBTAP00000015593,NA,NA,ENSGALP00000008841,NA,NA,ENSXETP00000016336,NA,NA
ENSPTRP00000018540,19,5,ENSP00000312273,19,5,ENSMMUP00000029139,NA,NA,ENSGGOP00000021010,27,5,ENSMUSP00000041579,NA,NA,ENSRNOP00000028632,NA,NA,ENSBTAP00000025189,20,6,NULL,NA,NA,NULL,NA,NA
ENSPTRP00000000785,25,5,ENSP00000362870,22,5,NULL,NA,NA,ENSGGOP00000007655,25,5,ENSMUSP00000099636,29,9,ENSRNOP00000014666,27,5,ENSBTAP00000040771,26,5,ENSGALP00000057052,NA,NA,ENSXETP00000013062,NA,NA
ENSPTRP00000048910,36,6,ENSP00000252599,36,6,ENSMMUP00000031757,NA,NA,ENSGGOP00000007852,36,6,ENSMUSP00000047923,31,5,ENSRNOP00000024866,31,8,ENSBTAP00000016841,30,7,ENSGALP00000048666,NA,NA,ENSXETP00000044445,NA,NA
ENSPTRP00000014690,48,9,ENSP00000293778,48,9,ENSMMUP00000006499,27,7,ENSGGOP00000005361,48,9,ENSMUSP00000019064,NA,NA,ENSRNOP00000037160,NA,NA,ENSBTAP00000024371,NA,NA,NULL,NA,NA,NULL,NA,NA
ENSPTRP00000034296,11,5,ENSP00000443194,11,5,ENSMMUP00000007787,NA,NA,ENSGGOP00000024114,NA,NA,ENSMUSP00000026677,NA,NA,ENSRNOP00000051430,NA,NA,ENSBTAP00000045530,NA,NA,ENSGALP00000008780,NA,NA,NULL,NA,NA
ENSPTRP00000026077,27,7,ENSP00000295619,27,7,ENSMMUP00000024333,27,7,ENSGGOP00000021257,27,7,ENSMUSP00000032152,26,7,ENSRNOP00000015058,26,7,ENSBTAP00000025742,NA,NA,ENSGALP00000056267,NA,NA,NULL,NA,NA
ENSPTRP00000014092,61,10,ENSP00000268793,61,10,ENSMMUP00000021670,61,10,ENSGGOP00000012313,61,10,ENSMUSP00000034371,NA,NA,ENSRNOP00000026809,NA,NA,ENSBTAP00000023962,33,5,ENSGALP00000005425,NA,NA,ENSXETP00000011960,NA,NA
ENSPTRP00000030423,31,9,ENSP00000244519,NA,NA,ENSMMUP00000028932,NA,NA,NULL,NA,NA,NULL,NA,NA,NULL,NA,NA,NULL,NA,NA,NULL,NA,NA,NULL,NA,NA
ENSPTRP00000033347,16,6,ENSP00000391748,19,5,ENSMMUP00000024212,NA,NA,NULL,NA,NA,ENSMUSP00000106606,NA,NA,ENSRNOP00000066198,19,5,ENSBTAP00000001412,NA,NA,NULL,NA,NA,NULL,NA,NA
ENSPTRP00000049466,20,6,ENSP00000370593,20,6,ENSMMUP00000009134,20,6,ENSGGOP00000017511,20,6,ENSMUSP00000133468,NA,NA,ENSRNOP00000066744,27,6,ENSBTAP00000013433,NA,NA,ENSGALP00000024246,NA,NA,ENSXETP00000025863,NA,NA
ENSPTRP00000058566,25,6,ENSP00000310431,25,6,ENSMMUP00000017028,NA,NA,ENSGGOP00000002643,26,6,ENSMUSP00000091352,NA,NA,ENSRNOP00000026192,NA,NA,ENSBTAP00000028561,NA,NA,NULL,NA,NA,ENSXETP00000045691,NA,NA
ENSPTRP00000036631,24,5,ENSP00000361929,22,5,ENSMMUP00000039914,NA,NA,ENSGGOP00000004919,28,5,ENSMUSP00000041622,19,5,ENSRNOP00000075363,NA,NA,ENSBTAP00000004595,NA,NA,ENSGALP00000007976,NA,NA,ENSXETP00000021661,NA,NA
ENSPTRP00000060332,38,6,ENSP00000221891,38,6,ENSMMUP00000025973,38,6,ENSGGOP00000027419,38,6,ENSMUSP00000006828,NA,NA,ENSRNOP00000028297,NA,NA,ENSBTAP00000001531,NA,NA,NULL,NA,NA,NULL,NA,NA
ENSPTRP00000037206,21,5,ENSP00000369320,21,5,ENSMMUP00000006710,21,5,ENSGGOP00000016870,NA,NA,ENSMUSP00000033650,NA,NA,ENSRNOP00000042298,NA,NA,ENSBTAP00000041587,NA,NA,ENSGALP00000026614,NA,NA,ENSXETP00000061222,NA,NA
ENSPTRP00000044469,35,5,ENSP00000337014,35,5,ENSMMUP00000021121,NA,NA,ENSGGOP00000004841,35,5,ENSMUSP00000046659,32,5,ENSRNOP00000028781,35,5,ENSBTAP00000029092,35,5,NULL,NA,NA,ENSXETP00000024156,NA,NA
ENSPTRP00000048635,31,6,ENSP00000252483,31,7,ENSMMUP00000018783,31,6,ENSGGOP00000006227,32,8,ENSMUSP00000074898,31,6,ENSRNOP00000025388,31,6,ENSBTAP00000020344,32,6,NULL,NA,NA,ENSXETP00000064054,NA,NA
ENSPTRP00000018921,22,5,ENSP00000308032,22,5,ENSMMUP00000031593,NA,NA,ENSGGOP00000009936,22,5,ENSMUSP00000041175,31,8,ENSRNOP00000028177,23,6,ENSBTAP00000024282,NA,NA,NULL,NA,NA,ENSXETP00000019347,NA,NA
ENSPTRP00000049448,21,6,ENSP00000412940,21,6,ENSMMUP00000039249,21,7,ENSGGOP00000016888,21,7,ENSMUSP00000071627,NA,NA,ENSRNOP00000055412,NA,NA,ENSBTAP00000026827,22,7,ENSGALP00000008702,22,5,ENSXETP00000007157,NA,NA
ENSPTRP00000002593,34,5,ENSP00000357057,34,5,ENSMMUP00000049358,NA,NA,ENSGGOP00000014282,34,5,ENSMUSP00000003554,NA,NA,ENSRNOP00000009344,NA,NA,ENSBTAP00000026932,NA,NA,NULL,NA,NA,ENSXETP00000000541,NA,NA
ENSPTRP00000017915,14,5,ENSP00000466134,14,5,ENSMMUP00000003116,14,5,ENSGGOP00000008437,14,5,ENSMUSP00000110987,14,8,ENSRNOP00000018009,13,7,ENSBTAP00000010787,13,7,NULL,NA,NA,ENSXETP00000059601,18,6
ENSPTRP00000052150,26,5,ENSP00000233242,27,6,ENSMMUP00000048701,NA,NA,ENSGGOP00000020316,NA,NA,ENSMUSP00000036044,NA,NA,ENSRNOP00000039779,NA,NA,ENSBTAP00000038799,22,7,ENSGALP00000026550,19,8,ENSXETP00000019543,NA,NA
ENSPTRP00000000560,28,8,ENSP00000363770,28,8,ENSMMUP00000027318,28,8,NULL,NA,NA,ENSMUSP00000036747,NA,NA,ENSRNOP00000017065,31,6,ENSBTAP00000014865,55,6,ENSGALP00000051833,NA,NA,NULL,NA,NA
ENSPTRP00000018553,24,7,ENSP00000471894,24,7,ENSMMUP00000014794,24,7,ENSGGOP00000000757,24,7,ENSMUSP00000074240,24,6,ENSRNOP00000028545,23,6,ENSBTAP00000022658,NA,NA,NULL,NA,NA,NULL,NA,NA
ENSPTRP00000033312,20,5,ENSP00000292401,20,5,ENSMMUP00000029608,NA,NA,ENSGGOP00000001964,20,5,ENSMUSP00000038559,NA,NA,ENSRNOP00000001801,NA,NA,ENSBTAP00000037042,17,5,ENSGALP00000058295,NA,NA,ENSXETP00000038903,NA,NA
ENSPTRP00000001752,21,6,ENSP00000380901,21,6,ENSMMUP00000015782,27,6,ENSGGOP00000003705,21,6,ENSMUSP00000070270,24,6,ENSRNOP00000014388,24,6,ENSBTAP00000013427,29,7,ENSGALP00000003607,26,7,ENSXETP00000009543,NA,NA
ENSPTRP00000052303,15,6,ENSP00000417128,15,6,ENSMMUP00000037672,NA,NA,ENSGGOP00000002892,15,6,NULL,NA,NA,NULL,NA,NA,NULL,NA,NA,NULL,NA,NA,NULL,NA,NA
ENSPTRP00000054024,20,7,ENSP00000403649,20,7,ENSMMUP00000047264,NA,NA,ENSGGOP00000006854,15,7,ENSMUSP00000072276,NA,NA,ENSRNOP00000060360,NA,NA,ENSBTAP00000048635,NA,NA,NULL,NA,NA,ENSXETP00000045949,NA,NA
ENSPTRP00000018116,39,5,ENSP00000263388,39,5,ENSMMUP00000017928,NA,NA,ENSGGOP00000002228,NA,NA,ENSMUSP00000085016,39,5,ENSRNOP00000037570,40,6,ENSBTAP00000053357,40,5,NULL,NA,NA,ENSXETP00000005565,NA,NA
ENSPTRP00000008707,19,5,ENSP00000243077,19,5,ENSMMUP00000052690,NA,NA,ENSGGOP00000009976,19,5,ENSMUSP00000044004,19,5,ENSRNOP00000034210,19,5,ENSBTAP00000017556,19,5,ENSGALP00000046139,NA,NA,ENSXETP00000023921,NA,NA
ENSPTRP00000022106,27,7,ENSP00000295731,27,5,ENSMMUP00000001060,27,7,ENSGGOP00000023030,NA,NA,ENSMUSP00000128056,NA,NA,ENSRNOP00000024419,27,8,ENSBTAP00000011124,NA,NA,ENSGALP00000018493,NA,NA,ENSXETP00000030370,NA,NA
ENSPTRP00000017533,35,5,ENSP00000302621,35,5,ENSMMUP00000031219,35,5,ENSGGOP00000024614,35,5,ENSMUSP00000038048,NA,NA,ENSRNOP00000065771,NA,NA,ENSBTAP00000003618,NA,NA,ENSGALP00000041118,20,8,NULL,NA,NA
ENSPTRP00000035042,30,7,ENSP00000330523,30,7,ENSMMUP00000050458,NA,NA,ENSGGOP00000001931,NA,NA,ENSMUSP00000070018,32,5,ENSRNOP00000006142,32,5,ENSBTAP00000013555,30,7,ENSGALP00000054419,NA,NA,ENSXETP00000008873,NA,NA
ENSPTRP00000015952,22,5,ENSP00000225964,22,5,ENSMMUP00000001955,22,5,ENSGGOP00000012899,22,5,ENSMUSP00000001547,22,5,ENSRNOP00000005311,22,5,ENSBTAP00000017420,22,5,ENSGALP00000056890,NA,NA,ENSXETP00000007330,NA,NA
ENSPTRP00000029554,31,5,ENSP00000274721,31,5,ENSMMUP00000017457,36,10,ENSGGOP00000017064,32,6,ENSMUSP00000025224,NA,NA,ENSRNOP00000027544,NA,NA,ENSBTAP00000006958,24,5,ENSGALP00000012311,NA,NA,ENSXETP00000014682,NA,NA
ENSPTRP00000013028,32,8,ENSP00000330070,32,8,ENSMMUP00000026322,NA,NA,ENSGGOP00000008380,NA,NA,ENSMUSP00000093200,36,8,ENSRNOP00000016554,41,8,ENSBTAP00000054014,NA,NA,NULL,NA,NA,NULL,NA,NA
ENSPTRP00000007262,17,5,ENSP00000322788,17,5,ENSMMUP00000002724,19,5,ENSGGOP00000008675,17,5,ENSMUSP00000034492,17,5,ENSRNOP00000011884,NA,NA,ENSBTAP00000046488,NA,NA,ENSGALP00000027716,17,5,ENSXETP00000060025,NA,NA
ENSPTRP00000035283,29,7,ENSP00000430945,30,8,ENSMMUP00000026131,30,8,ENSGGOP00000027950,NA,NA,ENSMUSP00000046097,33,8,NULL,NA,NA,ENSBTAP00000008376,27,5,ENSGALP00000045062,NA,NA,ENSXETP00000041517,NA,NA
ENSPTRP00000044018,25,6,ENSP00000376553,25,6,ENSMMUP00000008964,25,5,ENSGGOP00000025871,25,6,ENSMUSP00000070551,NA,NA,ENSRNOP00000000889,NA,NA,ENSBTAP00000042582,24,5,ENSGALP00000007800,NA,NA,NULL,NA,NA
ENSPTRP00000057474,19,5,ENSP00000243077,19,5,ENSMMUP00000052690,NA,NA,ENSGGOP00000009976,19,5,ENSMUSP00000044004,19,5,ENSRNOP00000034210,19,5,ENSBTAP00000017556,19,5,ENSGALP00000046139,NA,NA,ENSXETP00000023921,NA,NA
ENSPTRP00000008194,22,5,ENSP00000326708,22,5,ENSMMUP00000020782,20,5,ENSGGOP00000008514,22,5,NULL,NA,NA,NULL,NA,NA,ENSBTAP00000007060,22,7,NULL,NA,NA,NULL,NA,NA
ENSPTRP00000001043,26,5,ENSP00000361662,26,5,ENSMMUP00000024953,26,5,ENSGGOP00000011232,26,5,ENSMUSP00000043203,21,5,ENSRNOP00000012062,NA,NA,ENSBTAP00000009465,NA,NA,NULL,NA,NA,NULL,NA,NA
ENSPTRP00000009867,21,5,ENSP00000369071,21,5,ENSMMUP00000036395,21,5,ENSGGOP00000006556,21,5,ENSMUSP00000072773,NA,NA,ENSRNOP00000017453,NA,NA,ENSBTAP00000055657,NA,NA,ENSGALP00000027488,NA,NA,ENSXETP00000003803,NA,NA
ENSPTRP00000035794,22,5,ENSP00000367202,22,5,ENSMMUP00000029773,22,5,ENSGGOP00000003261,NA,NA,ENSMUSP00000030198,22,5,ENSRNOP00000070900,26,5,ENSBTAP00000000084,26,5,ENSGALP00000056648,NA,NA,NULL,NA,NA
ENSPTRP00000021839,24,5,ENSP00000312770,24,5,ENSMMUP00000045959,NA,NA,ENSGGOP00000005531,24,5,ENSMUSP00000040240,NA,NA,ENSRNOP00000013512,NA,NA,ENSBTAP00000052109,26,5,ENSGALP00000042242,NA,NA,ENSXETP00000039626,NA,NA
ENSPTRP00000026403,28,6,ENSP00000311502,28,6,ENSMMUP00000001551,NA,NA,ENSGGOP00000006971,28,6,ENSMUSP00000119790,30,7,ENSRNOP00000002443,NA,NA,ENSBTAP00000028521,29,6,ENSGALP00000019261,NA,NA,ENSXETP00000050522,NA,NA
ENSPTRP00000060900,31,5,ENSP00000399441,31,5,ENSMMUP00000001645,31,5,ENSGGOP00000024673,31,5,NULL,NA,NA,NULL,NA,NA,NULL,NA,NA,NULL,NA,NA,NULL,NA,NA
ENSPTRP00000021982,26,6,ENSP00000354607,26,6,ENSMMUP00000049844,NA,NA,ENSGGOP00000005802,26,6,ENSMUSP00000067783,26,6,ENSRNOP00000070441,26,6,ENSBTAP00000041785,26,6,ENSGALP00000056684,NA,NA,ENSXETP00000035762,NA,NA
ENSPTRP00000037386,5,97,ENSP00000367794,5,97,ENSMMUP00000017254,NA,NA,ENSGGOP00000020741,5,97,ENSMUSP00000047926,NA,NA,ENSRNOP00000048924,30,5,ENSBTAP00000005604,25,5,ENSGALP00000049897,NA,NA,ENSXETP00000018780,NA,NA
ENSPTRP00000007517,27,5,ENSP00000332613,27,5,ENSMMUP00000016066,27,5,ENSGGOP00000008517,28,5,ENSMUSP00000034512,36,6,ENSRNOP00000012825,29,6,ENSBTAP00000028443,NA,NA,ENSGALP00000010848,NA,NA,ENSXETP00000037063,NA,NA
ENSPTRP00000039913,28,10,ENSP00000348912,27,10,ENSMMUP00000037566,29,9,ENSGGOP00000016554,28,10,ENSMUSP00000105861,NA,NA,ENSRNOP00000040646,28,8,ENSBTAP00000017511,30,5,ENSGALP00000044183,NA,NA,ENSXETP00000005550,NA,NA
ENSPTRP00000037513,27,5,ENSP00000247153,27,5,ENSMMUP00000041095,27,5,ENSGGOP00000008516,27,5,ENSMUSP00000001156,23,5,ENSRNOP00000031039,23,6,ENSBTAP00000021009,25,7,NULL,NA,NA,ENSXETP00000056738,NA,NA
ENSPTRP00000047783,16,5,ENSP00000434847,16,5,ENSMMUP00000011068,16,5,ENSGGOP00000008475,16,5,ENSMUSP00000091713,NA,NA,ENSRNOP00000029957,NA,NA,ENSBTAP00000002011,21,7,ENSGALP00000001104,NA,NA,ENSXETP00000042141,NA,NA
ENSPTRP00000035431,22,6,ENSP00000434849,22,6,ENSMMUP00000043527,NA,NA,ENSGGOP00000013987,22,9,ENSMUSP00000061906,23,6,ENSRNOP00000075349,23,6,ENSBTAP00000006543,NA,NA,NULL,NA,NA,ENSXETP00000024815,NA,NA
ENSPTRP00000017328,27,6,ENSP00000386557,26,6,NULL,NA,NA,ENSGGOP00000023801,21,7,ENSMUSP00000037758,20,7,ENSRNOP00000021677,22,7,ENSBTAP00000056593,NA,NA,ENSGALP00000045303,NA,NA,ENSXETP00000056974,NA,NA
ENSPTRP00000051376,15,5,ENSP00000414287,29,5,NULL,NA,NA,ENSGGOP00000010331,29,5,ENSMUSP00000035211,18,5,ENSRNOP00000026711,18,5,ENSBTAP00000030635,18,5,ENSGALP00000004283,NA,NA,ENSXETP00000013078,NA,NA
ENSPTRP00000002583,18,7,ENSP00000357072,18,7,ENSMMUP00000055551,NA,NA,NULL,NA,NA,ENSMUSP00000027830,17,5,ENSRNOP00000010594,17,5,ENSBTAP00000033967,NA,NA,NULL,NA,NA,NULL,NA,NA
ENSPTRP00000032036,19,5,ENSP00000321334,19,5,ENSMMUP00000021286,NA,NA,ENSGGOP00000015684,19,5,ENSMUSP00000014578,NA,NA,ENSRNOP00000023370,NA,NA,NULL,NA,NA,ENSGALP00000006818,NA,NA,ENSXETP00000058852,NA,NA
ENSPTRP00000025117,33,5,ENSP00000272902,33,6,ENSMMUP00000055078,NA,NA,ENSGGOP00000015554,33,6,ENSMUSP00000032191,NA,NA,ENSRNOP00000009008,NA,NA,ENSBTAP00000052631,NA,NA,ENSGALP00000013469,NA,NA,ENSXETP00000053799,NA,NA
ENSPTRP00000029826,21,8,ENSP00000312002,21,8,ENSMMUP00000042804,NA,NA,ENSGGOP00000027604,21,8,ENSMUSP00000020668,NA,NA,ENSRNOP00000048351,NA,NA,NULL,NA,NA,ENSGALP00000054868,NA,NA,NULL,NA,NA
ENSPTRP00000021080,33,6,ENSP00000233969,33,6,ENSMMUP00000005571,33,6,ENSGGOP00000016090,33,6,ENSMUSP00000027231,34,6,ENSRNOP00000021270,34,6,ENSBTAP00000002235,31,8,ENSGALP00000027059,NA,NA,NULL,NA,NA
ENSPTRP00000026196,35,5,ENSP00000307801,35,5,ENSMMUP00000028785,35,5,ENSGGOP00000011751,35,5,ENSMUSP00000119774,NA,NA,ENSRNOP00000057315,19,5,ENSBTAP00000004776,19,5,ENSGALP00000024722,19,5,ENSXETP00000015257,19,5
ENSPTRP00000030753,26,5,ENSP00000378877,26,5,ENSMMUP00000033990,26,5,ENSGGOP00000017110,26,5,ENSMUSP00000048573,27,9,ENSRNOP00000000500,27,9,ENSBTAP00000005821,5,97,NULL,NA,NA,ENSXETP00000011398,NA,NA
ENSPTRP00000022848,20,5,ENSP00000307540,20,5,ENSMMUP00000005244,20,5,NULL,NA,NA,ENSMUSP00000043520,NA,NA,ENSRNOP00000007336,NA,NA,ENSBTAP00000000790,NA,NA,ENSGALP00000043172,NA,NA,ENSXETP00000002319,NA,NA
ENSPTRP00000018051,25,5,ENSP00000397415,25,5,ENSMMUP00000017803,25,5,NULL,NA,NA,ENSMUSP00000051392,NA,NA,ENSRNOP00000007775,NA,NA,ENSBTAP00000036111,NA,NA,NULL,NA,NA,ENSXETP00000062133,NA,NA
ENSPTRP00000007091,21,6,ENSP00000377055,21,6,ENSMMUP00000046508,NA,NA,ENSGGOP00000016102,21,6,ENSMUSP00000075429,NA,NA,ENSRNOP00000014271,NA,NA,ENSBTAP00000045060,21,7,ENSGALP00000056937,NA,NA,ENSXETP00000005009,NA,NA
ENSPTRP00000027773,34,6,ENSP00000379110,34,6,ENSMMUP00000051379,NA,NA,ENSGGOP00000003299,34,6,ENSMUSP00000074885,27,5,ENSRNOP00000070985,23,7,ENSBTAP00000043331,31,5,NULL,NA,NA,NULL,NA,NA
ENSPTRP00000000339,27,5,ENSP00000365253,27,5,NULL,NA,NA,ENSGGOP00000003534,NA,NA,ENSMUSP00000053597,NA,NA,ENSRNOP00000020483,NA,NA,ENSBTAP00000023771,NA,NA,ENSGALP00000006510,NA,NA,ENSXETP00000002923,NA,NA
ENSPTRP00000009593,38,5,ENSP00000353767,38,5,ENSMMUP00000013538,NA,NA,ENSGGOP00000007236,38,5,ENSMUSP00000031390,NA,NA,ENSRNOP00000037549,NA,NA,ENSBTAP00000029696,NA,NA,NULL,NA,NA,ENSXETP00000004342,NA,NA
ENSPTRP00000013122,21,6,ENSP00000337816,21,6,ENSMMUP00000012407,NA,NA,ENSGGOP00000015924,NA,NA,ENSMUSP00000024696,NA,NA,NULL,NA,NA,ENSBTAP00000021843,NA,NA,NULL,NA,NA,ENSXETP00000024847,NA,NA
ENSPTRP00000002015,22,5,ENSP00000346158,22,5,ENSMMUP00000059181,NA,NA,ENSGGOP00000000544,22,5,ENSMUSP00000029469,22,5,ENSRNOP00000025821,22,5,ENSBTAP00000043040,NA,NA,NULL,NA,NA,ENSXETP00000061682,NA,NA
ENSPTRP00000000302,40,6,ENSP00000365756,40,6,ENSMMUP00000016372,23,6,ENSGGOP00000013305,40,6,ENSMUSP00000099522,NA,NA,ENSRNOP00000010558,40,6,ENSBTAP00000025834,NA,NA,ENSGALP00000007206,NA,NA,ENSXETP00000060618,NA,NA
ENSPTRP00000019382,30,5,ENSP00000221498,30,5,ENSMMUP00000019416,30,5,ENSGGOP00000015982,30,5,ENSMUSP00000033057,20,5,ENSRNOP00000028082,20,5,ENSBTAP00000016164,NA,NA,NULL,NA,NA,NULL,NA,NA
ENSPTRP00000061176,16,5,ENSP00000408860,16,5,ENSMMUP00000001021,16,5,ENSGGOP00000012660,18,5,ENSMUSP00000025223,21,8,ENSRNOP00000037516,23,10,ENSBTAP00000007353,NA,NA,ENSGALP00000044393,NA,NA,ENSXETP00000011306,27,7
ENSPTRP00000024260,43,7,ENSP00000485276,43,7,ENSMMUP00000022588,NA,NA,ENSGGOP00000025770,NA,NA,ENSMUSP00000012161,35,5,ENSRNOP00000000313,35,5,ENSBTAP00000025815,36,6,ENSGALP00000045541,NA,NA,ENSXETP00000046821,NA,NA
ENSPTRP00000045917,18,5,ENSP00000357012,21,5,ENSMMUP00000022806,19,5,ENSGGOP00000005494,21,5,ENSMUSP00000004829,NA,NA,ENSRNOP00000006266,NA,NA,ENSBTAP00000003843,NA,NA,ENSGALP00000044599,NA,NA,NULL,NA,NA
ENSPTRP00000030092,27,7,ENSP00000251582,29,8,ENSMMUP00000003347,NA,NA,ENSGGOP00000000805,28,8,ENSMUSP00000040171,28,6,ENSRNOP00000075206,29,7,ENSBTAP00000019526,28,7,ENSGALP00000049763,NA,NA,ENSXETP00000008331,NA,NA
ENSPTRP00000011955,22,8,ENSP00000401513,21,11,ENSMMUP00000028758,22,8,ENSGGOP00000004567,22,8,ENSMUSP00000039378,22,5,ENSRNOP00000020130,22,6,ENSBTAP00000009875,NA,NA,NULL,NA,NA,ENSXETP00000061583,NA,NA
ENSPTRP00000020087,28,5,ENSP00000383894,28,5,ENSMMUP00000002108,5,125,ENSGGOP00000009570,NA,NA,ENSMUSP00000020899,27,5,ENSRNOP00000070640,29,5,ENSBTAP00000027836,30,5,ENSGALP00000036079,NA,NA,ENSXETP00000017554,NA,NA
ENSPTRP00000060067,20,8,ENSP00000330070,32,8,ENSMMUP00000026322,NA,NA,ENSGGOP00000008380,NA,NA,ENSMUSP00000093200,36,8,ENSRNOP00000016554,41,8,ENSBTAP00000054014,NA,NA,NULL,NA,NA,NULL,NA,NA
ENSPTRP00000053783,23,5,ENSP00000306864,23,5,ENSMMUP00000061074,NA,NA,ENSGGOP00000019138,23,5,ENSMUSP00000045162,24,6,ENSRNOP00000005490,24,6,ENSBTAP00000055273,26,5,ENSGALP00000012650,23,7,ENSXETP00000037686,NA,NA
ENSPTRP00000023552,27,5,ENSP00000339390,27,5,ENSMMUP00000010637,29,6,ENSGGOP00000012165,27,5,ENSMUSP00000048829,20,5,ENSRNOP00000074411,20,5,ENSBTAP00000027003,NA,NA,NULL,NA,NA,ENSXETP00000061020,NA,NA
ENSPTRP00000023559,19,5,ENSP00000484928,20,5,ENSMMUP00000016156,NA,NA,ENSGGOP00000000178,NA,NA,ENSMUSP00000000314,NA,NA,ENSRNOP00000074038,NA,NA,ENSBTAP00000020042,NA,NA,ENSGALP00000055034,NA,NA,ENSXETP00000004271,NA,NA
ENSPTRP00000032739,27,8,ENSP00000242249,27,5,ENSMMUP00000041914,NA,NA,ENSGGOP00000007121,NA,NA,ENSMUSP00000047518,26,5,ENSRNOP00000074204,26,5,ENSBTAP00000027593,29,7,ENSGALP00000050055,NA,NA,ENSXETP00000034203,NA,NA
ENSPTRP00000052805,24,9,ENSP00000311398,27,6,NULL,NA,NA,NULL,NA,NA,NULL,NA,NA,NULL,NA,NA,ENSBTAP00000054897,28,7,ENSGALP00000031533,NA,NA,NULL,NA,NA
ENSPTRP00000058864,23,5,ENSP00000340292,23,5,ENSMMUP00000026357,23,5,ENSGGOP00000000417,23,5,ENSMUSP00000063104,23,5,ENSRNOP00000069391,23,5,ENSBTAP00000051840,23,5,ENSGALP00000018320,NA,NA,NULL,NA,NA
ENSPTRP00000032579,24,6,ENSP00000439250,24,6,ENSMMUP00000047178,NA,NA,ENSGGOP00000007308,NA,NA,ENSMUSP00000031795,24,6,ENSRNOP00000007821,24,6,ENSBTAP00000033613,26,6,ENSGALP00000057961,NA,NA,ENSXETP00000044050,NA,NA
ENSPTRP00000029520,34,6,ENSP00000337065,34,6,ENSMMUP00000006341,34,6,ENSGGOP00000002796,34,6,ENSMUSP00000021970,22,6,ENSRNOP00000016009,22,6,ENSBTAP00000008803,18,6,ENSGALP00000010242,NA,NA,ENSXETP00000017332,34,5
ENSPTRP00000006621,28,7,ENSP00000265459,28,7,ENSMMUP00000029746,29,7,ENSGGOP00000002310,NA,NA,ENSMUSP00000109089,28,5,ENSRNOP00000029449,28,5,ENSBTAP00000000307,26,5,NULL,NA,NA,ENSXETP00000034004,NA,NA
ENSPTRP00000026442,27,12,ENSP00000377061,26,11,ENSMMUP00000060049,NA,NA,ENSGGOP00000021744,27,12,ENSMUSP00000131840,27,9,ENSRNOP00000022951,45,9,ENSBTAP00000030566,5,86,ENSGALP00000035469,NA,NA,ENSXETP00000040369,NA,NA
ENSPTRP00000031014,20,7,ENSP00000402855,15,7,ENSMMUP00000033716,10,6,ENSGGOP00000014706,20,7,ENSMUSP00000024792,20,8,ENSRNOP00000018138,NA,NA,ENSBTAP00000008500,19,7,NULL,NA,NA,NULL,NA,NA
ENSPTRP00000060983,25,5,ENSP00000288135,25,5,NULL,NA,NA,ENSGGOP00000015071,25,5,ENSMUSP00000005815,NA,NA,ENSRNOP00000003050,NA,NA,ENSBTAP00000003498,25,6,ENSGALP00000051217,NA,NA,ENSXETP00000045513,NA,NA
ENSPTRP00000046144,21,5,ENSP00000367817,21,5,ENSMMUP00000024005,NA,NA,ENSGGOP00000000846,21,5,ENSMUSP00000026698,21,6,ENSRNOP00000016991,NA,NA,ENSBTAP00000013799,NA,NA,ENSGALP00000039359,NA,NA,NULL,NA,NA
ENSPTRP00000019333,18,7,ENSP00000221421,20,7,ENSMMUP00000047264,NA,NA,NULL,NA,NA,ENSMUSP00000072276,NA,NA,ENSRNOP00000060360,NA,NA,ENSBTAP00000048635,NA,NA,NULL,NA,NA,ENSXETP00000045949,NA,NA
ENSPTRP00000033803,17,6,ENSP00000342336,17,6,NULL,NA,NA,ENSGGOP00000028743,17,6,ENSMUSP00000051206,NA,NA,ENSRNOP00000015752,NA,NA,ENSBTAP00000023166,17,6,ENSGALP00000041214,17,5,ENSXETP00000023253,NA,NA
ENSPTRP00000027328,35,10,ENSP00000421801,35,10,ENSMMUP00000009392,33,8,ENSGGOP00000010898,35,10,ENSMUSP00000030985,32,7,ENSRNOP00000013257,30,7,ENSBTAP00000023055,NA,NA,ENSGALP00000025139,NA,NA,ENSXETP00000012085,NA,NA
ENSPTRP00000031056,18,5,ENSP00000477815,23,5,ENSMMUP00000060957,NA,NA,ENSGGOP00000001353,23,5,ENSMUSP00000035683,23,5,ENSRNOP00000069313,NA,NA,ENSBTAP00000044273,18,5,NULL,NA,NA,NULL,NA,NA
ENSPTRP00000028891,29,6,ENSP00000256759,29,6,ENSMMUP00000006461,29,6,ENSGGOP00000002927,29,6,ENSMUSP00000022287,29,6,ENSRNOP00000015680,29,6,ENSBTAP00000004318,29,6,ENSGALP00000023997,NA,NA,ENSXETP00000050531,NA,NA
ENSPTRP00000006720,27,6,ENSP00000309953,27,6,ENSMMUP00000037554,NA,NA,ENSGGOP00000010564,NA,NA,ENSMUSP00000064719,46,5,ENSRNOP00000072344,27,5,ENSBTAP00000028604,NA,NA,NULL,NA,NA,ENSXETP00000044506,NA,NA
ENSPTRP00000027477,22,6,ENSP00000371548,22,6,ENSMMUP00000042771,NA,NA,ENSGGOP00000022939,22,6,ENSMUSP00000040436,NA,NA,ENSRNOP00000005168,NA,NA,ENSBTAP00000023124,29,7,ENSGALP00000045075,NA,NA,ENSXETP00000004531,NA,NA
ENSPTRP00000031018,19,7,ENSP00000418767,18,6,ENSMMUP00000018301,NA,NA,ENSGGOP00000009225,NA,NA,ENSMUSP00000128215,24,8,ENSRNOP00000043394,23,5,ENSBTAP00000055776,22,8,NULL,NA,NA,NULL,NA,NA
ENSPTRP00000020979,44,7,ENSP00000366280,44,7,ENSMMUP00000015078,44,7,ENSGGOP00000001374,44,7,ENSMUSP00000110663,NA,NA,ENSRNOP00000060837,NA,NA,ENSBTAP00000005195,44,7,ENSGALP00000052392,NA,NA,ENSXETP00000002692,NA,NA
ENSPTRP00000056951,26,8,ENSP00000383558,26,8,ENSMMUP00000000352,26,8,ENSGGOP00000017426,26,8,ENSMUSP00000026119,27,6,ENSRNOP00000051845,27,5,ENSBTAP00000004926,25,5,ENSGALP00000018272,21,6,ENSXETP00000011944,NA,NA
ENSPTRP00000011734,24,5,ENSP00000478319,24,5,ENSMMUP00000002409,24,5,ENSGGOP00000023632,NA,NA,ENSMUSP00000097170,24,5,ENSRNOP00000035888,24,5,ENSBTAP00000056469,24,5,ENSGALP00000037126,NA,NA,ENSXETP00000039248,NA,NA
ENSPTRP00000022056,36,6,ENSP00000233809,36,6,ENSMMUP00000024923,37,6,ENSGGOP00000011429,NA,NA,ENSMUSP00000046610,34,7,ENSRNOP00000023068,34,7,ENSBTAP00000007349,26,7,ENSGALP00000018675,NA,NA,ENSXETP00000042987,NA,NA
ENSPTRP00000002288,7,135,ENSP00000357669,7,135,ENSMMUP00000010672,7,135,NULL,NA,NA,ENSMUSP00000029540,NA,NA,ENSRNOP00000020307,NA,NA,ENSBTAP00000008184,35,5,ENSGALP00000043835,NA,NA,ENSXETP00000031275,NA,NA
ENSPTRP00000057979,22,5,ENSP00000357106,24,7,ENSMMUP00000001734,NA,NA,ENSGGOP00000017963,NA,NA,ENSMUSP00000106851,22,5,ENSRNOP00000074496,22,5,ENSBTAP00000030478,NA,NA,ENSGALP00000048783,NA,NA,ENSXETP00000041942,NA,NA
ENSPTRP00000013087,22,5,ENSP00000306390,22,5,NULL,NA,NA,ENSGGOP00000010261,22,5,ENSMUSP00000056483,NA,NA,ENSRNOP00000007392,NA,NA,ENSBTAP00000027417,19,6,NULL,NA,NA,NULL,NA,NA
ENSPTRP00000054585,22,6,ENSP00000278407,22,6,ENSMMUP00000016570,22,6,ENSGGOP00000015273,NA,NA,ENSMUSP00000023994,22,6,ENSRNOP00000009817,22,6,ENSBTAP00000021638,23,7,ENSGALP00000011922,NA,NA,NULL,NA,NA
ENSPTRP00000000300,26,5,ENSP00000365651,26,5,ENSMMUP00000038374,26,5,NULL,NA,NA,NULL,NA,NA,NULL,NA,NA,ENSBTAP00000028974,26,5,ENSGALP00000034287,24,5,ENSXETP00000028647,NA,NA
ENSPTRP00000022287,21,6,ENSP00000375881,22,7,ENSMMUP00000009167,20,5,NULL,NA,NA,ENSMUSP00000027455,NA,NA,ENSRNOP00000026190,20,5,ENSBTAP00000040934,NA,NA,ENSGALP00000012662,NA,NA,ENSXETP00000049273,NA,NA
ENSPTRP00000006218,35,6,ENSP00000400010,35,6,ENSMMUP00000007719,NA,NA,ENSGGOP00000014455,NA,NA,ENSMUSP00000129592,NA,NA,ENSRNOP00000070464,NA,NA,ENSBTAP00000034314,NA,NA,ENSGALP00000010295,NA,NA,ENSXETP00000016881,NA,NA
ENSPTRP00000003482,32,6,ENSP00000355719,32,6,NULL,NA,NA,ENSGGOP00000012534,32,6,ENSMUSP00000052010,NA,NA,ENSRNOP00000043715,26,7,ENSBTAP00000036408,NA,NA,ENSGALP00000055647,NA,NA,NULL,NA,NA
ENSPTRP00000015694,42,5,ENSP00000253796,42,5,ENSMMUP00000002868,NA,NA,ENSGGOP00000003378,NA,NA,ENSMUSP00000122072,44,9,ENSRNOP00000043210,45,10,ENSBTAP00000034674,43,5,ENSGALP00000040567,NA,NA,NULL,NA,NA
ENSPTRP00000056130,28,5,ENSP00000402849,NA,NA,ENSMMUP00000026488,NA,NA,ENSGGOP00000006918,28,5,ENSMUSP00000010192,NA,NA,ENSRNOP00000022092,NA,NA,ENSBTAP00000000607,NA,NA,NULL,NA,NA,ENSXETP00000015960,NA,NA
ENSPTRP00000024079,32,5,ENSP00000328325,32,5,ENSMMUP00000049279,NA,NA,ENSGGOP00000002046,NA,NA,ENSMUSP00000009435,29,5,ENSRNOP00000001638,29,5,ENSBTAP00000029020,NA,NA,ENSGALP00000009087,NA,NA,ENSXETP00000059345,NA,NA
ENSPTRP00000053752,5,116,ENSP00000393847,5,117,NULL,NA,NA,ENSGGOP00000022620,NA,NA,ENSMUSP00000023364,17,9,ENSRNOP00000004237,17,9,ENSBTAP00000028684,26,7,ENSGALP00000033722,NA,NA,ENSXETP00000024072,NA,NA
ENSPTRP00000029640,26,5,ENSP00000231173,26,5,ENSMMUP00000033994,26,5,ENSGGOP00000008117,26,5,ENSMUSP00000141521,NA,NA,ENSRNOP00000027133,NA,NA,ENSBTAP00000048796,NA,NA,ENSGALP00000049984,NA,NA,NULL,NA,NA
ENSPTRP00000040418,51,6,ENSP00000356975,51,6,ENSMMUP00000054850,NA,NA,ENSGGOP00000007553,NA,NA,ENSMUSP00000106947,NA,NA,ENSRNOP00000004713,NA,NA,ENSBTAP00000017583,NA,NA,ENSGALP00000047303,NA,NA,ENSXETP00000038375,NA,NA
ENSPTRP00000019940,21,9,ENSP00000263093,21,9,ENSMMUP00000023495,21,9,NULL,NA,NA,ENSMUSP00000032539,20,8,ENSRNOP00000026574,NA,NA,ENSBTAP00000020170,28,7,ENSGALP00000051180,NA,NA,NULL,NA,NA
ENSPTRP00000023039,52,6,ENSP00000246186,52,6,ENSMMUP00000045568,NA,NA,ENSGGOP00000011794,NA,NA,ENSMUSP00000029141,NA,NA,ENSRNOP00000075211,NA,NA,ENSBTAP00000013222,NA,NA,ENSGALP00000048431,NA,NA,ENSXETP00000005817,NA,NA
ENSPTRP00000024164,32,6,ENSP00000320936,32,6,ENSMMUP00000037357,32,6,ENSGGOP00000021289,32,6,ENSMUSP00000002976,31,5,ENSRNOP00000014885,31,5,ENSBTAP00000014695,NA,NA,ENSGALP00000055340,NA,NA,NULL,NA,NA
ENSPTRP00000047818,26,6,ENSP00000297293,26,6,ENSMMUP00000020303,NA,NA,ENSGGOP00000003005,27,7,ENSMUSP00000048238,26,7,ENSRNOP00000050872,27,7,ENSBTAP00000005412,NA,NA,ENSGALP00000005497,NA,NA,ENSXETP00000051846,NA,NA
ENSPTRP00000054601,21,5,ENSP00000365817,21,5,ENSMMUP00000042122,NA,NA,ENSGGOP00000018173,NA,NA,ENSMUSP00000040435,20,5,ENSRNOP00000001035,NA,NA,ENSBTAP00000035741,23,5,ENSGALP00000058295,NA,NA,ENSXETP00000038903,NA,NA
ENSPTRP00000022843,28,6,ENSP00000366178,28,6,ENSMMUP00000043378,NA,NA,ENSGGOP00000014764,28,6,NULL,NA,NA,NULL,NA,NA,ENSBTAP00000011269,29,6,NULL,NA,NA,NULL,NA,NA
ENSPTRP00000019484,27,6,ENSP00000334037,27,6,ENSMMUP00000008839,27,6,ENSGGOP00000014396,27,6,ENSMUSP00000113509,NA,NA,ENSRNOP00000026445,NA,NA,ENSBTAP00000054183,27,6,NULL,NA,NA,ENSXETP00000053654,NA,NA
ENSPTRP00000016915,23,5,ENSP00000261590,23,5,ENSMMUP00000041515,NA,NA,ENSGGOP00000023328,23,5,ENSMUSP00000057096,NA,NA,ENSRNOP00000022270,28,5,ENSBTAP00000029228,NA,NA,ENSGALP00000024387,NA,NA,ENSXETP00000061971,NA,NA
ENSPTRP00000030551,23,5,NULL,NA,NA,NULL,NA,NA,NULL,NA,NA,ENSMUSP00000040435,20,5,ENSRNOP00000001035,NA,NA,ENSBTAP00000035741,23,5,ENSGALP00000058295,NA,NA,ENSXETP00000038903,NA,NA
ENSPTRP00000016191,28,5,ENSP00000376544,29,5,ENSMMUP00000052657,NA,NA,ENSGGOP00000012212,29,5,ENSMUSP00000129029,NA,NA,ENSRNOP00000015977,30,5,ENSBTAP00000053195,NA,NA,ENSGALP00000000329,NA,NA,NULL,NA,NA
ENSPTRP00000027776,36,5,ENSP00000296027,36,5,ENSMMUP00000006024,36,5,ENSGGOP00000028082,36,5,ENSMUSP00000031318,NA,NA,ENSRNOP00000003823,NA,NA,ENSBTAP00000012939,NA,NA,NULL,NA,NA,NULL,NA,NA
ENSPTRP00000052810,23,5,ENSP00000303276,23,5,ENSMMUP00000025632,23,5,ENSGGOP00000004990,23,5,ENSMUSP00000074386,27,5,ENSRNOP00000044390,NA,NA,ENSBTAP00000036092,NA,NA,ENSGALP00000031533,NA,NA,NULL,NA,NA
ENSPTRP00000014833,29,10,ENSP00000369816,29,10,ENSMMUP00000017772,NA,NA,ENSGGOP00000028202,30,9,ENSMUSP00000005334,27,8,ENSRNOP00000015248,NA,NA,ENSBTAP00000005537,25,7,NULL,NA,NA,ENSXETP00000062569,NA,NA
ENSPTRP00000010565,18,5,ENSP00000216336,18,5,ENSMMUP00000005891,18,5,ENSGGOP00000013442,22,5,ENSMUSP00000015583,18,5,ENSRNOP00000056429,NA,NA,ENSBTAP00000052108,NA,NA,NULL,NA,NA,ENSXETP00000037000,NA,NA
ENSPTRP00000048447,44,8,ENSP00000406482,47,7,ENSMMUP00000042460,NA,NA,ENSGGOP00000007842,45,7,ENSMUSP00000113681,38,7,ENSRNOP00000040000,38,7,ENSBTAP00000010106,NA,NA,ENSGALP00000017421,NA,NA,ENSXETP00000024738,NA,NA
ENSPTRP00000014119,22,5,ENSP00000261769,22,5,ENSMMUP00000042758,NA,NA,ENSGGOP00000005902,22,5,ENSMUSP00000000312,22,5,ENSRNOP00000027346,22,5,ENSBTAP00000021272,NA,NA,ENSGALP00000000855,26,5,ENSXETP00000035755,NA,NA
ENSPTRP00000012566,27,5,ENSP00000373472,27,5,ENSMMUP00000007859,27,5,ENSGGOP00000011112,NA,NA,ENSMUSP00000108683,NA,NA,ENSRNOP00000060069,NA,NA,ENSBTAP00000038623,NA,NA,NULL,NA,NA,ENSXETP00000017129,NA,NA
ENSPTRP00000048554,5,156,ENSP00000192314,33,5,ENSMMUP00000022277,28,5,ENSGGOP00000013943,33,5,ENSMUSP00000136012,NA,NA,ENSRNOP00000038058,NA,NA,ENSBTAP00000011986,NA,NA,ENSGALP00000010257,NA,NA,NULL,NA,NA
ENSPTRP00000013526,19,6,ENSP00000338010,19,6,ENSMMUP00000010812,NA,NA,NULL,NA,NA,ENSMUSP00000033000,NA,NA,ENSRNOP00000021690,NA,NA,ENSBTAP00000026072,NA,NA,ENSGALP00000010200,NA,NA,ENSXETP00000008715,NA,NA
ENSPTRP00000028585,21,8,ENSP00000406229,21,8,ENSMMUP00000034440,NA,NA,ENSGGOP00000018273,21,8,ENSMUSP00000140596,21,7,ENSRNOP00000073466,21,7,ENSBTAP00000027527,23,5,ENSGALP00000022061,NA,NA,ENSXETP00000037350,22,5
ENSPTRP00000012977,24,5,ENSP00000204679,24,5,ENSMMUP00000016332,NA,NA,ENSGGOP00000015920,NA,NA,ENSMUSP00000042073,NA,NA,ENSRNOP00000031949,NA,NA,ENSBTAP00000018766,NA,NA,ENSGALP00000010380,NA,NA,ENSXETP00000059082,NA,NA
ENSPTRP00000000591,27,6,ENSP00000363603,27,6,ENSMMUP00000005638,29,8,ENSGGOP00000006589,27,5,ENSMUSP00000030434,15,8,ENSRNOP00000012455,25,5,ENSBTAP00000040572,21,5,ENSGALP00000006529,NA,NA,ENSXETP00000060749,NA,NA
ENSPTRP00000033707,30,6,ENSP00000249373,31,7,ENSMMUP00000015878,28,6,ENSGGOP00000003175,30,6,ENSMUSP00000001812,NA,NA,ENSRNOP00000011356,NA,NA,ENSBTAP00000017670,29,5,ENSGALP00000048984,NA,NA,ENSXETP00000032658,NA,NA
ENSPTRP00000041683,21,5,ENSP00000379873,24,5,NULL,NA,NA,ENSGGOP00000005655,24,5,ENSMUSP00000040435,20,5,ENSRNOP00000001035,NA,NA,ENSBTAP00000035741,23,5,ENSGALP00000058295,NA,NA,ENSXETP00000038903,NA,NA
ENSPTRP00000054793,40,9,ENSP00000264914,38,7,ENSMMUP00000060539,NA,NA,ENSGGOP00000010190,40,9,ENSMUSP00000088964,6,216,ENSRNOP00000014860,36,7,ENSBTAP00000010988,38,8,ENSGALP00000037820,NA,NA,ENSXETP00000001181,NA,NA
ENSPTRP00000023866,21,5,ENSP00000290219,21,5,ENSMMUP00000007279,NA,NA,ENSGGOP00000007428,NA,NA,ENSMUSP00000023687,NA,NA,ENSRNOP00000002779,NA,NA,ENSBTAP00000017147,NA,NA,ENSGALP00000055769,NA,NA,ENSXETP00000000073,NA,NA
ENSPTRP00000002167,24,8,ENSP00000357909,24,8,ENSMMUP00000010045,24,8,ENSGGOP00000021928,24,8,ENSMUSP00000088333,25,8,ENSRNOP00000050221,23,7,ENSBTAP00000009575,23,7,NULL,NA,NA,ENSXETP00000012836,NA,NA
ENSPTRP00000022847,20,5,ENSP00000305731,20,5,ENSMMUP00000005244,20,5,ENSGGOP00000002743,20,5,ENSMUSP00000043520,NA,NA,ENSRNOP00000007336,NA,NA,ENSBTAP00000000790,NA,NA,ENSGALP00000043172,NA,NA,ENSXETP00000002319,NA,NA
ENSPTRP00000048335,18,8,ENSP00000176195,18,8,NULL,NA,NA,ENSGGOP00000014731,18,8,ENSMUSP00000041519,22,8,ENSRNOP00000024094,25,9,ENSBTAP00000055330,18,6,NULL,NA,NA,NULL,NA,NA
ENSPTRP00000005841,26,5,ENSP00000429969,31,7,ENSMMUP00000058707,NA,NA,ENSGGOP00000024009,NA,NA,ENSMUSP00000102340,27,8,ENSRNOP00000069415,31,9,ENSBTAP00000027416,30,13,ENSGALP00000047342,NA,NA,ENSXETP00000009635,NA,NA
ENSPTRP00000059022,21,9,ENSP00000364163,23,11,ENSMMUP00000024287,22,8,ENSGGOP00000002300,19,11,ENSMUSP00000015612,20,7,ENSRNOP00000000513,20,6,ENSBTAP00000046844,21,5,NULL,NA,NA,ENSXETP00000058680,NA,NA
ENSPTRP00000001355,30,9,ENSP00000303208,30,9,ENSMMUP00000007574,30,7,ENSGGOP00000022223,28,7,ENSMUSP00000055757,34,8,ENSRNOP00000008536,30,7,NULL,NA,NA,NULL,NA,NA,ENSXETP00000043246,NA,NA
ENSPTRP00000025686,28,7,ENSP00000296444,28,7,ENSMMUP00000044704,NA,NA,ENSGGOP00000021511,28,7,ENSMUSP00000107690,26,8,ENSRNOP00000072905,38,7,ENSBTAP00000012101,26,6,ENSGALP00000057667,NA,NA,NULL,NA,NA
ENSPTRP00000061216,31,5,ENSP00000399441,31,5,ENSMMUP00000001645,31,5,ENSGGOP00000024673,31,5,NULL,NA,NA,NULL,NA,NA,NULL,NA,NA,NULL,NA,NA,NULL,NA,NA
ENSPTRP00000002644,18,6,ENSP00000289902,18,6,ENSMMUP00000006016,18,6,ENSGGOP00000017855,18,6,ENSMUSP00000078875,NA,NA,ENSRNOP00000036716,NA,NA,ENSBTAP00000033956,18,6,NULL,NA,NA,NULL,NA,NA
ENSPTRP00000027800,27,5,ENSP00000286733,28,6,ENSMMUP00000043637,NA,NA,ENSGGOP00000017303,NA,NA,ENSMUSP00000108726,31,5,ENSRNOP00000003102,32,5,ENSBTAP00000025945,25,5,ENSGALP00000037111,NA,NA,ENSXETP00000057513,NA,NA
ENSPTRP00000014105,35,5,ENSP00000219345,33,5,ENSMMUP00000057307,NA,NA,ENSGGOP00000001537,33,5,ENSMUSP00000034377,NA,NA,ENSRNOP00000026996,NA,NA,ENSBTAP00000009888,NA,NA,ENSGALP00000056433,NA,NA,ENSXETP00000012787,NA,NA
ENSPTRP00000012138,35,7,ENSP00000373937,35,7,ENSMMUP00000004870,35,7,ENSGGOP00000023130,NA,NA,ENSMUSP00000055815,29,7,ENSRNOP00000071092,29,7,ENSBTAP00000053280,NA,NA,ENSGALP00000055307,NA,NA,NULL,NA,NA
ENSPTRP00000009408,29,7,ENSP00000228506,28,6,ENSMMUP00000000258,31,6,ENSGGOP00000007065,28,6,ENSMUSP00000107749,29,8,ENSRNOP00000071670,29,8,ENSBTAP00000026715,33,6,ENSGALP00000011488,32,5,ENSXETP00000026811,NA,NA
ENSPTRP00000059521,34,8,ENSP00000311184,34,8,ENSMMUP00000029949,34,8,ENSGGOP00000019008,34,8,ENSMUSP00000053238,29,7,ENSRNOP00000003784,29,7,ENSBTAP00000000973,32,6,ENSGALP00000011904,NA,NA,ENSXETP00000054046,NA,NA
ENSPTRP00000008580,41,6,ENSP00000293379,41,6,ENSMMUP00000005008,41,6,ENSGGOP00000000711,41,6,ENSMUSP00000023128,44,5,ENSRNOP00000071805,NA,NA,ENSBTAP00000018261,45,6,ENSGALP00000055432,NA,NA,ENSXETP00000046000,NA,NA
ENSPTRP00000027332,30,6,ENSP00000421922,30,6,ENSMMUP00000030409,NA,NA,ENSGGOP00000003337,30,6,ENSMUSP00000030986,NA,NA,ENSRNOP00000012665,NA,NA,ENSBTAP00000000081,36,8,ENSGALP00000025125,NA,NA,ENSXETP00000012093,NA,NA
ENSPTRP00000007940,26,6,ENSP00000000412,26,6,ENSMMUP00000023466,27,7,ENSGGOP00000010481,26,6,ENSMUSP00000108229,27,7,ENSRNOP00000069840,27,7,ENSBTAP00000024233,24,6,ENSGALP00000050547,NA,NA,ENSXETP00000052276,NA,NA
ENSPTRP00000039754,37,5,ENSP00000313324,37,5,ENSMMUP00000038653,NA,NA,ENSGGOP00000003016,NA,NA,ENSMUSP00000056782,37,5,ENSRNOP00000012982,37,5,ENSBTAP00000056270,NA,NA,NULL,NA,NA,NULL,NA,NA
ENSPTRP00000004802,26,5,ENSP00000339067,26,5,ENSMMUP00000058822,NA,NA,NULL,NA,NA,ENSMUSP00000059682,33,5,ENSRNOP00000037182,33,5,ENSBTAP00000051346,24,5,NULL,NA,NA,ENSXETP00000045349,NA,NA
ENSPTRP00000031732,22,6,ENSP00000400365,22,6,ENSMMUP00000058340,NA,NA,ENSGGOP00000004819,NA,NA,ENSMUSP00000090304,19,6,ENSRNOP00000014917,21,6,ENSBTAP00000053179,NA,NA,ENSGALP00000054625,NA,NA,ENSXETP00000032590,NA,NA
ENSPTRP00000016199,18,5,ENSP00000401445,18,5,ENSMMUP00000019914,NA,NA,ENSGGOP00000006398,18,5,ENSMUSP00000001059,20,5,ENSRNOP00000072244,20,5,ENSBTAP00000022347,NA,NA,ENSGALP00000005493,NA,NA,ENSXETP00000062368,NA,NA
ENSPTRP00000001367,31,5,ENSP00000360269,NA,NA,ENSMMUP00000029970,30,6,ENSGGOP00000011865,NA,NA,ENSMUSP00000060099,24,6,ENSRNOP00000010156,24,6,ENSBTAP00000005750,NA,NA,ENSGALP00000017645,NA,NA,ENSXETP00000062813,NA,NA
ENSPTRP00000023342,34,8,ENSP00000437790,34,7,ENSMMUP00000005970,NA,NA,ENSGGOP00000016884,NA,NA,ENSMUSP00000066864,NA,NA,ENSRNOP00000025150,33,7,ENSBTAP00000007452,25,10,ENSGALP00000011656,NA,NA,ENSXETP00000019011,NA,NA
ENSPTRP00000049062,29,5,ENSP00000363382,29,5,ENSMMUP00000027768,29,5,ENSGGOP00000012319,29,5,ENSMUSP00000048201,NA,NA,ENSRNOP00000068702,34,5,ENSBTAP00000041372,NA,NA,ENSGALP00000049370,NA,NA,ENSXETP00000063667,NA,NA
ENSPTRP00000012588,33,8,ENSP00000261758,33,8,ENSMMUP00000012314,33,8,ENSGGOP00000027449,32,7,ENSMUSP00000091768,NA,NA,ENSRNOP00000052447,NA,NA,ENSBTAP00000002045,31,7,ENSGALP00000041764,NA,NA,ENSXETP00000028443,NA,NA
ENSPTRP00000034549,31,5,ENSP00000305919,31,5,ENSMMUP00000007924,31,5,ENSGGOP00000005915,31,5,ENSMUSP00000081044,NA,NA,ENSRNOP00000070978,NA,NA,ENSBTAP00000004564,NA,NA,NULL,NA,NA,ENSXETP00000033189,NA,NA
ENSPTRP00000027771,36,5,ENSP00000226317,36,5,NULL,NA,NA,ENSGGOP00000014280,36,5,ENSMUSP00000031318,NA,NA,ENSRNOP00000003823,NA,NA,ENSBTAP00000012939,NA,NA,NULL,NA,NA,NULL,NA,NA
ENSPTRP00000027637,25,5,ENSP00000288135,25,5,NULL,NA,NA,ENSGGOP00000015071,25,5,ENSMUSP00000005815,NA,NA,ENSRNOP00000003050,NA,NA,ENSBTAP00000003498,25,6,ENSGALP00000051217,NA,NA,ENSXETP00000045513,NA,NA
ENSPTRP00000060124,57,5,ENSP00000287008,57,5,ENSMMUP00000047490,NA,NA,ENSGGOP00000000983,NA,NA,ENSMUSP00000055199,33,5,ENSRNOP00000073940,NA,NA,ENSBTAP00000016618,57,5,ENSGALP00000040446,NA,NA,ENSXETP00000052961,NA,NA
ENSPTRP00000029118,19,5,ENSP00000296641,19,5,ENSMMUP00000030271,19,5,ENSGGOP00000011496,21,5,ENSMUSP00000022182,NA,NA,ENSRNOP00000024292,NA,NA,ENSBTAP00000001191,NA,NA,ENSGALP00000037768,NA,NA,ENSXETP00000007247,NA,NA
ENSPTRP00000010870,28,5,ENSP00000216500,28,5,ENSMMUP00000003420,NA,NA,ENSGGOP00000008175,NA,NA,ENSMUSP00000021512,NA,NA,ENSRNOP00000036519,NA,NA,ENSBTAP00000027623,NA,NA,ENSGALP00000019423,NA,NA,ENSXETP00000036931,NA,NA
ENSPTRP00000008361,28,8,ENSP00000449751,25,7,ENSMMUP00000043038,NA,NA,NULL,NA,NA,ENSMUSP00000003445,27,6,ENSRNOP00000072158,27,6,ENSBTAP00000021025,24,8,ENSGALP00000045576,NA,NA,ENSXETP00000021623,27,5
ENSPTRP00000020244,21,5,ENSP00000330442,21,5,ENSMMUP00000010958,NA,NA,ENSGGOP00000016423,NA,NA,ENSMUSP00000144040,27,7,ENSRNOP00000057888,27,7,ENSBTAP00000024845,NA,NA,ENSGALP00000016277,NA,NA,ENSXETP00000026768,NA,NA
ENSPTRP00000060535,18,5,ENSP00000393631,18,5,ENSMMUP00000048867,NA,NA,ENSGGOP00000022514,18,5,NULL,NA,NA,NULL,NA,NA,NULL,NA,NA,NULL,NA,NA,NULL,NA,NA
ENSPTRP00000036986,28,10,ENSP00000360597,26,8,NULL,NA,NA,ENSGGOP00000004826,25,7,ENSMUSP00000028337,26,5,ENSRNOP00000015242,30,9,ENSBTAP00000056192,NA,NA,NULL,NA,NA,NULL,NA,NA
ENSPTRP00000054975,28,7,ENSP00000452245,28,7,ENSMMUP00000007263,28,7,NULL,NA,NA,ENSMUSP00000127274,29,5,ENSRNOP00000043003,28,7,ENSBTAP00000026127,28,6,ENSGALP00000031533,NA,NA,NULL,NA,NA
ENSPTRP00000049321,34,6,ENSP00000346283,35,7,ENSMMUP00000021464,35,7,ENSGGOP00000009970,35,7,NULL,NA,NA,NULL,NA,NA,NULL,NA,NA,NULL,NA,NA,NULL,NA,NA
ENSPTRP00000035842,25,7,ENSP00000366923,25,7,NULL,NA,NA,ENSGGOP00000022671,27,7,ENSMUSP00000036974,17,6,ENSRNOP00000015270,17,8,ENSBTAP00000018719,NA,NA,NULL,NA,NA,ENSXETP00000032269,NA,NA
ENSPTRP00000006932,21,5,ENSP00000298223,21,5,ENSMMUP00000013697,21,5,ENSGGOP00000011009,21,6,ENSMUSP00000147920,NA,NA,ENSRNOP00000026925,NA,NA,ENSBTAP00000025507,NA,NA,ENSGALP00000027972,NA,NA,ENSXETP00000051710,NA,NA
ENSPTRP00000030941,27,5,ENSP00000362778,27,5,ENSMMUP00000028941,NA,NA,ENSGGOP00000022049,27,5,ENSMUSP00000110349,29,7,ENSRNOP00000000632,33,10,ENSBTAP00000002703,NA,NA,ENSGALP00000000778,NA,NA,NULL,NA,NA
ENSPTRP00000010372,28,7,ENSP00000298690,28,7,NULL,NA,NA,ENSGGOP00000005105,28,7,NULL,NA,NA,NULL,NA,NA,ENSBTAP00000054897,28,7,ENSGALP00000031533,NA,NA,NULL,NA,NA
ENSPTRP00000011747,23,6,ENSP00000256545,23,6,ENSMMUP00000000007,23,6,ENSGGOP00000027430,22,6,ENSMUSP00000068610,22,5,ENSRNOP00000008364,22,5,ENSBTAP00000009709,22,5,ENSGALP00000015675,NA,NA,ENSXETP00000024474,NA,NA
ENSPTRP00000040239,22,6,ENSP00000303920,22,6,ENSMMUP00000056244,NA,NA,ENSGGOP00000026912,NA,NA,ENSMUSP00000025211,NA,NA,ENSRNOP00000030810,NA,NA,ENSBTAP00000047624,16,5,NULL,NA,NA,NULL,NA,NA
ENSPTRP00000030217,21,7,ENSP00000244763,21,7,ENSMMUP00000002865,21,7,ENSGGOP00000004477,21,7,ENSMUSP00000021864,NA,NA,ENSRNOP00000070389,NA,NA,ENSBTAP00000008253,20,7,ENSGALP00000020852,NA,NA,ENSXETP00000044104,NA,NA
ENSPTRP00000012574,21,8,ENSP00000299705,27,7,ENSMMUP00000045718,NA,NA,ENSGGOP00000009731,29,8,ENSMUSP00000058723,25,7,ENSRNOP00000018603,30,8,ENSBTAP00000001068,27,7,ENSGALP00000013449,NA,NA,NULL,NA,NA
ENSPTRP00000049089,23,10,ENSP00000283243,20,7,NULL,NA,NA,ENSGGOP00000019783,NA,NA,ENSMUSP00000108144,NA,NA,ENSRNOP00000011003,NA,NA,ENSBTAP00000043437,20,6,ENSGALP00000032471,NA,NA,ENSXETP00000016497,NA,NA
ENSPTRP00000005041,29,5,ENSP00000359219,30,5,ENSMMUP00000035725,NA,NA,ENSGGOP00000021782,36,5,ENSMUSP00000107579,NA,NA,ENSRNOP00000021553,NA,NA,ENSBTAP00000015268,38,7,ENSGALP00000057513,NA,NA,ENSXETP00000017639,NA,NA
ENSPTRP00000002629,31,7,ENSP00000356991,31,7,NULL,NA,NA,ENSGGOP00000019603,31,7,ENSMUSP00000006578,NA,NA,ENSRNOP00000005550,NA,NA,ENSBTAP00000023767,31,7,NULL,NA,NA,NULL,NA,NA
ENSPTRP00000049430,47,5,ENSP00000346931,30,5,ENSMMUP00000054181,NA,NA,NULL,NA,NA,ENSMUSP00000125970,NA,NA,ENSRNOP00000020889,NA,NA,ENSBTAP00000042087,23,5,ENSGALP00000018229,NA,NA,ENSXETP00000053781,NA,NA
ENSPTRP00000041706,28,5,ENSP00000362734,28,5,ENSMMUP00000008370,31,8,NULL,NA,NA,ENSMUSP00000058007,35,13,ENSRNOP00000035420,32,10,ENSBTAP00000040914,31,8,ENSGALP00000037962,NA,NA,ENSXETP00000016534,NA,NA
ENSPTRP00000054635,21,5,ENSP00000379873,24,5,NULL,NA,NA,ENSGGOP00000005655,24,5,ENSMUSP00000040435,20,5,ENSRNOP00000001035,NA,NA,ENSBTAP00000035741,23,5,ENSGALP00000058295,NA,NA,ENSXETP00000038903,NA,NA
ENSPTRP00000054620,21,5,ENSP00000379873,24,5,NULL,NA,NA,ENSGGOP00000005655,24,5,ENSMUSP00000040435,20,5,ENSRNOP00000001035,NA,NA,ENSBTAP00000035741,23,5,ENSGALP00000058295,NA,NA,ENSXETP00000038903,NA,NA
ENSPTRP00000017725,30,5,ENSP00000301458,30,5,ENSMMUP00000021947,NA,NA,ENSGGOP00000000911,30,5,ENSMUSP00000002379,NA,NA,ENSRNOP00000009067,NA,NA,ENSBTAP00000005777,NA,NA,NULL,NA,NA,NULL,NA,NA
ENSPTRP00000051294,23,5,ENSP00000272190,23,5,ENSMMUP00000011102,23,5,ENSGGOP00000025765,23,5,ENSMUSP00000092135,NA,NA,ENSRNOP00000003951,NA,NA,ENSBTAP00000028438,NA,NA,ENSGALP00000000756,NA,NA,ENSXETP00000015342,NA,NA
ENSPTRP00000015664,32,8,ENSP00000293330,33,8,ENSMMUP00000008448,33,8,ENSGGOP00000027101,33,8,ENSMUSP00000057578,32,7,ENSRNOP00000025547,32,7,ENSBTAP00000000875,33,8,ENSGALP00000018699,27,8,NULL,NA,NA
ENSPTRP00000014862,51,8,ENSP00000254854,51,8,ENSMMUP00000023307,51,8,ENSGGOP00000018904,51,8,ENSMUSP00000021259,NA,NA,ENSRNOP00000010790,NA,NA,ENSBTAP00000011564,NA,NA,NULL,NA,NA,ENSXETP00000019910,NA,NA
ENSPTRP00000028038,19,5,ENSP00000226578,19,5,ENSMMUP00000044025,NA,NA,ENSGGOP00000009523,19,5,ENSMUSP00000029814,NA,NA,ENSRNOP00000072765,NA,NA,ENSBTAP00000026334,17,5,ENSGALP00000020088,NA,NA,ENSXETP00000004782,NA,NA
ENSPTRP00000024528,37,5,ENSP00000371800,37,5,ENSMMUP00000052575,NA,NA,ENSGGOP00000012350,NA,NA,ENSMUSP00000003677,45,5,ENSRNOP00000006827,45,5,ENSBTAP00000004400,40,5,ENSGALP00000048775,NA,NA,NULL,NA,NA
ENSPTRP00000027071,25,6,ENSP00000316881,24,5,ENSMMUP00000000836,23,5,ENSGGOP00000009527,NA,NA,ENSMUSP00000038056,21,7,ENSRNOP00000074673,21,7,ENSBTAP00000027999,NA,NA,ENSGALP00000046986,NA,NA,ENSXETP00000028063,NA,NA
ENSPTRP00000017536,25,8,ENSP00000467290,25,8,ENSMMUP00000043425,NA,NA,NULL,NA,NA,ENSMUSP00000130985,26,5,ENSRNOP00000067668,26,6,ENSBTAP00000003619,25,8,ENSGALP00000001772,26,5,ENSXETP00000047775,NA,NA
ENSPTRP00000002871,21,5,ENSP00000356599,NA,NA,ENSMMUP00000008238,26,10,ENSGGOP00000002587,21,5,ENSMUSP00000078572,21,5,ENSRNOP00000005726,24,7,ENSBTAP00000018609,NA,NA,ENSGALP00000006692,25,5,ENSXETP00000027433,28,5
ENSPTRP00000008668,19,5,ENSP00000228534,19,5,ENSMMUP00000039404,21,5,ENSGGOP00000001636,26,5,ENSMUSP00000026449,NA,NA,ENSRNOP00000004363,NA,NA,ENSBTAP00000005745,26,7,NULL,NA,NA,NULL,NA,NA
ENSPTRP00000049541,28,5,ENSP00000356329,28,5,ENSMMUP00000001239,28,6,NULL,NA,NA,NULL,NA,NA,NULL,NA,NA,ENSBTAP00000053867,NA,NA,NULL,NA,NA,NULL,NA,NA
ENSPTRP00000053314,28,10,ENSP00000333298,28,10,ENSMMUP00000012814,25,9,ENSGGOP00000025011,28,5,ENSMUSP00000033824,24,6,ENSRNOP00000026580,21,6,ENSBTAP00000042536,26,5,ENSGALP00000052871,NA,NA,ENSXETP00000004187,NA,NA
ENSPTRP00000052044,20,7,ENSP00000244043,24,7,ENSMMUP00000028563,24,7,NULL,NA,NA,ENSMUSP00000018113,25,8,ENSRNOP00000074093,25,8,ENSBTAP00000023313,24,7,NULL,NA,NA,ENSXETP00000003703,NA,NA
ENSPTRP00000032961,26,5,ENSP00000351807,26,5,ENSMMUP00000055801,NA,NA,NULL,NA,NA,ENSMUSP00000015138,NA,NA,ENSRNOP00000045102,NA,NA,ENSBTAP00000047522,26,5,ENSGALP00000049447,NA,NA,NULL,NA,NA
ENSPTRP00000039641,20,5,ENSP00000362144,20,5,ENSMMUP00000046102,NA,NA,ENSGGOP00000021236,NA,NA,ENSMUSP00000020312,21,5,ENSRNOP00000067686,21,5,ENSBTAP00000005059,NA,NA,ENSGALP00000049377,NA,NA,ENSXETP00000013543,NA,NA
ENSPTRP00000028106,22,5,ENSP00000243501,22,5,ENSMMUP00000010706,NA,NA,ENSGGOP00000001066,22,5,ENSMUSP00000029629,25,7,ENSRNOP00000073613,25,7,ENSBTAP00000020263,NA,NA,ENSGALP00000019868,NA,NA,ENSXETP00000052027,NA,NA
ENSPTRP00000030027,44,5,ENSP00000303366,44,5,ENSMMUP00000021277,NA,NA,ENSGGOP00000026619,45,5,ENSMUSP00000021940,46,5,ENSRNOP00000021638,NA,NA,ENSBTAP00000010569,NA,NA,ENSGALP00000057154,NA,NA,ENSXETP00000014725,NA,NA
ENSPTRP00000030051,38,6,ENSP00000330945,NA,NA,ENSMMUP00000056457,NA,NA,ENSGGOP00000004999,37,5,ENSMUSP00000105531,NA,NA,ENSRNOP00000030668,NA,NA,ENSBTAP00000001830,37,5,NULL,NA,NA,ENSXETP00000014723,NA,NA
ENSPTRP00000057066,25,6,ENSP00000383382,25,6,ENSMMUP00000041399,NA,NA,ENSGGOP00000026787,25,6,ENSMUSP00000059270,33,6,ENSRNOP00000043041,25,6,ENSBTAP00000049498,23,6,ENSGALP00000034170,NA,NA,ENSXETP00000061213,NA,NA
ENSPTRP00000047586,27,5,ENSP00000304945,27,5,ENSMMUP00000028414,27,5,ENSGGOP00000014783,27,5,ENSMUSP00000110700,NA,NA,ENSRNOP00000057050,NA,NA,ENSBTAP00000005698,NA,NA,ENSGALP00000054615,NA,NA,ENSXETP00000008541,NA,NA
ENSPTRP00000022834,21,7,ENSP00000246006,21,9,ENSMMUP00000022103,23,9,NULL,NA,NA,ENSMUSP00000096876,NA,NA,NULL,NA,NA,ENSBTAP00000051405,37,8,ENSGALP00000013598,21,6,ENSXETP00000062082,NA,NA
ENSPTRP00000044896,19,6,ENSP00000350911,19,6,ENSMMUP00000028439,17,6,ENSGGOP00000000776,19,6,ENSMUSP00000073072,18,7,ENSRNOP00000048353,19,8,NULL,NA,NA,ENSGALP00000001138,29,8,ENSXETP00000013055,16,5
ENSPTRP00000052437,24,7,ENSP00000245983,23,7,ENSMMUP00000007749,24,5,ENSGGOP00000004982,23,8,NULL,NA,NA,NULL,NA,NA,NULL,NA,NA,NULL,NA,NA,NULL,NA,NA
ENSPTRP00000038678,19,5,ENSP00000358696,19,5,ENSMMUP00000044798,NA,NA,ENSGGOP00000013167,28,5,ENSMUSP00000004326,NA,NA,ENSRNOP00000068735,NA,NA,ENSBTAP00000030170,NA,NA,NULL,NA,NA,ENSXETP00000007320,NA,NA
ENSPTRP00000003948,29,7,ENSP00000366827,29,7,NULL,NA,NA,ENSGGOP00000008655,NA,NA,ENSMUSP00000003509,29,5,ENSRNOP00000070022,NA,NA,ENSBTAP00000039232,25,7,ENSGALP00000051186,NA,NA,ENSXETP00000016254,NA,NA
ENSPTRP00000044017,20,6,ENSP00000366248,20,6,NULL,NA,NA,NULL,NA,NA,ENSMUSP00000030815,NA,NA,NULL,NA,NA,ENSBTAP00000056338,NA,NA,NULL,NA,NA,NULL,NA,NA
ENSPTRP00000050875,23,8,ENSP00000369798,23,8,ENSMMUP00000022961,23,8,ENSGGOP00000016393,23,8,ENSMUSP00000049678,23,5,ENSRNOP00000023887,23,8,ENSBTAP00000046927,23,5,ENSGALP00000051792,NA,NA,ENSXETP00000035550,20,6
ENSPTRP00000047961,29,8,ENSP00000434655,29,8,ENSMMUP00000049765,NA,NA,NULL,NA,NA,ENSMUSP00000141587,NA,NA,NULL,NA,NA,NULL,NA,NA,ENSGALP00000054137,NA,NA,ENSXETP00000056872,NA,NA
ENSPTRP00000060051,28,6,ENSP00000301464,27,5,ENSMMUP00000043500,NA,NA,ENSGGOP00000020776,NA,NA,ENSMUSP00000023807,NA,NA,ENSRNOP00000014807,NA,NA,ENSBTAP00000028615,NA,NA,NULL,NA,NA,NULL,NA,NA
ENSPTRP00000030612,20,6,ENSP00000427552,20,6,ENSMMUP00000034146,NA,NA,ENSGGOP00000014367,20,6,ENSMUSP00000112570,21,7,ENSRNOP00000075331,21,7,ENSBTAP00000014143,20,6,NULL,NA,NA,ENSXETP00000051961,NA,NA
ENSPTRP00000000074,37,5,ENSP00000311122,NA,NA,ENSMMUP00000042984,NA,NA,ENSGGOP00000010495,NA,NA,ENSMUSP00000136919,NA,NA,ENSRNOP00000022286,NA,NA,ENSBTAP00000033976,NA,NA,ENSGALP00000001984,NA,NA,ENSXETP00000042392,NA,NA
ENSPTRP00000003828,30,7,ENSP00000380421,NA,NA,ENSMMUP00000046646,NA,NA,ENSGGOP00000019528,NA,NA,ENSMUSP00000077878,33,10,ENSRNOP00000025252,NA,NA,ENSBTAP00000007987,NA,NA,NULL,NA,NA,NULL,NA,NA
ENSPTRP00000057949,33,5,ENSP00000228463,33,5,ENSMMUP00000038696,17,5,ENSGGOP00000011099,NA,NA,ENSMUSP00000098436,NA,NA,ENSRNOP00000000888,NA,NA,ENSBTAP00000029577,17,5,NULL,NA,NA,NULL,NA,NA
ENSPTRP00000025788,24,6,ENSP00000296474,24,6,ENSMMUP00000046814,NA,NA,ENSGGOP00000011976,24,6,ENSMUSP00000035203,NA,NA,ENSRNOP00000063136,NA,NA,ENSBTAP00000020028,22,7,ENSGALP00000035505,20,5,ENSXETP00000015919,NA,NA
ENSPTRP00000051638,18,6,ENSP00000289902,18,6,ENSMMUP00000006016,18,6,ENSGGOP00000017855,18,6,ENSMUSP00000078875,NA,NA,ENSRNOP00000036716,NA,NA,ENSBTAP00000033956,18,6,NULL,NA,NA,NULL,NA,NA
ENSPTRP00000007145,21,5,ENSP00000227266,24,5,ENSMMUP00000029147,24,5,ENSGGOP00000002085,NA,NA,ENSMUSP00000032779,NA,NA,ENSRNOP00000022342,NA,NA,ENSBTAP00000014735,NA,NA,ENSGALP00000027816,NA,NA,ENSXETP00000061471,NA,NA
ENSPTRP00000050164,21,7,ENSP00000362181,21,7,ENSMMUP00000004900,21,7,ENSGGOP00000001452,21,7,NULL,NA,NA,NULL,NA,NA,NULL,NA,NA,NULL,NA,NA,NULL,NA,NA
ENSPTRP00000053173,16,8,ENSP00000329380,16,8,ENSMMUP00000057139,NA,NA,ENSGGOP00000000213,NA,NA,ENSMUSP00000057563,NA,NA,ENSRNOP00000053510,NA,NA,ENSBTAP00000006460,16,8,NULL,NA,NA,ENSXETP00000032750,NA,NA
ENSPTRP00000020863,19,5,ENSP00000352458,19,5,NULL,NA,NA,NULL,NA,NA,NULL,NA,NA,NULL,NA,NA,NULL,NA,NA,NULL,NA,NA,NULL,NA,NA
ENSPTRP00000015665,17,8,ENSP00000301671,17,8,ENSMMUP00000008449,19,10,ENSGGOP00000021569,NA,NA,ENSMUSP00000017891,18,8,ENSRNOP00000025590,NA,NA,ENSBTAP00000000876,5,15,ENSGALP00000005265,NA,NA,ENSXETP00000058511,NA,NA
ENSPTRP00000017188,27,6,ENSP00000351682,26,5,ENSMMUP00000011722,28,5,ENSGGOP00000023430,29,5,ENSMUSP00000069699,NA,NA,ENSRNOP00000034652,NA,NA,ENSBTAP00000028564,NA,NA,ENSGALP00000022230,NA,NA,ENSXETP00000059987,NA,NA
ENSPTRP00000036355,19,5,ENSP00000265132,19,5,ENSMMUP00000011225,19,5,ENSGGOP00000013843,19,5,ENSMUSP00000030041,NA,NA,ENSRNOP00000009248,NA,NA,ENSBTAP00000020817,19,5,ENSGALP00000056401,NA,NA,ENSXETP00000059405,NA,NA
ENSPTRP00000031865,26,7,ENSP00000002165,28,9,ENSMMUP00000007100,26,7,ENSGGOP00000010981,29,10,ENSMUSP00000113499,NA,NA,ENSRNOP00000020946,NA,NA,ENSBTAP00000002297,NA,NA,ENSGALP00000022328,NA,NA,ENSXETP00000021551,NA,NA
ENSPTRP00000054428,22,5,ENSP00000339328,22,5,ENSMMUP00000006137,22,5,ENSGGOP00000008970,22,8,ENSMUSP00000002284,23,7,ENSRNOP00000063960,NA,NA,ENSBTAP00000017446,20,6,NULL,NA,NA,ENSXETP00000063953,NA,NA
ENSPTRP00000018984,29,6,ENSP00000301204,29,6,ENSMMUP00000015966,NA,NA,ENSGGOP00000018376,29,6,ENSMUSP00000104046,29,6,ENSRNOP00000027783,29,6,ENSBTAP00000052283,NA,NA,NULL,NA,NA,ENSXETP00000026317,NA,NA
ENSPTRP00000011391,20,5,ENSP00000450838,20,5,ENSMMUP00000046566,NA,NA,ENSGGOP00000016583,20,5,NULL,NA,NA,ENSRNOP00000013045,20,5,ENSBTAP00000051229,18,5,ENSGALP00000017843,NA,NA,ENSXETP00000050399,NA,NA
ENSPTRP00000053124,21,5,ENSP00000428612,21,5,ENSMMUP00000043991,NA,NA,ENSGGOP00000018804,21,5,ENSMUSP00000077808,NA,NA,ENSRNOP00000051406,NA,NA,ENSBTAP00000027342,NA,NA,NULL,NA,NA,NULL,NA,NA
ENSPTRP00000046107,22,7,ENSP00000374145,22,7,ENSMMUP00000029158,19,5,ENSGGOP00000002069,22,7,ENSMUSP00000027470,22,6,NULL,NA,NA,ENSBTAP00000048242,NA,NA,ENSGALP00000012818,NA,NA,ENSXETP00000030553,NA,NA
ENSPTRP00000056512,24,5,ENSP00000383938,24,5,ENSMMUP00000043664,NA,NA,ENSGGOP00000007930,NA,NA,ENSMUSP00000024042,22,5,ENSRNOP00000006357,22,6,ENSBTAP00000054551,21,6,ENSGALP00000013913,31,7,ENSXETP00000031785,NA,NA
ENSPTRP00000027645,38,8,ENSP00000264218,38,8,ENSMMUP00000045925,NA,NA,ENSGGOP00000007744,NA,NA,ENSMUSP00000031146,40,5,ENSRNOP00000002941,40,5,ENSBTAP00000053473,37,7,ENSGALP00000031462,45,5,ENSXETP00000063278,NA,NA
ENSPTRP00000029626,42,9,NULL,NA,NA,ENSMMUP00000019135,42,7,ENSGGOP00000000653,42,9,ENSMUSP00000039888,NA,NA,ENSRNOP00000027340,NA,NA,NULL,NA,NA,NULL,NA,NA,ENSXETP00000005961,NA,NA
ENSPTRP00000035713,33,5,ENSP00000382675,33,5,ENSMMUP00000056517,NA,NA,ENSGGOP00000024958,33,5,ENSMUSP00000137902,33,5,ENSRNOP00000063277,33,5,ENSBTAP00000011255,33,5,NULL,NA,NA,NULL,NA,NA
ENSPTRP00000003982,50,9,ENSP00000366179,47,6,ENSMMUP00000036166,NA,NA,ENSGGOP00000011619,NA,NA,ENSMUSP00000126321,NA,NA,ENSRNOP00000000162,NA,NA,ENSBTAP00000044737,40,7,ENSGALP00000012838,NA,NA,ENSXETP00000016095,NA,NA
ENSPTRP00000030529,29,6,ENSP00000366095,29,6,ENSMMUP00000034234,29,6,ENSGGOP00000016501,28,5,ENSMUSP00000099726,29,7,ENSRNOP00000001008,27,5,ENSBTAP00000042496,NA,NA,NULL,NA,NA,NULL,NA,NA
ENSPTRP00000027346,22,5,ENSP00000303550,22,5,ENSMMUP00000022244,22,5,ENSGGOP00000006590,22,5,ENSMUSP00000073244,25,5,ENSRNOP00000030763,NA,NA,ENSBTAP00000014829,23,8,ENSGALP00000024170,NA,NA,ENSXETP00000061408,NA,NA
ENSPTRP00000057717,23,5,ENSP00000384564,23,5,ENSMMUP00000006217,NA,NA,ENSGGOP00000017226,23,5,ENSMUSP00000092041,23,5,ENSRNOP00000071242,23,5,ENSBTAP00000041817,20,5,ENSGALP00000041879,NA,NA,NULL,NA,NA
ENSPTRP00000030340,28,5,ENSP00000302150,28,5,ENSMMUP00000047828,NA,NA,ENSGGOP00000001345,29,5,ENSMUSP00000053446,29,5,ENSRNOP00000022251,NA,NA,ENSBTAP00000013401,36,5,ENSGALP00000020651,NA,NA,ENSXETP00000050804,NA,NA
ENSPTRP00000025199,28,7,ENSP00000392511,27,6,ENSMMUP00000024045,28,6,ENSGGOP00000011909,28,7,ENSMUSP00000098620,27,6,ENSRNOP00000013154,29,6,ENSBTAP00000014379,28,5,NULL,NA,NA,ENSXETP00000063614,NA,NA
ENSPTRP00000056879,30,6,ENSP00000367227,NA,NA,ENSMMUP00000039480,NA,NA,ENSGGOP00000024427,NA,NA,ENSMUSP00000103497,NA,NA,ENSRNOP00000021227,NA,NA,ENSBTAP00000015212,NA,NA,ENSGALP00000003747,38,6,ENSXETP00000021711,NA,NA
ENSPTRP00000029749,19,5,ENSP00000286301,19,5,ENSMMUP00000015165,19,5,ENSGGOP00000008739,19,5,ENSMUSP00000110923,NA,NA,ENSRNOP00000040411,NA,NA,ENSBTAP00000016977,NA,NA,ENSGALP00000009176,25,6,ENSXETP00000061910,NA,NA
ENSPTRP00000009878,46,9,ENSP00000280481,46,9,ENSMMUP00000003636,47,10,NULL,NA,NA,ENSMUSP00000088670,39,8,ENSRNOP00000031592,37,6,ENSBTAP00000022647,46,5,ENSGALP00000051301,NA,NA,ENSXETP00000034913,NA,NA
ENSPTRP00000052583,21,5,ENSP00000271064,21,5,ENSMMUP00000046743,NA,NA,ENSGGOP00000018594,21,5,ENSMUSP00000101620,21,6,ENSRNOP00000071970,21,6,ENSBTAP00000037841,24,9,ENSGALP00000028353,NA,NA,ENSXETP00000038292,NA,NA
ENSPTRP00000004496,21,5,ENSP00000398568,21,5,NULL,NA,NA,ENSGGOP00000001876,22,5,ENSMUSP00000041483,NA,NA,ENSRNOP00000000681,NA,NA,ENSBTAP00000001336,NA,NA,NULL,NA,NA,ENSXETP00000033786,NA,NA
ENSPTRP00000057989,28,6,ENSP00000383376,28,6,ENSMMUP00000011433,28,6,ENSGGOP00000008073,22,6,ENSMUSP00000109833,NA,NA,ENSRNOP00000049564,NA,NA,ENSBTAP00000000795,20,6,ENSGALP00000052977,NA,NA,ENSXETP00000029831,NA,NA
ENSPTRP00000026461,24,5,ENSP00000296255,24,5,ENSMMUP00000024084,24,5,ENSGGOP00000013629,24,5,ENSMUSP00000032143,25,7,ENSRNOP00000066002,23,5,ENSBTAP00000049552,NA,NA,ENSGALP00000009487,NA,NA,ENSXETP00000035266,NA,NA
ENSPTRP00000002366,22,7,ENSP00000357393,22,7,ENSMMUP00000060680,NA,NA,ENSGGOP00000013573,NA,NA,ENSMUSP00000029673,22,7,ENSRNOP00000069356,22,7,ENSBTAP00000026958,22,7,NULL,NA,NA,ENSXETP00000023541,NA,NA
ENSPTRP00000059879,47,6,ENSP00000370022,NA,NA,ENSMMUP00000037616,NA,NA,ENSGGOP00000015123,NA,NA,ENSMUSP00000105915,NA,NA,ENSRNOP00000028816,NA,NA,ENSBTAP00000042518,NA,NA,ENSGALP00000056374,NA,NA,NULL,NA,NA
ENSPTRP00000040686,22,5,NULL,NA,NA,NULL,NA,NA,ENSGGOP00000024230,NA,NA,NULL,NA,NA,NULL,NA,NA,NULL,NA,NA,ENSGALP00000052325,NA,NA,ENSXETP00000016333,NA,NA
ENSPTRP00000034515,33,5,ENSP00000406367,33,5,ENSMMUP00000004284,26,5,ENSGGOP00000012568,29,5,ENSMUSP00000033876,NA,NA,ENSRNOP00000017776,NA,NA,ENSBTAP00000011608,NA,NA,ENSGALP00000048096,NA,NA,ENSXETP00000052554,NA,NA
ENSPTRP00000048561,20,5,NULL,NA,NA,NULL,NA,NA,NULL,NA,NA,NULL,NA,NA,NULL,NA,NA,NULL,NA,NA,NULL,NA,NA,NULL,NA,NA
ENSPTRP00000017781,20,5,ENSP00000264833,24,5,ENSMMUP00000045688,NA,NA,ENSGGOP00000005885,NA,NA,ENSMUSP00000034692,NA,NA,ENSRNOP00000027829,NA,NA,ENSBTAP00000009935,NA,NA,ENSGALP00000048664,NA,NA,ENSXETP00000012877,NA,NA
ENSPTRP00000039447,30,9,ENSP00000349709,32,5,ENSMMUP00000007372,NA,NA,ENSGGOP00000009127,30,9,NULL,NA,NA,NULL,NA,NA,ENSBTAP00000045991,NA,NA,NULL,NA,NA,NULL,NA,NA
ENSPTRP00000055208,24,5,ENSP00000379873,24,5,NULL,NA,NA,ENSGGOP00000005655,24,5,ENSMUSP00000040435,20,5,ENSRNOP00000001035,NA,NA,ENSBTAP00000035741,23,5,ENSGALP00000058295,NA,NA,ENSXETP00000038903,NA,NA
ENSPTRP00000007666,31,6,ENSP00000263574,31,6,ENSMMUP00000041722,NA,NA,ENSGGOP00000009592,31,6,ENSMUSP00000072428,NA,NA,ENSRNOP00000067077,NA,NA,ENSBTAP00000021524,NA,NA,ENSGALP00000001896,NA,NA,ENSXETP00000032087,NA,NA
ENSPTRP00000007463,23,5,ENSP00000264029,23,5,ENSMMUP00000036664,NA,NA,ENSGGOP00000014966,21,5,ENSMUSP00000034609,20,5,ENSRNOP00000075392,20,5,ENSBTAP00000021565,23,5,NULL,NA,NA,ENSXETP00000046574,NA,NA
ENSPTRP00000014987,26,5,ENSP00000484631,26,5,ENSMMUP00000035182,26,5,ENSGGOP00000003098,26,5,ENSMUSP00000104342,26,5,ENSRNOP00000069909,26,5,ENSBTAP00000025389,26,5,ENSGALP00000050837,NA,NA,ENSXETP00000042337,NA,NA
ENSPTRP00000052756,28,5,ENSP00000329507,28,5,ENSMMUP00000048762,NA,NA,ENSGGOP00000008821,27,5,ENSMUSP00000090123,NA,NA,ENSRNOP00000072406,26,6,ENSBTAP00000039810,NA,NA,NULL,NA,NA,ENSXETP00000011558,NA,NA
ENSPTRP00000036394,50,5,ENSP00000354504,NA,NA,ENSMMUP00000039777,NA,NA,NULL,NA,NA,ENSMUSP00000065786,NA,NA,ENSRNOP00000070791,NA,NA,ENSBTAP00000050596,NA,NA,ENSGALP00000011381,NA,NA,ENSXETP00000047008,NA,NA
ENSPTRP00000060795,35,5,ENSP00000302621,35,5,ENSMMUP00000031219,35,5,ENSGGOP00000024614,35,5,ENSMUSP00000038048,NA,NA,ENSRNOP00000065771,NA,NA,ENSBTAP00000003618,NA,NA,ENSGALP00000041118,20,8,NULL,NA,NA
ENSPTRP00000018991,22,5,ENSP00000472467,22,5,NULL,NA,NA,ENSGGOP00000000752,22,5,ENSMUSP00000144096,NA,NA,ENSRNOP00000054242,NA,NA,ENSBTAP00000024820,22,5,NULL,NA,NA,NULL,NA,NA
ENSPTRP00000014096,32,8,ENSP00000458977,32,8,ENSMMUP00000021671,36,11,ENSGGOP00000012322,32,8,ENSMUSP00000080659,NA,NA,ENSRNOP00000031955,NA,NA,ENSBTAP00000003655,33,5,ENSGALP00000005425,NA,NA,ENSXETP00000011960,NA,NA
ENSPTRP00000019401,20,7,ENSP00000270645,20,7,ENSMMUP00000046156,NA,NA,ENSGGOP00000008587,20,8,ENSMUSP00000019683,20,7,ENSRNOP00000071271,29,6,ENSBTAP00000031823,20,8,NULL,NA,NA,ENSXETP00000038287,NA,NA
ENSPTRP00000031821,29,6,ENSP00000314976,29,6,ENSMMUP00000017840,NA,NA,ENSGGOP00000000373,29,6,ENSMUSP00000020185,32,5,ENSRNOP00000041938,32,5,ENSBTAP00000020767,NA,NA,ENSGALP00000022453,NA,NA,NULL,NA,NA
ENSPTRP00000047976,18,6,ENSP00000304236,19,6,ENSMMUP00000013085,19,6,ENSGGOP00000010116,19,6,ENSMUSP00000056669,20,6,ENSRNOP00000023977,NA,NA,ENSBTAP00000020009,22,6,ENSGALP00000052840,NA,NA,ENSXETP00000063358,NA,NA
ENSPTRP00000002134,24,5,ENSP00000358035,24,5,ENSMMUP00000039142,20,7,ENSGGOP00000022508,24,5,ENSMUSP00000113424,NA,NA,ENSRNOP00000063998,24,6,ENSBTAP00000004686,NA,NA,NULL,NA,NA,ENSXETP00000039241,NA,NA
ENSPTRP00000048086,26,5,ENSP00000373918,26,5,ENSMMUP00000006270,26,5,ENSGGOP00000027336,NA,NA,ENSMUSP00000003572,NA,NA,ENSRNOP00000014780,NA,NA,ENSBTAP00000025254,NA,NA,ENSGALP00000009121,NA,NA,ENSXETP00000040008,NA,NA
ENSPTRP00000039477,31,6,ENSP00000219454,31,6,ENSMMUP00000005923,NA,NA,ENSGGOP00000013489,31,6,ENSMUSP00000024107,NA,NA,ENSRNOP00000021630,26,5,NULL,NA,NA,ENSGALP00000008818,NA,NA,ENSXETP00000029087,NA,NA
ENSPTRP00000059071,41,7,ENSP00000424544,41,7,ENSMMUP00000032220,41,7,ENSGGOP00000020427,NA,NA,ENSMUSP00000148134,NA,NA,ENSRNOP00000017452,41,7,ENSBTAP00000012110,41,7,ENSGALP00000022195,36,9,ENSXETP00000000404,NA,NA
ENSPTRP00000019556,16,7,ENSP00000321077,16,7,NULL,NA,NA,ENSGGOP00000002760,15,6,ENSMUSP00000058875,NA,NA,ENSRNOP00000036397,NA,NA,ENSBTAP00000011656,NA,NA,NULL,NA,NA,ENSXETP00000023862,NA,NA
ENSPTRP00000012734,42,10,ENSP00000394720,43,11,ENSMMUP00000031370,37,10,ENSGGOP00000004698,NA,NA,ENSMUSP00000032754,30,10,ENSRNOP00000030864,28,6,ENSBTAP00000028346,39,5,ENSGALP00000013496,NA,NA,ENSXETP00000028414,NA,NA
ENSPTRP00000048671,34,6,ENSP00000345229,34,6,ENSMMUP00000002804,NA,NA,ENSGGOP00000014527,34,6,ENSMUSP00000042927,NA,NA,ENSRNOP00000022564,NA,NA,ENSBTAP00000021383,NA,NA,ENSGALP00000004669,23,8,ENSXETP00000032331,NA,NA
ENSPTRP00000020451,24,5,ENSP00000294954,24,5,ENSMMUP00000013586,26,9,ENSGGOP00000019774,NA,NA,ENSMUSP00000024916,NA,NA,ENSRNOP00000022481,NA,NA,ENSBTAP00000022047,NA,NA,ENSGALP00000014790,NA,NA,ENSXETP00000049042,NA,NA
ENSPTRP00000020876,29,8,ENSP00000307235,29,8,ENSMMUP00000012122,NA,NA,ENSGGOP00000011491,NA,NA,ENSMUSP00000034093,28,5,ENSRNOP00000008451,NA,NA,ENSBTAP00000000210,NA,NA,ENSGALP00000025668,NA,NA,ENSXETP00000004094,NA,NA
ENSPTRP00000017170,51,6,ENSP00000269503,51,6,ENSMMUP00000013661,51,6,ENSGGOP00000009139,51,6,ENSMUSP00000113695,51,6,ENSRNOP00000018682,51,6,ENSBTAP00000007856,51,6,ENSGALP00000042961,NA,NA,ENSXETP00000036745,NA,NA
ENSPTRP00000006930,22,5,ENSP00000377284,22,5,ENSMMUP00000048230,NA,NA,ENSGGOP00000005453,22,5,ENSMUSP00000102598,NA,NA,ENSRNOP00000071311,NA,NA,ENSBTAP00000001053,NA,NA,ENSGALP00000027972,NA,NA,ENSXETP00000051710,NA,NA
ENSPTRP00000036078,19,5,ENSP00000262551,19,6,ENSMMUP00000006166,19,5,ENSGGOP00000006065,19,5,ENSMUSP00000021822,NA,NA,ENSRNOP00000065601,19,5,ENSBTAP00000055245,NA,NA,ENSGALP00000043060,NA,NA,ENSXETP00000045198,19,5
ENSPTRP00000008062,33,8,ENSP00000240617,32,8,ENSMMUP00000004886,NA,NA,ENSGGOP00000011233,32,7,ENSMUSP00000032336,31,5,ENSRNOP00000011930,32,5,ENSBTAP00000020677,35,6,ENSGALP00000046460,NA,NA,NULL,NA,NA
ENSPTRP00000026803,37,5,ENSP00000237696,41,5,ENSMMUP00000019465,42,5,ENSGGOP00000023788,25,5,ENSMUSP00000056728,NA,NA,ENSRNOP00000054312,NA,NA,ENSBTAP00000039864,38,5,ENSGALP00000015618,NA,NA,ENSXETP00000030764,NA,NA
ENSPTRP00000019787,21,5,ENSP00000291934,21,5,ENSMMUP00000020902,21,5,ENSGGOP00000009191,21,5,ENSMUSP00000013235,NA,NA,ENSRNOP00000061283,NA,NA,ENSBTAP00000028044,NA,NA,NULL,NA,NA,NULL,NA,NA
ENSPTRP00000027670,26,6,ENSP00000295666,26,6,ENSMMUP00000018411,26,6,ENSGGOP00000015851,26,6,ENSMUSP00000128318,26,6,ENSRNOP00000002809,25,6,ENSBTAP00000025803,26,6,ENSGALP00000044716,NA,NA,NULL,NA,NA
ENSPTRP00000021098,31,5,ENSP00000238044,31,5,ENSMMUP00000002269,31,5,ENSGGOP00000010732,31,5,ENSMUSP00000027217,31,5,ENSRNOP00000030526,31,5,ENSBTAP00000016771,31,5,ENSGALP00000050517,NA,NA,ENSXETP00000046848,NA,NA
ENSPTRP00000019546,16,5,ENSP00000262262,16,5,ENSMMUP00000046076,NA,NA,ENSGGOP00000010540,16,5,NULL,NA,NA,NULL,NA,NA,NULL,NA,NA,NULL,NA,NA,ENSXETP00000023862,NA,NA
ENSPTRP00000025615,39,8,ENSP00000418875,39,8,ENSMMUP00000027983,38,7,ENSGGOP00000018840,NA,NA,ENSMUSP00000059668,47,12,ENSRNOP00000052963,52,12,ENSBTAP00000047813,42,6,NULL,NA,NA,NULL,NA,NA
ENSPTRP00000016869,22,6,ENSP00000269228,22,6,ENSMMUP00000028303,29,6,ENSGGOP00000028237,33,6,ENSMUSP00000025279,22,6,ENSRNOP00000016167,23,7,ENSBTAP00000020219,22,5,ENSGALP00000024194,31,5,ENSXETP00000037451,NA,NA
ENSPTRP00000041687,28,5,ENSP00000356310,NA,NA,ENSMMUP00000001239,28,6,NULL,NA,NA,NULL,NA,NA,NULL,NA,NA,ENSBTAP00000053867,NA,NA,NULL,NA,NA,NULL,NA,NA
ENSPTRP00000002386,23,5,ENSP00000484824,23,5,ENSMMUP00000050170,NA,NA,ENSGGOP00000009103,NA,NA,ENSMUSP00000041963,23,5,ENSRNOP00000027850,23,7,ENSBTAP00000014051,NA,NA,NULL,NA,NA,NULL,NA,NA
ENSPTRP00000060810,18,5,NULL,NA,NA,NULL,NA,NA,NULL,NA,NA,NULL,NA,NA,NULL,NA,NA,NULL,NA,NA,NULL,NA,NA,NULL,NA,NA
ENSPTRP00000007541,18,7,ENSP00000405577,18,7,ENSMMUP00000045025,NA,NA,ENSGGOP00000012856,18,7,ENSMUSP00000034522,NA,NA,ENSRNOP00000069336,NA,NA,ENSBTAP00000026710,NA,NA,ENSGALP00000010504,NA,NA,ENSXETP00000002682,NA,NA
ENSPTRP00000049365,35,7,ENSP00000368747,34,7,ENSMMUP00000050544,NA,NA,NULL,NA,NA,ENSMUSP00000100093,15,7,NULL,NA,NA,ENSBTAP00000045970,17,5,NULL,NA,NA,NULL,NA,NA
ENSPTRP00000027779,34,6,ENSP00000427279,34,6,NULL,NA,NA,ENSGGOP00000026620,34,6,ENSMUSP00000074885,27,5,ENSRNOP00000070985,23,7,ENSBTAP00000043331,31,5,NULL,NA,NA,NULL,NA,NA
ENSPTRP00000056656,17,6,ENSP00000381097,17,6,ENSMMUP00000028102,NA,NA,ENSGGOP00000013772,17,6,ENSMUSP00000035129,NA,NA,ENSRNOP00000010634,NA,NA,ENSBTAP00000020455,NA,NA,ENSGALP00000010654,24,6,ENSXETP00000030111,NA,NA
ENSPTRP00000018569,25,5,ENSP00000430242,25,5,ENSMMUP00000052572,NA,NA,ENSGGOP00000000125,25,5,ENSMUSP00000079362,NA,NA,ENSRNOP00000028526,NA,NA,ENSBTAP00000032173,23,5,NULL,NA,NA,NULL,NA,NA
ENSPTRP00000019296,16,5,ENSP00000270235,16,5,NULL,NA,NA,ENSGGOP00000012693,16,5,ENSMUSP00000103371,34,5,ENSRNOP00000028524,34,5,ENSBTAP00000053830,NA,NA,NULL,NA,NA,ENSXETP00000063547,NA,NA
ENSPTRP00000053631,19,5,ENSP00000353238,19,5,ENSMMUP00000021230,19,5,ENSGGOP00000004539,19,5,ENSMUSP00000049534,NA,NA,ENSRNOP00000069252,NA,NA,ENSBTAP00000037201,NA,NA,NULL,NA,NA,NULL,NA,NA
ENSPTRP00000054365,29,5,ENSP00000458570,NA,NA,NULL,NA,NA,NULL,NA,NA,ENSMUSP00000142140,NA,NA,ENSRNOP00000059914,NA,NA,ENSBTAP00000051502,NA,NA,ENSGALP00000054712,NA,NA,NULL,NA,NA
ENSPTRP00000012266,35,6,ENSP00000332773,35,6,ENSMMUP00000028688,39,6,ENSGGOP00000025693,NA,NA,ENSMUSP00000034961,47,8,ENSRNOP00000039295,45,6,ENSBTAP00000045681,NA,NA,ENSGALP00000047868,NA,NA,NULL,NA,NA
ENSPTRP00000006658,29,5,ENSP00000279263,36,5,ENSMMUP00000024706,21,5,ENSGGOP00000002671,36,5,ENSMUSP00000025713,NA,NA,ENSRNOP00000028485,NA,NA,ENSBTAP00000006683,NA,NA,NULL,NA,NA,ENSXETP00000050377,NA,NA
ENSPTRP00000018247,26,5,ENSP00000384886,26,5,ENSMMUP00000047284,NA,NA,ENSGGOP00000028344,NA,NA,ENSMUSP00000034299,27,5,ENSRNOP00000026225,24,5,ENSBTAP00000045061,20,5,ENSGALP00000046442,NA,NA,ENSXETP00000054341,NA,NA
ENSPTRP00000031059,26,9,ENSP00000361926,26,9,ENSMMUP00000060518,NA,NA,ENSGGOP00000001357,26,9,ENSMUSP00000050309,26,5,ENSRNOP00000021868,25,8,ENSBTAP00000021132,NA,NA,ENSGALP00000049207,NA,NA,NULL,NA,NA
ENSPTRP00000041878,32,5,ENSP00000464145,33,6,ENSMMUP00000015630,NA,NA,ENSGGOP00000005772,32,5,ENSMUSP00000128621,29,5,ENSRNOP00000075201,29,5,ENSBTAP00000001351,33,7,ENSGALP00000009611,NA,NA,NULL,NA,NA
