ENSRNOP00000053555,22,13,ENSP00000479730,22,11,NULL,NA,NA,ENSMMUP00000038355,NA,NA,ENSGGOP00000023760,NA,NA,ENSMUSP00000139397,25,10,NULL,NA,NA,NULL,NA,NA,NULL,NA,NA
ENSRNOP00000074093,25,8,ENSP00000244043,24,7,ENSPTRP00000052044,20,7,ENSMMUP00000028563,24,7,NULL,NA,NA,ENSMUSP00000018113,25,8,ENSBTAP00000023313,24,7,NULL,NA,NA,ENSXETP00000003703,NA,NA
ENSRNOP00000000529,26,5,ENSP00000346206,NA,NA,ENSPTRP00000044308,NA,NA,NULL,NA,NA,ENSGGOP00000010681,NA,NA,ENSMUSP00000128401,NA,NA,ENSBTAP00000045934,NA,NA,ENSGALP00000048495,NA,NA,ENSXETP00000036167,NA,NA
ENSRNOP00000060008,32,5,ENSP00000391748,19,5,ENSPTRP00000033347,16,6,ENSMMUP00000048617,NA,NA,ENSGGOP00000005246,NA,NA,ENSMUSP00000106606,NA,NA,ENSBTAP00000001412,NA,NA,NULL,NA,NA,NULL,NA,NA
ENSRNOP00000059471,20,5,ENSP00000259951,21,5,ENSPTRP00000055208,24,5,ENSMMUP00000059702,NA,NA,ENSGGOP00000018173,NA,NA,ENSMUSP00000078138,21,5,NULL,NA,NA,ENSGALP00000058295,NA,NA,ENSXETP00000038903,NA,NA
ENSRNOP00000012825,29,6,ENSP00000332613,27,5,ENSPTRP00000007517,27,5,ENSMMUP00000016066,27,5,ENSGGOP00000008517,28,5,ENSMUSP00000034512,36,6,ENSBTAP00000028443,NA,NA,ENSGALP00000010848,NA,NA,ENSXETP00000037063,NA,NA
ENSRNOP00000017452,41,7,ENSP00000424544,41,7,ENSPTRP00000059071,41,7,ENSMMUP00000032220,41,7,ENSGGOP00000020427,NA,NA,ENSMUSP00000148134,NA,NA,ENSBTAP00000012110,41,7,ENSGALP00000022195,36,9,ENSXETP00000000404,NA,NA
ENSRNOP00000026169,16,6,ENSP00000312535,16,6,ENSPTRP00000059190,16,6,ENSMMUP00000007427,16,6,ENSGGOP00000014142,NA,NA,ENSMUSP00000050039,16,6,ENSBTAP00000049410,16,6,NULL,NA,NA,NULL,NA,NA
ENSRNOP00000025362,25,5,ENSP00000321874,NA,NA,ENSPTRP00000018232,NA,NA,ENSMMUP00000016108,NA,NA,ENSGGOP00000009036,NA,NA,ENSMUSP00000034260,28,5,ENSBTAP00000054222,NA,NA,NULL,NA,NA,ENSXETP00000035853,NA,NA
ENSRNOP00000035334,35,9,ENSP00000215743,31,5,ENSPTRP00000024372,NA,NA,ENSMMUP00000011935,31,5,ENSGGOP00000008871,31,5,ENSMUSP00000000924,35,9,ENSBTAP00000008025,NA,NA,ENSGALP00000009583,NA,NA,ENSXETP00000048436,NA,NA
ENSRNOP00000041135,20,5,ENSP00000259951,21,5,ENSPTRP00000055208,24,5,ENSMMUP00000059702,NA,NA,ENSGGOP00000018173,NA,NA,ENSMUSP00000078138,21,5,NULL,NA,NA,ENSGALP00000058295,NA,NA,ENSXETP00000038903,NA,NA
ENSRNOP00000069356,22,7,ENSP00000426741,NA,NA,ENSPTRP00000002366,22,7,ENSMMUP00000060680,NA,NA,ENSGGOP00000013573,NA,NA,ENSMUSP00000029673,22,7,ENSBTAP00000026958,22,7,NULL,NA,NA,ENSXETP00000023541,NA,NA
ENSRNOP00000075411,27,5,ENSP00000309953,27,6,ENSPTRP00000006720,27,6,ENSMMUP00000037554,NA,NA,ENSGGOP00000010564,NA,NA,ENSMUSP00000064719,46,5,ENSBTAP00000028604,NA,NA,NULL,NA,NA,ENSXETP00000044506,NA,NA
ENSRNOP00000061869,21,7,ENSP00000406229,21,8,ENSPTRP00000028585,21,8,ENSMMUP00000034440,NA,NA,ENSGGOP00000018273,21,8,ENSMUSP00000140596,21,7,ENSBTAP00000027527,23,5,ENSGALP00000022061,NA,NA,ENSXETP00000037350,22,5
ENSRNOP00000034210,19,5,ENSP00000243077,19,5,ENSPTRP00000008707,19,5,ENSMMUP00000052690,NA,NA,ENSGGOP00000009976,19,5,ENSMUSP00000044004,19,5,ENSBTAP00000017556,19,5,ENSGALP00000046139,NA,NA,ENSXETP00000023921,NA,NA
ENSRNOP00000028072,46,10,ENSP00000270631,30,9,NULL,NA,NA,ENSMMUP00000019423,28,7,ENSGGOP00000026063,28,6,ENSMUSP00000041047,33,10,ENSBTAP00000001408,25,8,NULL,NA,NA,ENSXETP00000057310,NA,NA
ENSRNOP00000010521,27,5,ENSP00000392423,NA,NA,ENSPTRP00000056975,NA,NA,ENSMMUP00000048922,NA,NA,ENSGGOP00000002270,NA,NA,ENSMUSP00000124052,NA,NA,ENSBTAP00000004768,NA,NA,ENSGALP00000013329,NA,NA,ENSXETP00000050071,NA,NA
ENSRNOP00000060967,22,5,ENSP00000379191,NA,NA,ENSPTRP00000006057,NA,NA,ENSMMUP00000060741,NA,NA,ENSGGOP00000016437,NA,NA,ENSMUSP00000132774,23,6,ENSBTAP00000002967,NA,NA,ENSGALP00000051683,NA,NA,NULL,NA,NA
ENSRNOP00000009467,24,7,NULL,NA,NA,NULL,NA,NA,ENSMMUP00000028347,NA,NA,ENSGGOP00000023367,NA,NA,ENSMUSP00000107760,NA,NA,ENSBTAP00000037567,NA,NA,ENSGALP00000050420,NA,NA,NULL,NA,NA
ENSRNOP00000051712,28,5,ENSP00000265459,28,7,ENSPTRP00000006621,28,7,ENSMMUP00000029746,29,7,ENSGGOP00000002310,NA,NA,ENSMUSP00000109089,28,5,ENSBTAP00000000307,26,5,NULL,NA,NA,ENSXETP00000034004,NA,NA
ENSRNOP00000037844,28,5,ENSP00000444628,NA,NA,ENSPTRP00000007693,NA,NA,ENSMMUP00000056756,NA,NA,ENSGGOP00000002321,NA,NA,ENSMUSP00000047128,28,5,ENSBTAP00000016231,NA,NA,ENSGALP00000058386,NA,NA,ENSXETP00000059188,NA,NA
ENSRNOP00000045586,22,6,ENSP00000401328,20,5,ENSPTRP00000028340,19,5,ENSMMUP00000012663,22,5,ENSGGOP00000007928,NA,NA,ENSMUSP00000051199,NA,NA,ENSBTAP00000006095,NA,NA,ENSGALP00000055647,NA,NA,NULL,NA,NA
ENSRNOP00000048353,19,8,ENSP00000350911,19,6,ENSPTRP00000044896,19,6,ENSMMUP00000028439,17,6,ENSGGOP00000000776,19,6,ENSMUSP00000073072,18,7,NULL,NA,NA,ENSGALP00000001138,29,8,ENSXETP00000013055,16,5
ENSRNOP00000027227,20,7,ENSP00000243786,NA,NA,ENSPTRP00000022148,NA,NA,ENSMMUP00000009825,NA,NA,ENSGGOP00000003537,NA,NA,ENSMUSP00000040310,20,7,ENSBTAP00000013154,17,6,ENSGALP00000018301,NA,NA,ENSXETP00000031486,NA,NA
ENSRNOP00000010156,24,6,ENSP00000360269,NA,NA,ENSPTRP00000001367,31,5,ENSMMUP00000029970,30,6,ENSGGOP00000011865,NA,NA,ENSMUSP00000060099,24,6,ENSBTAP00000005750,NA,NA,ENSGALP00000017645,NA,NA,ENSXETP00000062813,NA,NA
ENSRNOP00000056082,19,6,NULL,NA,NA,NULL,NA,NA,NULL,NA,NA,ENSGGOP00000020262,NA,NA,ENSMUSP00000076899,19,6,ENSBTAP00000055096,NA,NA,NULL,NA,NA,NULL,NA,NA
ENSRNOP00000027783,29,6,ENSP00000301204,29,6,ENSPTRP00000018984,29,6,ENSMMUP00000015966,NA,NA,ENSGGOP00000018376,29,6,ENSMUSP00000104046,29,6,ENSBTAP00000052283,NA,NA,NULL,NA,NA,ENSXETP00000026317,NA,NA
ENSRNOP00000075262,26,5,ENSP00000216223,NA,NA,ENSPTRP00000024676,NA,NA,ENSMMUP00000007156,NA,NA,ENSGGOP00000002222,NA,NA,ENSMUSP00000086820,NA,NA,ENSBTAP00000021747,27,5,ENSGALP00000020354,NA,NA,NULL,NA,NA
ENSRNOP00000015075,26,7,ENSP00000295619,27,7,ENSPTRP00000026077,27,7,ENSMMUP00000024333,27,7,ENSGGOP00000021257,27,7,ENSMUSP00000032152,26,7,ENSBTAP00000025742,NA,NA,ENSGALP00000056267,NA,NA,NULL,NA,NA
ENSRNOP00000040429,18,6,ENSP00000216341,NA,NA,ENSPTRP00000010567,NA,NA,ENSMMUP00000054046,NA,NA,ENSGGOP00000012666,NA,NA,ENSMUSP00000015581,18,5,ENSBTAP00000013262,NA,NA,NULL,NA,NA,ENSXETP00000037000,NA,NA
ENSRNOP00000028645,23,7,ENSP00000357909,24,8,ENSPTRP00000002167,24,8,ENSMMUP00000010045,24,8,ENSGGOP00000021928,24,8,ENSMUSP00000088333,25,8,ENSBTAP00000009575,23,7,NULL,NA,NA,ENSXETP00000012836,NA,NA
ENSRNOP00000061072,32,8,ENSP00000356574,29,6,ENSPTRP00000002902,NA,NA,NULL,NA,NA,ENSGGOP00000009739,NA,NA,ENSMUSP00000035658,32,8,ENSBTAP00000018869,NA,NA,ENSGALP00000006256,NA,NA,ENSXETP00000050082,NA,NA
ENSRNOP00000021982,27,6,ENSP00000302150,28,5,ENSPTRP00000030340,28,5,ENSMMUP00000047828,NA,NA,ENSGGOP00000001345,29,5,ENSMUSP00000017208,30,6,ENSBTAP00000013401,36,5,ENSGALP00000020651,NA,NA,ENSXETP00000050804,NA,NA
ENSRNOP00000013937,41,6,ENSP00000352561,NA,NA,ENSPTRP00000043243,NA,NA,ENSMMUP00000018805,NA,NA,ENSGGOP00000011272,NA,NA,ENSMUSP00000075070,41,6,ENSBTAP00000023201,NA,NA,ENSGALP00000047056,NA,NA,ENSXETP00000060302,NA,NA
ENSRNOP00000034203,21,5,ENSP00000328397,24,5,ENSPTRP00000014694,NA,NA,ENSMMUP00000017064,26,5,ENSGGOP00000011174,24,5,ENSMUSP00000021179,21,5,ENSBTAP00000054126,NA,NA,ENSGALP00000029440,NA,NA,ENSXETP00000045489,NA,NA
ENSRNOP00000008364,22,5,ENSP00000256545,23,6,ENSPTRP00000011747,23,6,ENSMMUP00000000007,23,6,ENSGGOP00000027430,22,6,ENSMUSP00000068610,22,5,ENSBTAP00000009709,22,5,ENSGALP00000015675,NA,NA,ENSXETP00000024474,NA,NA
ENSRNOP00000033973,21,5,NULL,NA,NA,NULL,NA,NA,NULL,NA,NA,NULL,NA,NA,ENSMUSP00000129404,NA,NA,ENSBTAP00000056241,22,6,NULL,NA,NA,NULL,NA,NA
ENSRNOP00000070985,23,7,ENSP00000427279,34,6,ENSPTRP00000027777,34,6,ENSMMUP00000010972,34,6,ENSGGOP00000008540,34,6,ENSMUSP00000031326,27,5,ENSBTAP00000043331,31,5,NULL,NA,NA,NULL,NA,NA
ENSRNOP00000074507,19,5,ENSP00000366233,19,6,NULL,NA,NA,ENSMMUP00000059207,NA,NA,ENSGGOP00000024094,19,6,ENSMUSP00000025338,19,5,ENSBTAP00000022907,19,6,NULL,NA,NA,ENSXETP00000043889,NA,NA
ENSRNOP00000043148,25,5,ENSP00000354511,NA,NA,ENSPTRP00000024231,NA,NA,ENSMMUP00000041663,NA,NA,ENSGGOP00000006558,NA,NA,ENSMUSP00000130077,NA,NA,ENSBTAP00000025997,NA,NA,ENSGALP00000044303,NA,NA,ENSXETP00000013835,NA,NA
ENSRNOP00000028524,34,5,ENSP00000270235,16,5,ENSPTRP00000019296,16,5,NULL,NA,NA,ENSGGOP00000012693,16,5,ENSMUSP00000103371,34,5,ENSBTAP00000053830,NA,NA,NULL,NA,NA,ENSXETP00000063547,NA,NA
ENSRNOP00000018464,21,6,ENSP00000271064,21,5,ENSPTRP00000052583,21,5,ENSMMUP00000046743,NA,NA,ENSGGOP00000018594,21,5,ENSMUSP00000101620,21,6,ENSBTAP00000037841,24,9,ENSGALP00000028353,NA,NA,ENSXETP00000038292,NA,NA
ENSRNOP00000066746,51,7,ENSP00000308219,NA,NA,ENSPTRP00000029278,NA,NA,ENSMMUP00000034267,NA,NA,ENSGGOP00000025559,NA,NA,ENSMUSP00000126177,51,7,ENSBTAP00000015746,25,7,ENSGALP00000024623,NA,NA,ENSXETP00000051475,43,6
ENSRNOP00000070041,21,5,ENSP00000375914,NA,NA,ENSPTRP00000045773,NA,NA,ENSMMUP00000000975,NA,NA,ENSGGOP00000000712,NA,NA,ENSMUSP00000137770,21,5,ENSBTAP00000032900,21,5,ENSGALP00000007935,24,5,ENSXETP00000043382,NA,NA
ENSRNOP00000005262,37,8,ENSP00000225719,NA,NA,ENSPTRP00000046749,NA,NA,ENSMMUP00000046665,NA,NA,NULL,NA,NA,ENSMUSP00000021201,37,8,ENSBTAP00000016421,35,5,ENSGALP00000006827,NA,NA,ENSXETP00000038930,NA,NA
ENSRNOP00000055132,16,5,NULL,NA,NA,NULL,NA,NA,ENSMMUP00000001989,NA,NA,NULL,NA,NA,ENSMUSP00000052661,16,5,ENSBTAP00000017967,NA,NA,NULL,NA,NA,NULL,NA,NA
ENSRNOP00000033808,18,8,ENSP00000333639,NA,NA,ENSPTRP00000018784,NA,NA,ENSMMUP00000024689,NA,NA,ENSGGOP00000007368,NA,NA,ENSMUSP00000077473,19,5,ENSBTAP00000055389,NA,NA,ENSGALP00000052417,NA,NA,NULL,NA,NA
ENSRNOP00000005052,32,8,ENSP00000356574,29,6,ENSPTRP00000002902,NA,NA,NULL,NA,NA,ENSGGOP00000009739,NA,NA,ENSMUSP00000035658,32,8,ENSBTAP00000018869,NA,NA,ENSGALP00000006256,NA,NA,ENSXETP00000050082,NA,NA
ENSRNOP00000016431,21,6,ENSP00000170150,NA,NA,ENSPTRP00000022947,NA,NA,NULL,NA,NA,ENSGGOP00000010368,NA,NA,ENSMUSP00000028983,22,9,ENSBTAP00000025557,NA,NA,ENSGALP00000038462,NA,NA,ENSXETP00000058481,NA,NA
ENSRNOP00000071092,29,7,ENSP00000373937,35,7,ENSPTRP00000012138,35,7,ENSMMUP00000004870,35,7,ENSGGOP00000023130,NA,NA,ENSMUSP00000055815,29,7,ENSBTAP00000053280,NA,NA,ENSGALP00000055307,NA,NA,NULL,NA,NA
ENSRNOP00000071888,26,5,ENSP00000317842,NA,NA,ENSPTRP00000014018,NA,NA,ENSMMUP00000059071,NA,NA,ENSGGOP00000017688,NA,NA,ENSMUSP00000034346,26,5,ENSBTAP00000032276,NA,NA,NULL,NA,NA,NULL,NA,NA
ENSRNOP00000065607,21,7,ENSP00000267017,NA,NA,ENSPTRP00000008544,NA,NA,NULL,NA,NA,ENSGGOP00000012334,NA,NA,ENSMUSP00000023814,21,9,ENSBTAP00000003109,NA,NA,NULL,NA,NA,NULL,NA,NA
ENSRNOP00000028545,23,6,ENSP00000471894,24,7,ENSPTRP00000018553,24,7,ENSMMUP00000014794,24,7,ENSGGOP00000000757,24,7,ENSMUSP00000074240,24,6,ENSBTAP00000022658,NA,NA,NULL,NA,NA,NULL,NA,NA
ENSRNOP00000006087,24,5,ENSP00000275493,NA,NA,ENSPTRP00000032807,NA,NA,ENSMMUP00000058552,NA,NA,ENSGGOP00000007465,NA,NA,ENSMUSP00000020329,NA,NA,ENSBTAP00000015445,NA,NA,ENSGALP00000053328,NA,NA,ENSXETP00000034519,NA,NA
ENSRNOP00000064190,32,5,ENSP00000391748,19,5,ENSPTRP00000033347,16,6,ENSMMUP00000048617,NA,NA,ENSGGOP00000005246,NA,NA,ENSMUSP00000106606,NA,NA,ENSBTAP00000001412,NA,NA,NULL,NA,NA,NULL,NA,NA
ENSRNOP00000068810,18,10,ENSP00000483364,NA,NA,ENSPTRP00000050450,NA,NA,ENSMMUP00000004144,NA,NA,ENSGGOP00000028765,NA,NA,ENSMUSP00000025981,NA,NA,ENSBTAP00000015714,NA,NA,ENSGALP00000017106,NA,NA,ENSXETP00000056200,NA,NA
ENSRNOP00000073441,21,5,ENSP00000375914,NA,NA,ENSPTRP00000045773,NA,NA,ENSMMUP00000000975,NA,NA,ENSGGOP00000000712,NA,NA,ENSMUSP00000137770,21,5,ENSBTAP00000032900,21,5,ENSGALP00000007935,24,5,ENSXETP00000043382,NA,NA
ENSRNOP00000003784,29,7,ENSP00000311184,34,8,ENSPTRP00000059521,34,8,ENSMMUP00000029949,34,8,ENSGGOP00000019008,34,8,ENSMUSP00000053238,29,7,ENSBTAP00000000973,32,6,ENSGALP00000011904,NA,NA,ENSXETP00000054046,NA,NA
ENSRNOP00000022270,28,5,ENSP00000261590,23,5,ENSPTRP00000016915,23,5,ENSMMUP00000041515,NA,NA,ENSGGOP00000023328,23,5,ENSMUSP00000057096,NA,NA,ENSBTAP00000029228,NA,NA,ENSGALP00000024387,NA,NA,ENSXETP00000061971,NA,NA
ENSRNOP00000074176,35,9,ENSP00000215743,31,5,ENSPTRP00000024372,NA,NA,ENSMMUP00000011935,31,5,ENSGGOP00000008871,31,5,ENSMUSP00000000924,35,9,ENSBTAP00000008025,NA,NA,ENSGALP00000009583,NA,NA,ENSXETP00000048436,NA,NA
ENSRNOP00000056223,20,5,ENSP00000487363,NA,NA,ENSPTRP00000029822,NA,NA,ENSMMUP00000007351,NA,NA,ENSGGOP00000008673,NA,NA,ENSMUSP00000131540,NA,NA,ENSBTAP00000040403,20,5,ENSGALP00000054868,NA,NA,NULL,NA,NA
ENSRNOP00000023869,27,5,ENSP00000296777,NA,NA,ENSPTRP00000048279,NA,NA,ENSMMUP00000019907,NA,NA,ENSGGOP00000004788,NA,NA,ENSMUSP00000022150,27,5,ENSBTAP00000055162,27,5,ENSGALP00000055746,NA,NA,ENSXETP00000060443,23,5
ENSRNOP00000068702,34,5,ENSP00000363382,29,5,ENSPTRP00000049062,29,5,ENSMMUP00000027768,29,5,ENSGGOP00000012319,29,5,ENSMUSP00000048201,NA,NA,ENSBTAP00000041372,NA,NA,ENSGALP00000049370,NA,NA,ENSXETP00000063667,NA,NA
ENSRNOP00000045890,19,5,ENSP00000359778,NA,NA,ENSPTRP00000001547,NA,NA,ENSMMUP00000030722,NA,NA,ENSGGOP00000018552,NA,NA,ENSMUSP00000041939,NA,NA,ENSBTAP00000026299,NA,NA,ENSGALP00000047613,NA,NA,NULL,NA,NA
ENSRNOP00000028781,35,5,ENSP00000337014,35,5,ENSPTRP00000044469,35,5,ENSMMUP00000021121,NA,NA,ENSGGOP00000004841,35,5,ENSMUSP00000046659,32,5,ENSBTAP00000029092,35,5,NULL,NA,NA,ENSXETP00000024156,NA,NA
ENSRNOP00000023068,34,7,ENSP00000233809,36,6,ENSPTRP00000022056,36,6,ENSMMUP00000024923,37,6,ENSGGOP00000011429,NA,NA,ENSMUSP00000046610,34,7,ENSBTAP00000007349,26,7,ENSGALP00000018675,NA,NA,ENSXETP00000042987,NA,NA
ENSRNOP00000010558,40,6,ENSP00000365756,40,6,ENSPTRP00000000302,40,6,ENSMMUP00000016372,23,6,ENSGGOP00000013305,40,6,ENSMUSP00000099522,NA,NA,ENSBTAP00000025834,NA,NA,ENSGALP00000007206,NA,NA,ENSXETP00000060618,NA,NA
ENSRNOP00000031392,26,5,ENSP00000302046,23,6,ENSPTRP00000010358,23,6,ENSMMUP00000002223,23,6,ENSGGOP00000027666,23,6,ENSMUSP00000093613,25,5,ENSBTAP00000011585,27,6,ENSGALP00000031533,NA,NA,NULL,NA,NA
ENSRNOP00000007039,20,6,NULL,NA,NA,NULL,NA,NA,NULL,NA,NA,NULL,NA,NA,ENSMUSP00000024926,23,6,ENSBTAP00000048972,NA,NA,NULL,NA,NA,NULL,NA,NA
ENSRNOP00000031304,24,7,ENSP00000420494,NA,NA,ENSPTRP00000032982,NA,NA,ENSMMUP00000005119,NA,NA,ENSGGOP00000028717,NA,NA,ENSMUSP00000046900,29,6,ENSBTAP00000054739,23,5,ENSGALP00000046717,NA,NA,NULL,NA,NA
ENSRNOP00000020815,5,35,ENSP00000485061,NA,NA,ENSPTRP00000002294,NA,NA,ENSMMUP00000025610,NA,NA,ENSGGOP00000003785,NA,NA,ENSMUSP00000029541,5,35,ENSBTAP00000049243,20,11,ENSGALP00000044439,NA,NA,NULL,NA,NA
ENSRNOP00000006142,32,5,ENSP00000330523,30,7,ENSPTRP00000035042,30,7,ENSMMUP00000050458,NA,NA,ENSGGOP00000001931,NA,NA,ENSMUSP00000070018,32,5,ENSBTAP00000013555,30,7,ENSGALP00000054419,NA,NA,ENSXETP00000008873,NA,NA
ENSRNOP00000027850,23,7,ENSP00000484824,23,5,ENSPTRP00000002386,23,5,ENSMMUP00000050170,NA,NA,ENSGGOP00000009103,NA,NA,ENSMUSP00000041963,23,5,ENSBTAP00000014051,NA,NA,NULL,NA,NA,NULL,NA,NA
ENSRNOP00000025292,25,5,ENSP00000304845,NA,NA,ENSPTRP00000022339,NA,NA,NULL,NA,NA,NULL,NA,NA,ENSMUSP00000072803,29,5,ENSBTAP00000036928,27,5,NULL,NA,NA,NULL,NA,NA
ENSRNOP00000005311,22,5,ENSP00000225964,22,5,ENSPTRP00000015952,22,5,ENSMMUP00000001955,22,5,ENSGGOP00000012899,22,5,ENSMUSP00000001547,22,5,ENSBTAP00000017420,22,5,ENSGALP00000056890,NA,NA,ENSXETP00000007330,NA,NA
ENSRNOP00000012951,19,5,ENSP00000217260,NA,NA,ENSPTRP00000022516,NA,NA,ENSMMUP00000037654,NA,NA,ENSGGOP00000006568,NA,NA,ENSMUSP00000041578,19,5,ENSBTAP00000029170,NA,NA,ENSGALP00000038599,NA,NA,NULL,NA,NA
ENSRNOP00000052129,20,8,ENSP00000216968,NA,NA,ENSPTRP00000052237,NA,NA,ENSMMUP00000060397,NA,NA,ENSGGOP00000001005,NA,NA,ENSMUSP00000029140,19,6,ENSBTAP00000010911,NA,NA,ENSGALP00000010561,NA,NA,NULL,NA,NA
ENSRNOP00000028082,20,5,ENSP00000221498,30,5,ENSPTRP00000019382,30,5,ENSMMUP00000019416,30,5,ENSGGOP00000015982,30,5,ENSMUSP00000033057,20,5,ENSBTAP00000016164,NA,NA,NULL,NA,NA,NULL,NA,NA
ENSRNOP00000066641,32,6,ENSP00000391748,19,5,ENSPTRP00000033347,16,6,ENSMMUP00000048617,NA,NA,ENSGGOP00000005246,NA,NA,ENSMUSP00000106606,NA,NA,ENSBTAP00000001412,NA,NA,NULL,NA,NA,NULL,NA,NA
ENSRNOP00000066796,18,10,ENSP00000483364,NA,NA,ENSPTRP00000050450,NA,NA,ENSMMUP00000004144,NA,NA,ENSGGOP00000028765,NA,NA,ENSMUSP00000025981,NA,NA,ENSBTAP00000015714,NA,NA,ENSGALP00000017106,NA,NA,ENSXETP00000056200,NA,NA
ENSRNOP00000018248,19,6,ENSP00000418910,19,6,ENSPTRP00000061116,NA,NA,ENSMMUP00000023282,19,6,ENSGGOP00000019433,19,6,ENSMUSP00000103557,19,6,ENSBTAP00000042037,19,6,ENSGALP00000016915,NA,NA,ENSXETP00000060967,NA,NA
ENSRNOP00000068371,19,6,NULL,NA,NA,NULL,NA,NA,NULL,NA,NA,ENSGGOP00000020262,NA,NA,ENSMUSP00000076899,19,6,ENSBTAP00000055096,NA,NA,NULL,NA,NA,NULL,NA,NA
ENSRNOP00000007485,29,6,ENSP00000228936,NA,NA,ENSPTRP00000054683,NA,NA,ENSMMUP00000016801,NA,NA,ENSGGOP00000016784,NA,NA,ENSMUSP00000032341,23,5,ENSBTAP00000055185,NA,NA,ENSGALP00000019151,NA,NA,NULL,NA,NA
ENSRNOP00000074673,21,7,ENSP00000316881,24,5,ENSPTRP00000027071,25,6,ENSMMUP00000000836,23,5,ENSGGOP00000009527,NA,NA,ENSMUSP00000038056,21,7,ENSBTAP00000027999,NA,NA,ENSGALP00000046986,NA,NA,ENSXETP00000028063,NA,NA
ENSRNOP00000072161,27,9,ENSP00000378877,26,5,ENSPTRP00000030753,26,5,ENSMMUP00000033990,26,5,ENSGGOP00000017110,26,5,ENSMUSP00000048573,27,9,ENSBTAP00000005821,5,97,NULL,NA,NA,ENSXETP00000011398,NA,NA
ENSRNOP00000061816,32,5,ENSP00000391748,19,5,ENSPTRP00000033347,16,6,ENSMMUP00000048617,NA,NA,ENSGGOP00000005246,NA,NA,ENSMUSP00000106606,NA,NA,ENSBTAP00000001412,NA,NA,NULL,NA,NA,NULL,NA,NA
ENSRNOP00000069681,30,6,ENSP00000261023,NA,NA,ENSPTRP00000048970,NA,NA,ENSMMUP00000060399,NA,NA,ENSGGOP00000004877,NA,NA,ENSMUSP00000028499,30,5,ENSBTAP00000026553,30,5,ENSGALP00000004173,NA,NA,ENSXETP00000029197,NA,NA
ENSRNOP00000068103,19,6,NULL,NA,NA,NULL,NA,NA,NULL,NA,NA,ENSGGOP00000020262,NA,NA,ENSMUSP00000076899,19,6,ENSBTAP00000055096,NA,NA,NULL,NA,NA,NULL,NA,NA
ENSRNOP00000068776,19,6,NULL,NA,NA,NULL,NA,NA,NULL,NA,NA,ENSGGOP00000020262,NA,NA,ENSMUSP00000076899,19,6,ENSBTAP00000055096,NA,NA,NULL,NA,NA,NULL,NA,NA
ENSRNOP00000058858,21,5,ENSP00000333534,23,5,NULL,NA,NA,ENSMMUP00000001599,NA,NA,ENSGGOP00000027801,23,5,ENSMUSP00000003100,21,5,ENSBTAP00000054749,NA,NA,NULL,NA,NA,ENSXETP00000005567,NA,NA
ENSRNOP00000040000,38,7,ENSP00000406482,47,7,ENSPTRP00000048447,44,8,ENSMMUP00000042460,NA,NA,ENSGGOP00000007842,45,7,ENSMUSP00000113681,38,7,ENSBTAP00000010106,NA,NA,ENSGALP00000017421,NA,NA,ENSXETP00000024738,NA,NA
ENSRNOP00000029449,28,5,ENSP00000265459,28,7,ENSPTRP00000006621,28,7,ENSMMUP00000029746,29,7,ENSGGOP00000002310,NA,NA,ENSMUSP00000109089,28,5,ENSBTAP00000000307,26,5,NULL,NA,NA,ENSXETP00000034004,NA,NA
ENSRNOP00000035136,19,6,ENSP00000391748,19,5,ENSPTRP00000033347,16,6,ENSMMUP00000048617,NA,NA,ENSGGOP00000005246,NA,NA,ENSMUSP00000050313,NA,NA,ENSBTAP00000001412,NA,NA,NULL,NA,NA,NULL,NA,NA
ENSRNOP00000005020,24,7,ENSP00000362095,NA,NA,ENSPTRP00000037999,NA,NA,ENSMMUP00000010760,NA,NA,ENSGGOP00000009768,NA,NA,ENSMUSP00000108929,28,5,ENSBTAP00000049519,NA,NA,ENSGALP00000010977,NA,NA,ENSXETP00000014699,NA,NA
ENSRNOP00000006827,45,5,ENSP00000371800,37,5,ENSPTRP00000024528,37,5,ENSMMUP00000052575,NA,NA,ENSGGOP00000012350,NA,NA,ENSMUSP00000003677,45,5,ENSBTAP00000004400,40,5,ENSGALP00000048775,NA,NA,NULL,NA,NA
ENSRNOP00000067529,20,5,NULL,NA,NA,NULL,NA,NA,NULL,NA,NA,NULL,NA,NA,ENSMUSP00000062011,20,5,NULL,NA,NA,NULL,NA,NA,NULL,NA,NA
ENSRNOP00000011086,18,5,ENSP00000264553,NA,NA,NULL,NA,NA,ENSMMUP00000049705,NA,NA,ENSGGOP00000003205,NA,NA,ENSMUSP00000020549,18,5,ENSBTAP00000002709,NA,NA,ENSGALP00000024465,21,5,NULL,NA,NA
ENSRNOP00000071242,23,5,ENSP00000384564,23,5,ENSPTRP00000057717,23,5,ENSMMUP00000006217,NA,NA,ENSGGOP00000017226,23,5,ENSMUSP00000092041,23,5,ENSBTAP00000041817,20,5,ENSGALP00000041879,NA,NA,NULL,NA,NA
ENSRNOP00000013154,29,6,ENSP00000392511,27,6,ENSPTRP00000025199,28,7,ENSMMUP00000024045,28,6,ENSGGOP00000011909,28,7,ENSMUSP00000098620,27,6,ENSBTAP00000014379,28,5,NULL,NA,NA,ENSXETP00000063614,NA,NA
ENSRNOP00000069391,23,5,ENSP00000340292,23,5,ENSPTRP00000058864,23,5,ENSMMUP00000026357,23,5,ENSGGOP00000000417,23,5,ENSMUSP00000063104,23,5,ENSBTAP00000051840,23,5,ENSGALP00000018320,NA,NA,NULL,NA,NA
ENSRNOP00000043232,21,5,ENSP00000337053,NA,NA,ENSPTRP00000011221,NA,NA,ENSMMUP00000013095,NA,NA,ENSGGOP00000011820,NA,NA,ENSMUSP00000021347,NA,NA,ENSBTAP00000010628,NA,NA,ENSGALP00000017201,NA,NA,NULL,NA,NA
ENSRNOP00000051845,27,5,ENSP00000383558,26,8,ENSPTRP00000056951,26,8,ENSMMUP00000000352,26,8,ENSGGOP00000017426,26,8,ENSMUSP00000026119,27,6,ENSBTAP00000004926,25,5,ENSGALP00000018272,21,6,ENSXETP00000011944,NA,NA
ENSRNOP00000002809,25,6,ENSP00000295666,26,6,ENSPTRP00000027670,26,6,ENSMMUP00000018411,26,6,ENSGGOP00000015851,26,6,ENSMUSP00000128318,26,6,ENSBTAP00000025803,26,6,ENSGALP00000044716,NA,NA,NULL,NA,NA
ENSRNOP00000065906,21,5,NULL,NA,NA,NULL,NA,NA,NULL,NA,NA,NULL,NA,NA,ENSMUSP00000129404,NA,NA,ENSBTAP00000056241,22,6,NULL,NA,NA,NULL,NA,NA
ENSRNOP00000074709,24,6,ENSP00000259951,21,5,ENSPTRP00000055208,24,5,ENSMMUP00000059702,NA,NA,ENSGGOP00000018173,NA,NA,ENSMUSP00000078138,21,5,NULL,NA,NA,ENSGALP00000058295,NA,NA,ENSXETP00000038903,NA,NA
ENSRNOP00000019386,23,6,ENSP00000361818,NA,NA,ENSPTRP00000023261,NA,NA,ENSMMUP00000048423,NA,NA,ENSGGOP00000004075,NA,NA,ENSMUSP00000017153,23,6,ENSBTAP00000054678,NA,NA,ENSGALP00000006255,NA,NA,NULL,NA,NA
ENSRNOP00000015270,17,8,ENSP00000366923,25,7,ENSPTRP00000035842,25,7,NULL,NA,NA,ENSGGOP00000022671,27,7,ENSMUSP00000036974,17,6,ENSBTAP00000018719,NA,NA,NULL,NA,NA,ENSXETP00000032269,NA,NA
ENSRNOP00000071560,19,5,ENSP00000359778,NA,NA,ENSPTRP00000001547,NA,NA,ENSMMUP00000030722,NA,NA,ENSGGOP00000018552,NA,NA,ENSMUSP00000041939,NA,NA,ENSBTAP00000026299,NA,NA,ENSGALP00000047613,NA,NA,NULL,NA,NA
ENSRNOP00000075392,20,5,ENSP00000264029,23,5,ENSPTRP00000007463,23,5,ENSMMUP00000036664,NA,NA,ENSGGOP00000014966,21,5,ENSMUSP00000034609,20,5,ENSBTAP00000021565,23,5,NULL,NA,NA,ENSXETP00000046574,NA,NA
ENSRNOP00000041025,13,5,ENSP00000311095,NA,NA,ENSPTRP00000001226,NA,NA,ENSMMUP00000054572,NA,NA,ENSGGOP00000014991,NA,NA,ENSMUSP00000061126,NA,NA,ENSBTAP00000017936,NA,NA,ENSGALP00000017031,NA,NA,ENSXETP00000035698,NA,NA
ENSRNOP00000023439,24,7,ENSP00000233948,24,7,NULL,NA,NA,NULL,NA,NA,ENSGGOP00000003203,24,7,ENSMUSP00000006716,23,6,ENSBTAP00000018592,24,7,ENSGALP00000037444,NA,NA,ENSXETP00000030315,NA,NA
ENSRNOP00000010891,25,8,ENSP00000244043,24,7,ENSPTRP00000052044,20,7,ENSMMUP00000028563,24,7,NULL,NA,NA,ENSMUSP00000018113,25,8,ENSBTAP00000023313,24,7,NULL,NA,NA,ENSXETP00000003703,NA,NA
ENSRNOP00000022881,27,10,ENSP00000417404,NA,NA,ENSPTRP00000056517,NA,NA,ENSMMUP00000049209,NA,NA,ENSGGOP00000006230,NA,NA,ENSMUSP00000089298,26,8,ENSBTAP00000017371,NA,NA,ENSGALP00000058295,NA,NA,ENSXETP00000038903,NA,NA
ENSRNOP00000062958,27,5,ENSP00000304845,NA,NA,ENSPTRP00000022339,NA,NA,NULL,NA,NA,NULL,NA,NA,ENSMUSP00000072803,29,5,ENSBTAP00000036928,27,5,NULL,NA,NA,NULL,NA,NA
ENSRNOP00000021456,22,6,ENSP00000467494,NA,NA,NULL,NA,NA,ENSMMUP00000046139,NA,NA,ENSGGOP00000015752,NA,NA,ENSMUSP00000092384,18,6,ENSBTAP00000007271,25,5,NULL,NA,NA,ENSXETP00000039586,NA,NA
ENSRNOP00000057699,24,5,ENSP00000259951,21,5,ENSPTRP00000055208,24,5,ENSMMUP00000059702,NA,NA,ENSGGOP00000018173,NA,NA,ENSMUSP00000078138,21,5,NULL,NA,NA,ENSGALP00000058295,NA,NA,ENSXETP00000038903,NA,NA
ENSRNOP00000002728,25,6,ENSP00000320401,NA,NA,ENSPTRP00000027708,NA,NA,ENSMMUP00000021653,NA,NA,ENSGGOP00000023418,NA,NA,ENSMUSP00000031183,NA,NA,ENSBTAP00000001733,NA,NA,ENSGALP00000019241,NA,NA,ENSXETP00000063801,NA,NA
ENSRNOP00000075285,31,6,ENSP00000252483,31,7,ENSPTRP00000048635,31,6,ENSMMUP00000018783,31,6,ENSGGOP00000006227,32,8,ENSMUSP00000074898,31,6,ENSBTAP00000020344,32,6,NULL,NA,NA,ENSXETP00000064054,NA,NA
ENSRNOP00000000037,20,6,ENSP00000381498,24,6,NULL,NA,NA,ENSMMUP00000040717,NA,NA,ENSGGOP00000010088,24,6,ENSMUSP00000013633,20,6,ENSBTAP00000039238,NA,NA,ENSGALP00000057609,NA,NA,ENSXETP00000045486,NA,NA
ENSRNOP00000053295,25,6,ENSP00000306100,NA,NA,ENSPTRP00000048133,NA,NA,ENSMMUP00000010305,NA,NA,ENSGGOP00000009107,NA,NA,ENSMUSP00000095228,24,5,ENSBTAP00000016466,NA,NA,ENSGALP00000024573,NA,NA,ENSXETP00000051434,NA,NA
ENSRNOP00000041938,32,5,ENSP00000314976,29,6,ENSPTRP00000031821,29,6,ENSMMUP00000017840,NA,NA,ENSGGOP00000000373,29,6,ENSMUSP00000020185,32,5,ENSBTAP00000020767,NA,NA,ENSGALP00000022453,NA,NA,NULL,NA,NA
ENSRNOP00000066130,27,6,ENSP00000323929,NA,NA,ENSPTRP00000056596,NA,NA,ENSMMUP00000019581,NA,NA,ENSGGOP00000013403,NA,NA,ENSMUSP00000032203,30,9,ENSBTAP00000006167,23,7,ENSGALP00000050420,NA,NA,NULL,NA,NA
ENSRNOP00000061330,19,6,ENSP00000250378,NA,NA,ENSPTRP00000010563,NA,NA,ENSMMUP00000025348,NA,NA,ENSGGOP00000014824,NA,NA,ENSMUSP00000022834,32,6,ENSBTAP00000052086,33,7,NULL,NA,NA,ENSXETP00000037000,NA,NA
ENSRNOP00000074204,26,5,ENSP00000242249,27,5,ENSPTRP00000032739,27,8,ENSMMUP00000041914,NA,NA,ENSGGOP00000007121,NA,NA,ENSMUSP00000047518,26,5,ENSBTAP00000027593,29,7,ENSGALP00000050055,NA,NA,ENSXETP00000034203,NA,NA
ENSRNOP00000072558,20,6,ENSP00000406861,NA,NA,NULL,NA,NA,NULL,NA,NA,ENSGGOP00000020498,NA,NA,ENSMUSP00000140483,22,6,NULL,NA,NA,ENSGALP00000050462,NA,NA,ENSXETP00000040980,NA,NA
ENSRNOP00000027372,29,7,NULL,NA,NA,ENSPTRP00000029626,42,9,ENSMMUP00000019135,42,7,ENSGGOP00000000653,42,9,ENSMUSP00000039888,NA,NA,NULL,NA,NA,NULL,NA,NA,ENSXETP00000005961,NA,NA
ENSRNOP00000009242,19,8,ENSP00000350911,19,6,ENSPTRP00000044896,19,6,ENSMMUP00000028439,17,6,ENSGGOP00000000776,19,6,ENSMUSP00000073072,18,7,NULL,NA,NA,ENSGALP00000001138,29,8,ENSXETP00000013055,16,5
ENSRNOP00000031136,20,7,ENSP00000324672,20,7,ENSPTRP00000013214,NA,NA,ENSMMUP00000022654,NA,NA,ENSGGOP00000017942,NA,NA,ENSMUSP00000058860,20,7,ENSBTAP00000002834,20,6,NULL,NA,NA,NULL,NA,NA
ENSRNOP00000069341,28,7,ENSP00000452245,28,7,ENSPTRP00000054975,28,7,ENSMMUP00000007263,28,7,NULL,NA,NA,ENSMUSP00000127274,29,5,ENSBTAP00000026127,28,6,ENSGALP00000031533,NA,NA,NULL,NA,NA
ENSRNOP00000027609,33,8,ENSP00000401338,34,6,ENSPTRP00000053819,NA,NA,ENSMMUP00000032808,NA,NA,ENSGGOP00000003888,NA,NA,ENSMUSP00000025010,33,8,ENSBTAP00000022065,32,6,NULL,NA,NA,ENSXETP00000026481,NA,NA
ENSRNOP00000073967,30,5,ENSP00000359285,26,5,ENSPTRP00000023650,NA,NA,ENSMMUP00000020935,NA,NA,ENSGGOP00000008187,NA,NA,ENSMUSP00000066338,30,5,ENSBTAP00000022855,30,6,ENSGALP00000009302,23,5,ENSXETP00000051222,NA,NA
ENSRNOP00000062495,23,5,NULL,NA,NA,NULL,NA,NA,NULL,NA,NA,NULL,NA,NA,ENSMUSP00000070138,23,5,NULL,NA,NA,NULL,NA,NA,NULL,NA,NA
ENSRNOP00000074203,22,6,ENSP00000378957,38,5,NULL,NA,NA,ENSMMUP00000056999,NA,NA,ENSGGOP00000005920,37,5,ENSMUSP00000070848,NA,NA,ENSBTAP00000008130,20,5,NULL,NA,NA,ENSXETP00000013749,NA,NA
ENSRNOP00000040885,24,6,ENSP00000259951,21,5,ENSPTRP00000055208,24,5,ENSMMUP00000059702,NA,NA,ENSGGOP00000018173,NA,NA,ENSMUSP00000078138,21,5,NULL,NA,NA,ENSGALP00000058295,NA,NA,ENSXETP00000038903,NA,NA
ENSRNOP00000071511,23,7,ENSP00000357909,24,8,ENSPTRP00000002167,24,8,ENSMMUP00000010045,24,8,ENSGGOP00000021928,24,8,ENSMUSP00000088333,25,8,ENSBTAP00000009575,23,7,NULL,NA,NA,ENSXETP00000012836,NA,NA
ENSRNOP00000010594,17,5,ENSP00000357072,18,7,ENSPTRP00000002583,18,7,ENSMMUP00000055551,NA,NA,NULL,NA,NA,ENSMUSP00000027830,17,5,ENSBTAP00000033967,NA,NA,NULL,NA,NA,NULL,NA,NA
ENSRNOP00000026992,23,5,ENSP00000253719,24,5,ENSPTRP00000048532,NA,NA,ENSMMUP00000023897,25,6,ENSGGOP00000021039,24,5,ENSMUSP00000002274,21,6,ENSBTAP00000008917,18,7,NULL,NA,NA,ENSXETP00000006320,NA,NA
ENSRNOP00000014666,27,5,ENSP00000362870,22,5,ENSPTRP00000000785,25,5,NULL,NA,NA,ENSGGOP00000007655,25,5,ENSMUSP00000099636,29,9,ENSBTAP00000040771,26,5,ENSGALP00000057052,NA,NA,ENSXETP00000013062,NA,NA
ENSRNOP00000037510,34,8,ENSP00000345175,26,7,ENSPTRP00000018046,NA,NA,ENSMMUP00000046858,NA,NA,ENSGGOP00000023252,26,7,ENSMUSP00000091073,20,6,ENSBTAP00000007981,23,8,NULL,NA,NA,NULL,NA,NA
ENSRNOP00000012110,20,5,ENSP00000302274,NA,NA,ENSPTRP00000006210,NA,NA,ENSMMUP00000005746,NA,NA,ENSGGOP00000014046,NA,NA,ENSMUSP00000107091,16,5,NULL,NA,NA,ENSGALP00000013100,NA,NA,ENSXETP00000043133,NA,NA
ENSRNOP00000067376,20,5,NULL,NA,NA,NULL,NA,NA,NULL,NA,NA,NULL,NA,NA,ENSMUSP00000062011,20,5,NULL,NA,NA,NULL,NA,NA,NULL,NA,NA
ENSRNOP00000018603,30,8,ENSP00000299705,27,7,ENSPTRP00000012574,21,8,ENSMMUP00000045718,NA,NA,ENSGGOP00000009731,29,8,ENSMUSP00000058723,25,7,ENSBTAP00000001068,27,7,ENSGALP00000013449,NA,NA,NULL,NA,NA
ENSRNOP00000014860,36,7,ENSP00000264914,38,7,ENSPTRP00000054793,40,9,ENSMMUP00000060539,NA,NA,ENSGGOP00000010190,40,9,ENSMUSP00000088964,6,216,ENSBTAP00000010988,38,8,ENSGALP00000037820,NA,NA,ENSXETP00000001181,NA,NA
ENSRNOP00000025349,15,7,ENSP00000369017,NA,NA,ENSPTRP00000018236,NA,NA,ENSMMUP00000046452,NA,NA,NULL,NA,NA,ENSMUSP00000034261,NA,NA,ENSBTAP00000027848,NA,NA,NULL,NA,NA,NULL,NA,NA
ENSRNOP00000052329,20,7,ENSP00000370673,NA,NA,ENSPTRP00000050127,NA,NA,ENSMMUP00000040052,NA,NA,ENSGGOP00000002785,NA,NA,ENSMUSP00000098343,18,5,ENSBTAP00000055069,NA,NA,ENSGALP00000041843,NA,NA,ENSXETP00000062739,NA,NA
ENSRNOP00000067018,19,6,NULL,NA,NA,NULL,NA,NA,NULL,NA,NA,ENSGGOP00000020262,NA,NA,ENSMUSP00000076899,19,6,ENSBTAP00000055096,NA,NA,NULL,NA,NA,NULL,NA,NA
ENSRNOP00000070049,21,6,ENSP00000400365,22,6,ENSPTRP00000031732,22,6,ENSMMUP00000058340,NA,NA,ENSGGOP00000004819,NA,NA,ENSMUSP00000090304,19,6,ENSBTAP00000053179,NA,NA,ENSGALP00000054625,NA,NA,ENSXETP00000032590,NA,NA
ENSRNOP00000052963,52,12,ENSP00000418875,39,8,ENSPTRP00000025615,39,8,ENSMMUP00000027983,38,7,ENSGGOP00000018840,NA,NA,ENSMUSP00000059668,47,12,ENSBTAP00000047813,42,6,NULL,NA,NA,NULL,NA,NA
ENSRNOP00000026580,21,6,ENSP00000333298,28,10,ENSPTRP00000053314,28,10,ENSMMUP00000012814,25,9,ENSGGOP00000025011,28,5,ENSMUSP00000033824,24,6,ENSBTAP00000042536,26,5,ENSGALP00000052871,NA,NA,ENSXETP00000004187,NA,NA
ENSRNOP00000039605,24,5,ENSP00000259951,21,5,ENSPTRP00000055208,24,5,ENSMMUP00000059702,NA,NA,ENSGGOP00000018173,NA,NA,ENSMUSP00000078138,21,5,NULL,NA,NA,ENSGALP00000058295,NA,NA,ENSXETP00000038903,NA,NA
ENSRNOP00000021630,26,5,ENSP00000219454,31,6,ENSPTRP00000039477,31,6,ENSMMUP00000005923,NA,NA,ENSGGOP00000013489,31,6,ENSMUSP00000024107,NA,NA,NULL,NA,NA,ENSGALP00000008818,NA,NA,ENSXETP00000029087,NA,NA
ENSRNOP00000071413,19,5,ENSP00000366233,19,6,NULL,NA,NA,ENSMMUP00000059207,NA,NA,ENSGGOP00000024094,19,6,ENSMUSP00000025338,19,5,ENSBTAP00000022907,19,6,NULL,NA,NA,ENSXETP00000043889,NA,NA
ENSRNOP00000068821,31,6,ENSP00000164024,32,6,ENSPTRP00000025713,NA,NA,ENSMMUP00000019312,32,6,ENSGGOP00000016301,32,6,ENSMUSP00000024238,31,6,ENSBTAP00000029126,33,5,ENSGALP00000048221,NA,NA,ENSXETP00000035303,NA,NA
ENSRNOP00000018179,22,5,ENSP00000350630,25,5,ENSPTRP00000004890,25,5,ENSMMUP00000020803,24,5,ENSGGOP00000018130,25,5,ENSMUSP00000025986,21,5,ENSBTAP00000015593,NA,NA,ENSGALP00000008841,NA,NA,ENSXETP00000016336,NA,NA
ENSRNOP00000066593,45,9,ENSP00000315731,45,6,ENSPTRP00000016704,NA,NA,ENSMMUP00000001476,NA,NA,ENSGGOP00000005516,NA,NA,ENSMUSP00000038126,45,9,ENSBTAP00000006285,42,5,ENSGALP00000041582,NA,NA,ENSXETP00000020278,NA,NA
ENSRNOP00000056412,18,6,ENSP00000216341,NA,NA,ENSPTRP00000010567,NA,NA,ENSMMUP00000054046,NA,NA,ENSGGOP00000012666,NA,NA,ENSMUSP00000015581,18,5,ENSBTAP00000013262,NA,NA,NULL,NA,NA,ENSXETP00000037000,NA,NA
ENSRNOP00000060294,21,10,ENSP00000479745,NA,NA,NULL,NA,NA,ENSMMUP00000044649,NA,NA,NULL,NA,NA,ENSMUSP00000138773,19,8,NULL,NA,NA,NULL,NA,NA,NULL,NA,NA
ENSRNOP00000031592,37,6,ENSP00000280481,46,9,ENSPTRP00000009878,46,9,ENSMMUP00000003636,47,10,NULL,NA,NA,ENSMUSP00000088670,39,8,ENSBTAP00000022647,46,5,ENSGALP00000051301,NA,NA,ENSXETP00000034913,NA,NA
ENSRNOP00000010218,26,8,ENSP00000354612,NA,NA,ENSPTRP00000048987,NA,NA,ENSMMUP00000016924,24,7,ENSGGOP00000009159,NA,NA,ENSMUSP00000059977,27,7,ENSBTAP00000008833,24,6,ENSGALP00000034260,NA,NA,ENSXETP00000035659,NA,NA
ENSRNOP00000025150,33,7,ENSP00000437790,34,7,ENSPTRP00000023342,34,8,ENSMMUP00000005970,NA,NA,ENSGGOP00000016884,NA,NA,ENSMUSP00000066864,NA,NA,ENSBTAP00000007452,25,10,ENSGALP00000011656,NA,NA,ENSXETP00000019011,NA,NA
ENSRNOP00000074258,27,5,ENSP00000480615,27,6,NULL,NA,NA,ENSMMUP00000035897,NA,NA,ENSGGOP00000010396,27,6,ENSMUSP00000052816,27,7,ENSBTAP00000047985,NA,NA,NULL,NA,NA,NULL,NA,NA
ENSRNOP00000058574,27,5,ENSP00000392423,NA,NA,ENSPTRP00000056975,NA,NA,ENSMMUP00000048922,NA,NA,ENSGGOP00000002270,NA,NA,ENSMUSP00000124052,NA,NA,ENSBTAP00000004768,NA,NA,ENSGALP00000013329,NA,NA,ENSXETP00000050071,NA,NA
ENSRNOP00000000500,27,9,ENSP00000378877,26,5,ENSPTRP00000030753,26,5,ENSMMUP00000033990,26,5,ENSGGOP00000017110,26,5,ENSMUSP00000048573,27,9,ENSBTAP00000005821,5,97,NULL,NA,NA,ENSXETP00000011398,NA,NA
ENSRNOP00000043041,25,6,ENSP00000383382,25,6,ENSPTRP00000057066,25,6,ENSMMUP00000041399,NA,NA,ENSGGOP00000026787,25,6,ENSMUSP00000059270,33,6,ENSBTAP00000049498,23,6,ENSGALP00000034170,NA,NA,ENSXETP00000061213,NA,NA
ENSRNOP00000018310,33,5,ENSP00000369081,32,6,ENSPTRP00000039310,NA,NA,ENSMMUP00000028456,NA,NA,ENSGGOP00000000892,NA,NA,ENSMUSP00000041839,33,5,ENSBTAP00000025617,NA,NA,ENSGALP00000020830,NA,NA,ENSXETP00000044191,NA,NA
ENSRNOP00000067668,26,6,ENSP00000467290,25,8,ENSPTRP00000017536,25,8,ENSMMUP00000043425,NA,NA,NULL,NA,NA,ENSMUSP00000130985,26,5,ENSBTAP00000003619,25,8,ENSGALP00000001772,26,5,ENSXETP00000047775,NA,NA
ENSRNOP00000066885,24,5,ENSP00000245907,22,6,ENSPTRP00000017648,22,6,ENSMMUP00000031926,NA,NA,ENSGGOP00000024983,NA,NA,ENSMUSP00000024988,24,5,ENSBTAP00000022979,22,6,ENSGALP00000055047,NA,NA,ENSXETP00000037599,NA,NA
ENSRNOP00000012334,36,8,ENSP00000360882,36,6,NULL,NA,NA,ENSMMUP00000015944,NA,NA,ENSGGOP00000011189,38,7,ENSMUSP00000028280,NA,NA,ENSBTAP00000054985,NA,NA,ENSGALP00000051075,NA,NA,ENSXETP00000048340,NA,NA
ENSRNOP00000066002,23,5,ENSP00000296255,24,5,ENSPTRP00000026461,24,5,ENSMMUP00000024084,24,5,ENSGGOP00000013629,24,5,ENSMUSP00000032143,25,7,ENSBTAP00000049552,NA,NA,ENSGALP00000009487,NA,NA,ENSXETP00000035266,NA,NA
ENSRNOP00000015680,29,6,ENSP00000256759,29,6,ENSPTRP00000028891,29,6,ENSMMUP00000006461,29,6,ENSGGOP00000002927,29,6,ENSMUSP00000022287,29,6,ENSBTAP00000004318,29,6,ENSGALP00000023997,NA,NA,ENSXETP00000050531,NA,NA
ENSRNOP00000005490,24,6,ENSP00000306864,23,5,ENSPTRP00000053783,23,5,ENSMMUP00000061074,NA,NA,ENSGGOP00000019138,23,5,ENSMUSP00000045162,24,6,ENSBTAP00000055273,26,5,ENSGALP00000012650,23,7,ENSXETP00000037686,NA,NA
ENSRNOP00000022809,27,10,ENSP00000417404,NA,NA,ENSPTRP00000056517,NA,NA,ENSMMUP00000049209,NA,NA,ENSGGOP00000006230,NA,NA,ENSMUSP00000089298,26,8,ENSBTAP00000017371,NA,NA,ENSGALP00000058295,NA,NA,ENSXETP00000038903,NA,NA
ENSRNOP00000068332,19,5,ENSP00000356162,NA,NA,ENSPTRP00000003156,NA,NA,ENSMMUP00000004863,NA,NA,ENSGGOP00000018721,NA,NA,ENSMUSP00000007433,19,5,ENSBTAP00000028248,NA,NA,NULL,NA,NA,ENSXETP00000058854,NA,NA
ENSRNOP00000020130,22,6,ENSP00000401513,21,11,ENSPTRP00000011955,22,8,ENSMMUP00000028758,22,8,ENSGGOP00000004567,22,8,ENSMUSP00000039378,22,5,ENSBTAP00000009875,NA,NA,NULL,NA,NA,ENSXETP00000061583,NA,NA
ENSRNOP00000028322,24,7,ENSP00000311905,NA,NA,ENSPTRP00000018880,NA,NA,ENSMMUP00000027378,NA,NA,ENSGGOP00000022860,NA,NA,ENSMUSP00000037536,24,7,ENSBTAP00000055091,NA,NA,NULL,NA,NA,ENSXETP00000036971,NA,NA
ENSRNOP00000000513,20,6,ENSP00000364163,23,11,ENSPTRP00000059022,21,9,ENSMMUP00000024287,22,8,ENSGGOP00000002300,19,11,ENSMUSP00000015612,20,7,ENSBTAP00000046844,21,5,NULL,NA,NA,ENSXETP00000058680,NA,NA
ENSRNOP00000059348,21,5,ENSP00000482705,NA,NA,ENSPTRP00000051099,NA,NA,ENSMMUP00000009839,NA,NA,ENSGGOP00000026244,NA,NA,ENSMUSP00000097770,NA,NA,ENSBTAP00000002836,NA,NA,ENSGALP00000003213,NA,NA,ENSXETP00000054572,NA,NA
ENSRNOP00000069611,21,7,ENSP00000427552,20,6,ENSPTRP00000030612,20,6,ENSMMUP00000034146,NA,NA,ENSGGOP00000014367,20,6,ENSMUSP00000112570,21,7,ENSBTAP00000014143,20,6,NULL,NA,NA,ENSXETP00000051961,NA,NA
ENSRNOP00000074929,27,5,ENSP00000383558,26,8,ENSPTRP00000056951,26,8,ENSMMUP00000000352,26,8,ENSGGOP00000017426,26,8,ENSMUSP00000026119,27,6,ENSBTAP00000004926,25,5,ENSGALP00000018272,21,6,ENSXETP00000011944,NA,NA
ENSRNOP00000041634,44,6,ENSP00000344468,46,6,ENSPTRP00000044655,NA,NA,ENSMMUP00000017780,NA,NA,ENSGGOP00000018215,NA,NA,ENSMUSP00000065877,44,6,ENSBTAP00000037854,NA,NA,ENSGALP00000051243,NA,NA,ENSXETP00000015457,NA,NA
ENSRNOP00000015468,17,5,ENSP00000352601,16,6,ENSPTRP00000043217,NA,NA,ENSMMUP00000021179,17,7,ENSGGOP00000015315,16,6,ENSMUSP00000022782,NA,NA,ENSBTAP00000021782,NA,NA,NULL,NA,NA,ENSXETP00000048946,NA,NA
ENSRNOP00000056899,19,5,ENSP00000353238,19,5,ENSPTRP00000053631,19,5,ENSMMUP00000021230,19,5,ENSGGOP00000004539,19,5,ENSMUSP00000049534,NA,NA,ENSBTAP00000037201,NA,NA,NULL,NA,NA,NULL,NA,NA
ENSRNOP00000075366,41,7,ENSP00000424544,41,7,ENSPTRP00000059071,41,7,ENSMMUP00000032220,41,7,ENSGGOP00000020427,NA,NA,ENSMUSP00000148134,NA,NA,ENSBTAP00000012110,41,7,ENSGALP00000022195,36,9,ENSXETP00000000404,NA,NA
ENSRNOP00000043530,23,8,ENSP00000479679,NA,NA,NULL,NA,NA,ENSMMUP00000008299,NA,NA,ENSGGOP00000006221,NA,NA,ENSMUSP00000099135,NA,NA,ENSBTAP00000054815,NA,NA,NULL,NA,NA,ENSXETP00000032786,NA,NA
ENSRNOP00000021840,35,6,ENSP00000349437,NA,NA,ENSPTRP00000032027,NA,NA,ENSMMUP00000020544,NA,NA,ENSGGOP00000001641,NA,NA,ENSMUSP00000024599,35,7,ENSBTAP00000037502,47,8,ENSGALP00000052118,NA,NA,ENSXETP00000061077,NA,NA
ENSRNOP00000016167,23,7,ENSP00000269228,22,6,ENSPTRP00000016869,22,6,ENSMMUP00000028303,29,6,ENSGGOP00000028237,33,6,ENSMUSP00000025279,22,6,ENSBTAP00000020219,22,5,ENSGALP00000024194,31,5,ENSXETP00000037451,NA,NA
ENSRNOP00000013619,24,5,ENSP00000333358,NA,NA,ENSPTRP00000010348,NA,NA,ENSMMUP00000025147,NA,NA,NULL,NA,NA,ENSMUSP00000022424,NA,NA,ENSBTAP00000043940,26,5,NULL,NA,NA,NULL,NA,NA
ENSRNOP00000066096,27,6,ENSP00000351345,NA,NA,ENSPTRP00000042152,NA,NA,ENSMMUP00000052068,NA,NA,ENSGGOP00000002344,NA,NA,ENSMUSP00000137420,NA,NA,NULL,NA,NA,NULL,NA,NA,NULL,NA,NA
ENSRNOP00000023887,23,8,ENSP00000369798,23,8,ENSPTRP00000050875,23,8,ENSMMUP00000022961,23,8,ENSGGOP00000016393,23,8,ENSMUSP00000049678,23,5,ENSBTAP00000046927,23,5,ENSGALP00000051792,NA,NA,ENSXETP00000035550,20,6
ENSRNOP00000066310,32,6,ENSP00000391748,19,5,ENSPTRP00000033347,16,6,ENSMMUP00000048617,NA,NA,ENSGGOP00000005246,NA,NA,ENSMUSP00000106606,NA,NA,ENSBTAP00000001412,NA,NA,NULL,NA,NA,NULL,NA,NA
ENSRNOP00000012455,25,5,ENSP00000363603,27,6,ENSPTRP00000000591,27,6,ENSMMUP00000005638,29,8,ENSGGOP00000006589,27,5,ENSMUSP00000030434,15,8,ENSBTAP00000040572,21,5,ENSGALP00000006529,NA,NA,ENSXETP00000060749,NA,NA
ENSRNOP00000010627,35,7,ENSP00000290866,29,5,ENSPTRP00000038991,NA,NA,ENSMMUP00000056909,NA,NA,ENSGGOP00000021381,NA,NA,ENSMUSP00000001963,NA,NA,ENSBTAP00000053314,NA,NA,ENSGALP00000039731,NA,NA,ENSXETP00000011659,NA,NA
ENSRNOP00000065601,19,5,ENSP00000262551,19,6,ENSPTRP00000036078,19,5,ENSMMUP00000006166,19,5,ENSGGOP00000006065,19,5,ENSMUSP00000021822,NA,NA,ENSBTAP00000055245,NA,NA,ENSGALP00000043060,NA,NA,ENSXETP00000045198,19,5
ENSRNOP00000007821,24,6,ENSP00000439250,24,6,ENSPTRP00000032579,24,6,ENSMMUP00000047178,NA,NA,ENSGGOP00000007308,NA,NA,ENSMUSP00000031795,24,6,ENSBTAP00000033613,26,6,ENSGALP00000057961,NA,NA,ENSXETP00000044050,NA,NA
ENSRNOP00000057187,21,5,NULL,NA,NA,NULL,NA,NA,NULL,NA,NA,NULL,NA,NA,ENSMUSP00000129404,NA,NA,ENSBTAP00000056241,22,6,NULL,NA,NA,NULL,NA,NA
ENSRNOP00000072184,27,9,ENSP00000378877,26,5,ENSPTRP00000030753,26,5,ENSMMUP00000033990,26,5,ENSGGOP00000017110,26,5,ENSMUSP00000048573,27,9,ENSBTAP00000005821,5,97,NULL,NA,NA,ENSXETP00000011398,NA,NA
ENSRNOP00000010028,25,6,ENSP00000357065,27,5,ENSPTRP00000051684,NA,NA,ENSMMUP00000038601,28,6,ENSGGOP00000004845,27,5,ENSMUSP00000041232,25,6,ENSBTAP00000013165,NA,NA,NULL,NA,NA,ENSXETP00000027186,NA,NA
ENSRNOP00000028177,23,6,ENSP00000308032,22,5,ENSPTRP00000018921,22,5,ENSMMUP00000031593,NA,NA,ENSGGOP00000009936,22,5,ENSMUSP00000041175,31,8,ENSBTAP00000024282,NA,NA,NULL,NA,NA,ENSXETP00000019347,NA,NA
ENSRNOP00000021817,24,7,ENSP00000319739,NA,NA,ENSPTRP00000057340,NA,NA,ENSMMUP00000010763,NA,NA,ENSGGOP00000028006,NA,NA,ENSMUSP00000109915,NA,NA,ENSBTAP00000020950,NA,NA,ENSGALP00000048094,NA,NA,ENSXETP00000013263,NA,NA
ENSRNOP00000006961,30,6,ENSP00000261023,NA,NA,ENSPTRP00000048970,NA,NA,ENSMMUP00000060399,NA,NA,ENSGGOP00000004877,NA,NA,ENSMUSP00000028499,30,5,ENSBTAP00000026553,30,5,ENSGALP00000004173,NA,NA,ENSXETP00000029197,NA,NA
ENSRNOP00000068097,19,6,NULL,NA,NA,NULL,NA,NA,NULL,NA,NA,ENSGGOP00000020262,NA,NA,ENSMUSP00000076899,19,6,ENSBTAP00000055096,NA,NA,NULL,NA,NA,NULL,NA,NA
ENSRNOP00000020972,23,5,ENSP00000359664,NA,NA,ENSPTRP00000001560,NA,NA,ENSMMUP00000013242,NA,NA,ENSGGOP00000015353,NA,NA,ENSMUSP00000059167,NA,NA,ENSBTAP00000007603,NA,NA,ENSGALP00000014261,NA,NA,ENSXETP00000059660,NA,NA
ENSRNOP00000066744,27,6,ENSP00000370593,20,6,ENSPTRP00000049466,20,6,ENSMMUP00000009134,20,6,ENSGGOP00000017511,20,6,ENSMUSP00000133468,NA,NA,ENSBTAP00000013433,NA,NA,ENSGALP00000024246,NA,NA,ENSXETP00000025863,NA,NA
ENSRNOP00000026190,20,5,ENSP00000375881,22,7,ENSPTRP00000022287,21,6,ENSMMUP00000009167,20,5,ENSGGOP00000005541,21,6,ENSMUSP00000108895,NA,NA,ENSBTAP00000040934,NA,NA,ENSGALP00000012662,NA,NA,ENSXETP00000049273,NA,NA
ENSRNOP00000040646,28,8,ENSP00000348912,27,10,ENSPTRP00000039913,28,10,ENSMMUP00000037566,29,9,ENSGGOP00000016554,28,10,ENSMUSP00000105861,NA,NA,ENSBTAP00000017511,30,5,ENSGALP00000044183,NA,NA,ENSXETP00000005550,NA,NA
ENSRNOP00000071922,28,9,ENSP00000315731,45,6,ENSPTRP00000016704,NA,NA,ENSMMUP00000001476,NA,NA,ENSGGOP00000005516,NA,NA,ENSMUSP00000038126,45,9,ENSBTAP00000006285,42,5,ENSGALP00000041582,NA,NA,ENSXETP00000020278,NA,NA
ENSRNOP00000005983,34,5,ENSP00000280527,34,5,ENSPTRP00000020306,NA,NA,ENSMMUP00000055837,NA,NA,ENSGGOP00000011706,NA,NA,ENSMUSP00000108117,34,5,ENSBTAP00000011877,34,5,ENSGALP00000049021,NA,NA,ENSXETP00000022789,NA,NA
ENSRNOP00000060613,21,5,ENSP00000363268,NA,NA,ENSPTRP00000053844,NA,NA,ENSMMUP00000047472,NA,NA,ENSGGOP00000017188,NA,NA,ENSMUSP00000132997,NA,NA,ENSBTAP00000007934,NA,NA,NULL,NA,NA,NULL,NA,NA
ENSRNOP00000001849,23,6,ENSP00000292377,19,6,ENSPTRP00000056162,NA,NA,NULL,NA,NA,ENSGGOP00000022569,23,6,ENSMUSP00000125178,23,6,ENSBTAP00000011679,20,6,NULL,NA,NA,ENSXETP00000008676,NA,NA
ENSRNOP00000038520,23,7,ENSP00000427279,34,6,ENSPTRP00000027777,34,6,ENSMMUP00000010972,34,6,ENSGGOP00000008540,34,6,ENSMUSP00000031326,27,5,ENSBTAP00000043331,31,5,NULL,NA,NA,NULL,NA,NA
ENSRNOP00000045388,21,5,ENSP00000259951,21,5,ENSPTRP00000055208,24,5,ENSMMUP00000059702,NA,NA,ENSGGOP00000018173,NA,NA,ENSMUSP00000078138,21,5,NULL,NA,NA,ENSGALP00000058295,NA,NA,ENSXETP00000038903,NA,NA
ENSRNOP00000057830,21,5,ENSP00000259951,21,5,ENSPTRP00000055208,24,5,ENSMMUP00000059702,NA,NA,ENSGGOP00000018173,NA,NA,ENSMUSP00000078138,21,5,NULL,NA,NA,ENSGALP00000058295,NA,NA,ENSXETP00000038903,NA,NA
ENSRNOP00000006921,25,5,ENSP00000384604,NA,NA,ENSPTRP00000019954,NA,NA,ENSMMUP00000022499,NA,NA,ENSGGOP00000013971,NA,NA,ENSMUSP00000070037,25,5,NULL,NA,NA,ENSGALP00000026347,NA,NA,ENSXETP00000063917,NA,NA
ENSRNOP00000068258,27,6,ENSP00000329040,NA,NA,ENSPTRP00000012774,NA,NA,NULL,NA,NA,ENSGGOP00000005278,NA,NA,ENSMUSP00000103080,27,6,ENSBTAP00000031187,NA,NA,ENSGALP00000011142,NA,NA,NULL,NA,NA
ENSRNOP00000057888,27,7,ENSP00000330442,21,5,ENSPTRP00000020244,21,5,ENSMMUP00000010958,NA,NA,ENSGGOP00000016423,NA,NA,ENSMUSP00000144040,27,7,ENSBTAP00000024845,NA,NA,ENSGALP00000016277,NA,NA,ENSXETP00000026768,NA,NA
ENSRNOP00000050784,25,6,ENSP00000306100,NA,NA,ENSPTRP00000048133,NA,NA,ENSMMUP00000010305,NA,NA,ENSGGOP00000009107,NA,NA,ENSMUSP00000095228,24,5,ENSBTAP00000016466,NA,NA,ENSGALP00000024573,NA,NA,ENSXETP00000051434,NA,NA
ENSRNOP00000064699,26,5,ENSP00000216223,NA,NA,ENSPTRP00000024676,NA,NA,ENSMMUP00000007156,NA,NA,ENSGGOP00000002222,NA,NA,ENSMUSP00000086820,NA,NA,ENSBTAP00000021747,27,5,ENSGALP00000020354,NA,NA,NULL,NA,NA
ENSRNOP00000013730,32,7,ENSP00000364902,25,5,ENSPTRP00000022931,25,5,ENSMMUP00000008312,26,5,ENSGGOP00000012550,25,5,ENSMUSP00000053122,31,7,ENSBTAP00000021595,31,6,ENSGALP00000038505,NA,NA,ENSXETP00000036294,33,6
ENSRNOP00000014388,24,6,ENSP00000380901,21,6,ENSPTRP00000001752,21,6,ENSMMUP00000015782,27,6,ENSGGOP00000003705,21,6,ENSMUSP00000070270,24,6,ENSBTAP00000013427,29,7,ENSGALP00000003607,26,7,ENSXETP00000009543,NA,NA
ENSRNOP00000013045,20,5,ENSP00000450838,20,5,ENSPTRP00000011391,20,5,ENSMMUP00000046566,NA,NA,ENSGGOP00000016583,20,5,NULL,NA,NA,ENSBTAP00000051229,18,5,ENSGALP00000017843,NA,NA,ENSXETP00000050399,NA,NA
ENSRNOP00000002187,54,5,ENSP00000284984,NA,NA,ENSPTRP00000023798,NA,NA,NULL,NA,NA,ENSGGOP00000007199,NA,NA,ENSMUSP00000023610,54,5,ENSBTAP00000000944,NA,NA,ENSGALP00000044909,NA,NA,ENSXETP00000064078,NA,NA
ENSRNOP00000035420,32,10,ENSP00000362734,28,5,ENSPTRP00000041706,28,5,ENSMMUP00000008370,31,8,ENSGGOP00000025205,NA,NA,ENSMUSP00000058007,35,13,ENSBTAP00000040914,31,8,ENSGALP00000037962,NA,NA,ENSXETP00000016534,NA,NA
ENSRNOP00000070961,20,5,ENSP00000301258,NA,NA,ENSPTRP00000035285,NA,NA,ENSMMUP00000031897,NA,NA,ENSGGOP00000003746,NA,NA,ENSMUSP00000023265,NA,NA,ENSBTAP00000055128,NA,NA,NULL,NA,NA,NULL,NA,NA
ENSRNOP00000003268,21,6,ENSP00000378957,38,5,NULL,NA,NA,ENSMMUP00000056999,NA,NA,ENSGGOP00000005920,37,5,ENSMUSP00000070848,NA,NA,ENSBTAP00000008130,20,5,NULL,NA,NA,ENSXETP00000013749,NA,NA
ENSRNOP00000072323,25,5,NULL,NA,NA,NULL,NA,NA,NULL,NA,NA,NULL,NA,NA,ENSMUSP00000126779,33,6,NULL,NA,NA,NULL,NA,NA,ENSXETP00000005567,NA,NA
ENSRNOP00000015242,30,9,ENSP00000360597,26,8,ENSPTRP00000036986,28,10,NULL,NA,NA,ENSGGOP00000004826,25,7,ENSMUSP00000028337,26,5,ENSBTAP00000056192,NA,NA,NULL,NA,NA,NULL,NA,NA
ENSRNOP00000009960,50,6,ENSP00000422185,50,8,ENSPTRP00000027376,NA,NA,ENSMMUP00000035454,NA,NA,ENSGGOP00000015433,NA,NA,ENSMUSP00000041828,51,6,ENSBTAP00000053694,NA,NA,ENSGALP00000049193,NA,NA,ENSXETP00000049513,NA,NA
ENSRNOP00000017629,40,6,ENSP00000219271,NA,NA,ENSPTRP00000013957,NA,NA,ENSMMUP00000009248,NA,NA,ENSGGOP00000000024,NA,NA,ENSMUSP00000034243,NA,NA,ENSBTAP00000017168,NA,NA,ENSGALP00000055346,NA,NA,ENSXETP00000034768,NA,NA
ENSRNOP00000023708,23,6,ENSP00000331411,NA,NA,ENSPTRP00000021175,NA,NA,ENSMMUP00000054286,NA,NA,ENSGGOP00000013497,NA,NA,ENSMUSP00000105953,23,6,ENSBTAP00000012159,NA,NA,NULL,NA,NA,ENSXETP00000030164,NA,NA
ENSRNOP00000075556,18,6,ENSP00000216341,NA,NA,ENSPTRP00000010567,NA,NA,ENSMMUP00000054046,NA,NA,ENSGGOP00000012666,NA,NA,ENSMUSP00000015581,18,5,ENSBTAP00000013262,NA,NA,NULL,NA,NA,ENSXETP00000037000,NA,NA
ENSRNOP00000070386,19,5,ENSP00000366233,19,6,NULL,NA,NA,ENSMMUP00000059207,NA,NA,ENSGGOP00000024094,19,6,ENSMUSP00000025338,19,5,ENSBTAP00000022907,19,6,NULL,NA,NA,ENSXETP00000043889,NA,NA
ENSRNOP00000048924,30,5,ENSP00000367794,5,97,ENSPTRP00000037386,5,97,ENSMMUP00000017254,NA,NA,ENSGGOP00000020741,5,97,ENSMUSP00000047926,NA,NA,ENSBTAP00000005604,25,5,ENSGALP00000049897,NA,NA,ENSXETP00000018780,NA,NA
ENSRNOP00000072905,38,7,ENSP00000296444,28,7,ENSPTRP00000025686,28,7,ENSMMUP00000044704,NA,NA,ENSGGOP00000021511,28,7,ENSMUSP00000107690,26,8,ENSBTAP00000012101,26,6,ENSGALP00000057667,NA,NA,NULL,NA,NA
ENSRNOP00000074328,21,7,ENSP00000427552,20,6,ENSPTRP00000030612,20,6,ENSMMUP00000034146,NA,NA,ENSGGOP00000014367,20,6,ENSMUSP00000112570,21,7,ENSBTAP00000014143,20,6,NULL,NA,NA,ENSXETP00000051961,NA,NA
ENSRNOP00000041900,21,5,ENSP00000259951,21,5,ENSPTRP00000055208,24,5,ENSMMUP00000059702,NA,NA,ENSGGOP00000018173,NA,NA,ENSMUSP00000078138,21,5,NULL,NA,NA,ENSGALP00000058295,NA,NA,ENSXETP00000038903,NA,NA
ENSRNOP00000050872,27,7,ENSP00000297293,26,6,ENSPTRP00000047818,26,6,ENSMMUP00000020303,NA,NA,ENSGGOP00000003005,27,7,ENSMUSP00000048238,26,7,ENSBTAP00000005412,NA,NA,ENSGALP00000005497,NA,NA,ENSXETP00000051846,NA,NA
ENSRNOP00000028854,28,8,ENSP00000348912,27,10,ENSPTRP00000039913,28,10,ENSMMUP00000037566,29,9,ENSGGOP00000016554,28,10,ENSMUSP00000105861,NA,NA,ENSBTAP00000017511,30,5,ENSGALP00000044183,NA,NA,ENSXETP00000005550,NA,NA
ENSRNOP00000073852,27,8,ENSP00000469613,26,7,ENSPTRP00000019392,NA,NA,ENSMMUP00000031527,NA,NA,ENSGGOP00000009899,26,7,ENSMUSP00000123506,27,8,ENSBTAP00000053945,27,8,NULL,NA,NA,NULL,NA,NA
ENSRNOP00000045001,33,9,ENSP00000429969,31,7,ENSPTRP00000005841,26,5,ENSMMUP00000058707,NA,NA,ENSGGOP00000024009,NA,NA,ENSMUSP00000102340,27,8,ENSBTAP00000027416,30,13,ENSGALP00000047342,NA,NA,ENSXETP00000009635,NA,NA
ENSRNOP00000069153,27,9,ENSP00000378877,26,5,ENSPTRP00000030753,26,5,ENSMMUP00000033990,26,5,ENSGGOP00000017110,26,5,ENSMUSP00000048573,27,9,ENSBTAP00000005821,5,97,NULL,NA,NA,ENSXETP00000011398,NA,NA
ENSRNOP00000025547,32,7,ENSP00000293330,33,8,ENSPTRP00000015664,32,8,ENSMMUP00000008448,33,8,ENSGGOP00000027101,33,8,ENSMUSP00000057578,32,7,ENSBTAP00000000875,33,8,ENSGALP00000018699,27,8,NULL,NA,NA
ENSRNOP00000029554,23,6,ENSP00000434849,22,6,ENSPTRP00000035431,22,6,ENSMMUP00000043527,NA,NA,ENSGGOP00000013987,22,9,ENSMUSP00000061906,23,6,ENSBTAP00000006543,NA,NA,NULL,NA,NA,ENSXETP00000024815,NA,NA
ENSRNOP00000053331,29,6,ENSP00000392511,27,6,ENSPTRP00000025199,28,7,ENSMMUP00000024045,28,6,ENSGGOP00000011909,28,7,ENSMUSP00000098620,27,6,ENSBTAP00000014379,28,5,NULL,NA,NA,ENSXETP00000063614,NA,NA
ENSRNOP00000049883,26,5,ENSP00000259951,21,5,ENSPTRP00000055208,24,5,ENSMMUP00000059702,NA,NA,ENSGGOP00000018173,NA,NA,ENSMUSP00000078927,NA,NA,NULL,NA,NA,ENSGALP00000058295,NA,NA,ENSXETP00000038903,NA,NA
ENSRNOP00000071475,21,7,ENSP00000427552,20,6,ENSPTRP00000030612,20,6,ENSMMUP00000034146,NA,NA,ENSGGOP00000014367,20,6,ENSMUSP00000112570,21,7,ENSBTAP00000014143,20,6,NULL,NA,NA,ENSXETP00000051961,NA,NA
ENSRNOP00000065834,19,6,NULL,NA,NA,NULL,NA,NA,NULL,NA,NA,ENSGGOP00000020262,NA,NA,ENSMUSP00000076899,19,6,ENSBTAP00000055096,NA,NA,NULL,NA,NA,NULL,NA,NA
ENSRNOP00000016481,27,6,ENSP00000329040,NA,NA,ENSPTRP00000012774,NA,NA,NULL,NA,NA,ENSGGOP00000005278,NA,NA,ENSMUSP00000103080,27,6,ENSBTAP00000031187,NA,NA,ENSGALP00000011142,NA,NA,NULL,NA,NA
ENSRNOP00000069421,22,5,ENSP00000315098,NA,NA,ENSPTRP00000010357,NA,NA,ENSMMUP00000002222,NA,NA,ENSGGOP00000016339,NA,NA,ENSMUSP00000098210,29,6,NULL,NA,NA,NULL,NA,NA,NULL,NA,NA
ENSRNOP00000039262,25,5,ENSP00000302324,23,5,ENSPTRP00000052810,23,5,ENSMMUP00000025631,23,5,ENSGGOP00000004990,23,5,ENSMUSP00000074386,27,5,ENSBTAP00000036092,NA,NA,ENSGALP00000031533,NA,NA,NULL,NA,NA
ENSRNOP00000004942,36,7,NULL,NA,NA,NULL,NA,NA,NULL,NA,NA,NULL,NA,NA,ENSMUSP00000120904,34,5,NULL,NA,NA,ENSGALP00000041195,31,7,ENSXETP00000040594,NA,NA
ENSRNOP00000021615,19,5,ENSP00000380855,NA,NA,ENSPTRP00000035506,NA,NA,ENSMMUP00000023645,NA,NA,ENSGGOP00000001654,NA,NA,ENSMUSP00000108195,NA,NA,ENSBTAP00000000103,NA,NA,ENSGALP00000049363,NA,NA,NULL,NA,NA
ENSRNOP00000046834,31,6,ENSP00000341051,NA,NA,ENSPTRP00000061275,NA,NA,ENSMMUP00000032322,NA,NA,ENSGGOP00000022679,NA,NA,ENSMUSP00000046546,NA,NA,ENSBTAP00000054305,NA,NA,ENSGALP00000041824,NA,NA,NULL,NA,NA
ENSRNOP00000004613,22,5,ENSP00000357106,24,7,ENSPTRP00000057979,22,5,ENSMMUP00000001734,NA,NA,ENSGGOP00000017963,NA,NA,ENSMUSP00000106851,22,5,ENSBTAP00000030478,NA,NA,ENSGALP00000048783,NA,NA,ENSXETP00000041942,NA,NA
ENSRNOP00000006357,22,6,ENSP00000383938,24,5,ENSPTRP00000056512,24,5,ENSMMUP00000043664,NA,NA,ENSGGOP00000007930,NA,NA,ENSMUSP00000024042,22,5,ENSBTAP00000054551,21,6,ENSGALP00000013913,31,7,ENSXETP00000031785,NA,NA
ENSRNOP00000059378,21,5,ENSP00000487363,NA,NA,ENSPTRP00000029822,NA,NA,ENSMMUP00000007351,NA,NA,ENSGGOP00000008673,NA,NA,ENSMUSP00000104851,21,5,ENSBTAP00000040403,20,5,ENSGALP00000054868,NA,NA,NULL,NA,NA
ENSRNOP00000021434,35,5,ENSP00000366275,NA,NA,ENSPTRP00000020980,NA,NA,ENSMMUP00000053934,NA,NA,ENSGGOP00000024467,NA,NA,ENSMUSP00000121317,NA,NA,ENSBTAP00000025574,NA,NA,ENSGALP00000047281,NA,NA,ENSXETP00000002693,NA,NA
ENSRNOP00000072158,27,6,ENSP00000449751,25,7,ENSPTRP00000008361,28,8,ENSMMUP00000043038,NA,NA,NULL,NA,NA,ENSMUSP00000003445,27,6,ENSBTAP00000021025,24,8,ENSGALP00000045576,NA,NA,ENSXETP00000021623,27,5
ENSRNOP00000070126,24,5,ENSP00000259951,21,5,ENSPTRP00000055208,24,5,ENSMMUP00000059702,NA,NA,ENSGGOP00000018173,NA,NA,ENSMUSP00000078138,21,5,NULL,NA,NA,ENSGALP00000058295,NA,NA,ENSXETP00000038903,NA,NA
ENSRNOP00000066299,26,5,ENSP00000317842,NA,NA,ENSPTRP00000014018,NA,NA,ENSMMUP00000059071,NA,NA,ENSGGOP00000017688,NA,NA,ENSMUSP00000063005,26,5,ENSBTAP00000032276,NA,NA,NULL,NA,NA,NULL,NA,NA
ENSRNOP00000027263,31,8,ENSP00000271332,31,9,ENSPTRP00000001803,NA,NA,ENSMMUP00000020161,NA,NA,ENSGGOP00000005153,NA,NA,ENSMUSP00000088046,31,8,ENSBTAP00000025033,27,7,ENSGALP00000057588,NA,NA,ENSXETP00000053739,NA,NA
ENSRNOP00000073041,22,5,ENSP00000363840,22,5,ENSPTRP00000047036,22,5,ENSMMUP00000005146,22,5,ENSGGOP00000009593,NA,NA,ENSMUSP00000084772,NA,NA,ENSBTAP00000000793,NA,NA,NULL,NA,NA,ENSXETP00000027837,NA,NA
ENSRNOP00000027346,22,5,ENSP00000261769,22,5,ENSPTRP00000014119,22,5,ENSMMUP00000042758,NA,NA,ENSGGOP00000005902,22,5,ENSMUSP00000000312,22,5,ENSBTAP00000021272,NA,NA,ENSGALP00000000855,26,5,ENSXETP00000035755,NA,NA
ENSRNOP00000018682,51,6,ENSP00000269503,51,6,ENSPTRP00000017170,51,6,ENSMMUP00000013661,51,6,ENSGGOP00000009139,51,6,ENSMUSP00000113695,51,6,ENSBTAP00000007856,51,6,ENSGALP00000042961,NA,NA,ENSXETP00000036745,NA,NA
ENSRNOP00000039057,21,5,ENSP00000259951,21,5,ENSPTRP00000055208,24,5,ENSMMUP00000059702,NA,NA,ENSGGOP00000018173,NA,NA,ENSMUSP00000078138,21,5,NULL,NA,NA,ENSGALP00000058295,NA,NA,ENSXETP00000038903,NA,NA
ENSRNOP00000025821,22,5,ENSP00000346158,22,5,ENSPTRP00000002015,22,5,ENSMMUP00000059181,NA,NA,ENSGGOP00000000544,22,5,ENSMUSP00000029469,22,5,ENSBTAP00000043040,NA,NA,NULL,NA,NA,ENSXETP00000061682,NA,NA
ENSRNOP00000046507,25,5,ENSP00000304845,NA,NA,ENSPTRP00000022339,NA,NA,NULL,NA,NA,NULL,NA,NA,ENSMUSP00000072803,29,5,ENSBTAP00000036928,27,5,NULL,NA,NA,NULL,NA,NA
ENSRNOP00000072208,21,5,ENSP00000259951,21,5,ENSPTRP00000055208,24,5,ENSMMUP00000059702,NA,NA,ENSGGOP00000018173,NA,NA,ENSMUSP00000078138,21,5,NULL,NA,NA,ENSGALP00000058295,NA,NA,ENSXETP00000038903,NA,NA
ENSRNOP00000075201,29,5,ENSP00000464145,33,6,ENSPTRP00000041878,32,5,ENSMMUP00000015630,NA,NA,ENSGGOP00000005772,32,5,ENSMUSP00000128621,29,5,ENSBTAP00000001351,33,7,ENSGALP00000009611,NA,NA,NULL,NA,NA
ENSRNOP00000018456,21,5,NULL,NA,NA,NULL,NA,NA,NULL,NA,NA,NULL,NA,NA,ENSMUSP00000017142,21,5,NULL,NA,NA,NULL,NA,NA,NULL,NA,NA
ENSRNOP00000020532,19,5,ENSP00000262551,19,6,ENSPTRP00000036078,19,5,ENSMMUP00000006166,19,5,ENSGGOP00000006065,19,5,ENSMUSP00000021822,NA,NA,ENSBTAP00000055245,NA,NA,ENSGALP00000043060,NA,NA,ENSXETP00000045198,19,5
ENSRNOP00000071970,21,6,ENSP00000271064,21,5,ENSPTRP00000052583,21,5,ENSMMUP00000046743,NA,NA,ENSGGOP00000018594,21,5,ENSMUSP00000101620,21,6,ENSBTAP00000037841,24,9,ENSGALP00000028353,NA,NA,ENSXETP00000038292,NA,NA
ENSRNOP00000034274,26,6,ENSP00000360829,NA,NA,ENSPTRP00000048682,NA,NA,ENSMMUP00000028313,NA,NA,ENSGGOP00000007687,NA,NA,ENSMUSP00000048642,NA,NA,ENSBTAP00000040449,NA,NA,NULL,NA,NA,NULL,NA,NA
ENSRNOP00000074039,19,5,ENSP00000391748,19,5,ENSPTRP00000033347,16,6,ENSMMUP00000048617,NA,NA,ENSGGOP00000005246,NA,NA,ENSMUSP00000106606,NA,NA,ENSBTAP00000001412,NA,NA,NULL,NA,NA,NULL,NA,NA
ENSRNOP00000021709,22,6,ENSP00000215368,26,6,ENSPTRP00000049164,NA,NA,NULL,NA,NA,ENSGGOP00000002305,NA,NA,ENSMUSP00000003154,22,6,ENSBTAP00000049002,26,6,ENSGALP00000045853,NA,NA,ENSXETP00000007111,NA,NA
ENSRNOP00000070132,36,8,ENSP00000360882,36,6,NULL,NA,NA,ENSMMUP00000015944,NA,NA,ENSGGOP00000011189,38,7,ENSMUSP00000028280,NA,NA,ENSBTAP00000054985,NA,NA,ENSGALP00000051075,NA,NA,ENSXETP00000048340,NA,NA
ENSRNOP00000026652,37,8,ENSP00000252809,NA,NA,ENSPTRP00000018266,NA,NA,NULL,NA,NA,ENSGGOP00000016515,NA,NA,ENSMUSP00000003808,37,8,ENSBTAP00000020744,NA,NA,NULL,NA,NA,ENSXETP00000059212,NA,NA
ENSRNOP00000007268,29,5,ENSP00000172229,28,7,ENSPTRP00000015928,NA,NA,ENSMMUP00000019165,28,7,ENSGGOP00000008241,28,7,ENSMUSP00000000122,31,9,ENSBTAP00000027940,30,9,ENSGALP00000046489,NA,NA,ENSXETP00000040325,NA,NA
ENSRNOP00000035888,24,5,ENSP00000478319,24,5,ENSPTRP00000011734,24,5,ENSMMUP00000002409,24,5,ENSGGOP00000023632,NA,NA,ENSMUSP00000097170,24,5,ENSBTAP00000056469,24,5,ENSGALP00000037126,NA,NA,ENSXETP00000039248,NA,NA
ENSRNOP00000050701,22,5,ENSP00000259951,21,5,ENSPTRP00000055208,24,5,ENSMMUP00000059702,NA,NA,ENSGGOP00000018173,NA,NA,ENSMUSP00000078138,21,5,NULL,NA,NA,ENSGALP00000058295,NA,NA,ENSXETP00000038903,NA,NA
ENSRNOP00000041797,23,7,ENSP00000432869,32,8,NULL,NA,NA,ENSMMUP00000003510,32,8,ENSGGOP00000002263,32,8,ENSMUSP00000135400,24,7,ENSBTAP00000012643,30,7,ENSGALP00000037568,NA,NA,ENSXETP00000002246,NA,NA
ENSRNOP00000026711,18,5,ENSP00000414287,29,5,ENSPTRP00000051376,15,5,NULL,NA,NA,ENSGGOP00000010331,29,5,ENSMUSP00000035211,18,5,ENSBTAP00000030635,18,5,ENSGALP00000004283,NA,NA,ENSXETP00000013078,NA,NA
ENSRNOP00000021826,28,5,ENSP00000345359,32,5,ENSPTRP00000051087,NA,NA,ENSMMUP00000000225,NA,NA,ENSGGOP00000000173,NA,NA,ENSMUSP00000058985,NA,NA,ENSBTAP00000041120,29,5,ENSGALP00000045661,NA,NA,NULL,NA,NA
ENSRNOP00000028130,29,5,ENSP00000296435,NA,NA,ENSPTRP00000025671,NA,NA,ENSMMUP00000013960,NA,NA,ENSGGOP00000012112,NA,NA,ENSMUSP00000107653,27,5,ENSBTAP00000034497,NA,NA,ENSGALP00000030658,NA,NA,NULL,NA,NA
ENSRNOP00000027860,22,6,ENSP00000357980,22,6,ENSPTRP00000005327,NA,NA,ENSMMUP00000011963,23,7,ENSGGOP00000004758,23,7,ENSMUSP00000006367,22,6,ENSBTAP00000011042,29,8,ENSGALP00000055952,NA,NA,ENSXETP00000033992,NA,NA
ENSRNOP00000071670,29,8,ENSP00000228506,28,6,ENSPTRP00000009408,29,7,ENSMMUP00000000258,31,6,ENSGGOP00000007065,28,6,ENSMUSP00000107749,29,8,ENSBTAP00000026715,33,6,ENSGALP00000011488,32,5,ENSXETP00000026811,NA,NA
ENSRNOP00000065416,21,8,NULL,NA,NA,NULL,NA,NA,NULL,NA,NA,NULL,NA,NA,NULL,NA,NA,ENSBTAP00000031648,19,8,NULL,NA,NA,NULL,NA,NA
ENSRNOP00000019072,25,5,ENSP00000317842,NA,NA,ENSPTRP00000014018,NA,NA,ENSMMUP00000059071,NA,NA,ENSGGOP00000017688,NA,NA,ENSMUSP00000126773,25,5,ENSBTAP00000032276,NA,NA,NULL,NA,NA,NULL,NA,NA
ENSRNOP00000065986,22,10,ENSP00000446355,NA,NA,NULL,NA,NA,NULL,NA,NA,NULL,NA,NA,ENSMUSP00000100447,NA,NA,NULL,NA,NA,NULL,NA,NA,NULL,NA,NA
ENSRNOP00000069951,21,5,NULL,NA,NA,NULL,NA,NA,NULL,NA,NA,NULL,NA,NA,ENSMUSP00000017142,21,5,NULL,NA,NA,NULL,NA,NA,NULL,NA,NA
ENSRNOP00000044478,26,5,ENSP00000317842,NA,NA,ENSPTRP00000014018,NA,NA,ENSMMUP00000059071,NA,NA,ENSGGOP00000017688,NA,NA,ENSMUSP00000049315,26,5,ENSBTAP00000032276,NA,NA,NULL,NA,NA,NULL,NA,NA
ENSRNOP00000018009,13,7,ENSP00000466134,14,5,ENSPTRP00000017915,14,5,ENSMMUP00000003116,14,5,ENSGGOP00000008437,14,5,ENSMUSP00000110987,14,8,ENSBTAP00000010787,13,7,NULL,NA,NA,ENSXETP00000059601,18,6
ENSRNOP00000016792,31,6,ENSP00000256255,NA,NA,ENSPTRP00000034456,NA,NA,ENSMMUP00000018585,NA,NA,ENSGGOP00000027365,NA,NA,ENSMUSP00000033933,NA,NA,ENSBTAP00000018052,30,6,ENSGALP00000018565,NA,NA,ENSXETP00000055286,NA,NA
ENSRNOP00000009269,39,5,ENSP00000350547,NA,NA,ENSPTRP00000043012,NA,NA,ENSMMUP00000049833,NA,NA,ENSGGOP00000012787,NA,NA,ENSMUSP00000000641,40,6,ENSBTAP00000009186,35,5,NULL,NA,NA,NULL,NA,NA
ENSRNOP00000050122,18,5,ENSP00000291707,18,7,ENSPTRP00000048511,NA,NA,ENSMMUP00000029581,19,7,ENSGGOP00000002760,15,6,ENSMUSP00000004728,NA,NA,ENSBTAP00000049861,NA,NA,NULL,NA,NA,ENSXETP00000023862,NA,NA
ENSRNOP00000026220,22,6,ENSP00000221496,NA,NA,ENSPTRP00000017388,NA,NA,NULL,NA,NA,ENSGGOP00000021688,NA,NA,ENSMUSP00000043153,NA,NA,ENSBTAP00000019912,NA,NA,ENSGALP00000051831,NA,NA,NULL,NA,NA
ENSRNOP00000046774,25,6,ENSP00000306100,NA,NA,ENSPTRP00000048133,NA,NA,ENSMMUP00000010305,NA,NA,ENSGGOP00000009107,NA,NA,ENSMUSP00000095228,24,5,ENSBTAP00000016466,NA,NA,ENSGALP00000024573,NA,NA,ENSXETP00000051434,NA,NA
ENSRNOP00000075600,21,5,ENSP00000470879,24,7,ENSPTRP00000018280,NA,NA,ENSMMUP00000013069,24,7,ENSGGOP00000018691,24,7,ENSMUSP00000043659,21,5,ENSBTAP00000010124,22,7,ENSGALP00000034392,NA,NA,ENSXETP00000024460,NA,NA
ENSRNOP00000005284,34,6,ENSP00000356030,NA,NA,ENSPTRP00000056033,NA,NA,ENSMMUP00000050092,NA,NA,ENSGGOP00000022016,NA,NA,ENSMUSP00000108107,NA,NA,ENSBTAP00000009178,NA,NA,ENSGALP00000056455,NA,NA,NULL,NA,NA
ENSRNOP00000047788,19,5,ENSP00000366233,19,6,NULL,NA,NA,ENSMMUP00000059207,NA,NA,ENSGGOP00000024094,19,6,ENSMUSP00000025338,19,5,ENSBTAP00000022907,19,6,NULL,NA,NA,ENSXETP00000043889,NA,NA
ENSRNOP00000037570,40,6,ENSP00000263388,39,5,ENSPTRP00000018116,39,5,ENSMMUP00000017928,NA,NA,ENSGGOP00000002228,NA,NA,ENSMUSP00000085016,39,5,ENSBTAP00000053357,40,5,NULL,NA,NA,ENSXETP00000005565,NA,NA
ENSRNOP00000051201,26,5,ENSP00000484631,26,5,ENSPTRP00000014987,26,5,ENSMMUP00000035182,26,5,ENSGGOP00000003098,26,5,ENSMUSP00000104342,26,5,ENSBTAP00000025389,26,5,ENSGALP00000050837,NA,NA,ENSXETP00000042337,NA,NA
ENSRNOP00000021677,22,7,ENSP00000386557,26,6,ENSPTRP00000017328,27,6,NULL,NA,NA,ENSGGOP00000023801,21,7,ENSMUSP00000037758,20,7,ENSBTAP00000056593,NA,NA,ENSGALP00000045303,NA,NA,ENSXETP00000056974,NA,NA
ENSRNOP00000030526,31,5,ENSP00000238044,31,5,ENSPTRP00000021098,31,5,ENSMMUP00000002269,31,5,ENSGGOP00000010732,31,5,ENSMUSP00000027217,31,5,ENSBTAP00000016771,31,5,ENSGALP00000050517,NA,NA,ENSXETP00000046848,NA,NA
ENSRNOP00000013257,30,7,ENSP00000421801,35,10,ENSPTRP00000027328,35,10,ENSMMUP00000009392,33,8,ENSGGOP00000010898,35,10,ENSMUSP00000030985,32,7,ENSBTAP00000023055,NA,NA,ENSGALP00000025139,NA,NA,ENSXETP00000012085,NA,NA
ENSRNOP00000027273,25,5,ENSP00000264012,NA,NA,ENSPTRP00000014116,NA,NA,ENSMMUP00000013622,NA,NA,ENSGGOP00000000144,NA,NA,ENSMUSP00000079613,25,5,ENSBTAP00000042970,NA,NA,NULL,NA,NA,ENSXETP00000035760,NA,NA
ENSRNOP00000064857,19,6,NULL,NA,NA,NULL,NA,NA,NULL,NA,NA,ENSGGOP00000020262,NA,NA,ENSMUSP00000076899,19,6,ENSBTAP00000055096,NA,NA,NULL,NA,NA,NULL,NA,NA
ENSRNOP00000052041,20,5,NULL,NA,NA,NULL,NA,NA,NULL,NA,NA,NULL,NA,NA,ENSMUSP00000062011,20,5,NULL,NA,NA,NULL,NA,NA,NULL,NA,NA
ENSRNOP00000048846,22,5,ENSP00000363840,22,5,ENSPTRP00000047036,22,5,ENSMMUP00000005146,22,5,ENSGGOP00000009593,NA,NA,ENSMUSP00000084772,NA,NA,ENSBTAP00000000793,NA,NA,NULL,NA,NA,ENSXETP00000027837,NA,NA
ENSRNOP00000070640,29,5,ENSP00000383894,28,5,ENSPTRP00000020087,28,5,ENSMMUP00000002108,5,125,ENSGGOP00000009570,NA,NA,ENSMUSP00000020899,27,5,ENSBTAP00000027836,30,5,ENSGALP00000036079,NA,NA,ENSXETP00000017554,NA,NA
ENSRNOP00000040647,16,7,NULL,NA,NA,NULL,NA,NA,NULL,NA,NA,NULL,NA,NA,ENSMUSP00000032667,18,9,ENSBTAP00000022603,NA,NA,NULL,NA,NA,ENSXETP00000023862,NA,NA
ENSRNOP00000001914,23,5,ENSP00000252723,NA,NA,ENSPTRP00000033390,NA,NA,ENSMMUP00000030108,NA,NA,ENSGGOP00000028083,NA,NA,ENSMUSP00000106667,23,5,ENSBTAP00000004450,NA,NA,NULL,NA,NA,ENSXETP00000059329,NA,NA
ENSRNOP00000074781,25,7,ENSP00000243501,22,5,ENSPTRP00000028106,22,5,ENSMMUP00000010706,NA,NA,ENSGGOP00000001066,22,5,ENSMUSP00000029629,25,7,ENSBTAP00000020263,NA,NA,ENSGALP00000019868,NA,NA,ENSXETP00000052027,NA,NA
ENSRNOP00000072556,21,7,ENSP00000427552,20,6,ENSPTRP00000030612,20,6,ENSMMUP00000034146,NA,NA,ENSGGOP00000014367,20,6,ENSMUSP00000112570,21,7,ENSBTAP00000014143,20,6,NULL,NA,NA,ENSXETP00000051961,NA,NA
ENSRNOP00000000632,33,10,ENSP00000362778,27,5,ENSPTRP00000030941,27,5,ENSMMUP00000028941,NA,NA,ENSGGOP00000022049,27,5,ENSMUSP00000110349,29,7,ENSBTAP00000002703,NA,NA,ENSGALP00000000778,NA,NA,NULL,NA,NA
ENSRNOP00000003102,32,5,ENSP00000286733,28,6,ENSPTRP00000027800,27,5,ENSMMUP00000043637,NA,NA,ENSGGOP00000017303,NA,NA,ENSMUSP00000108726,31,5,ENSBTAP00000025945,25,5,ENSGALP00000037111,NA,NA,ENSXETP00000057513,NA,NA
ENSRNOP00000011381,21,5,NULL,NA,NA,NULL,NA,NA,NULL,NA,NA,NULL,NA,NA,ENSMUSP00000091391,21,6,ENSBTAP00000056241,22,6,NULL,NA,NA,NULL,NA,NA
ENSRNOP00000009817,22,6,ENSP00000278407,22,6,ENSPTRP00000054585,22,6,ENSMMUP00000016570,22,6,ENSGGOP00000015273,NA,NA,ENSMUSP00000023994,22,6,ENSBTAP00000021638,23,7,ENSGALP00000011922,NA,NA,NULL,NA,NA
ENSRNOP00000072567,19,6,ENSP00000418910,19,6,ENSPTRP00000061116,NA,NA,ENSMMUP00000023282,19,6,ENSGGOP00000019433,19,6,ENSMUSP00000103557,19,6,ENSBTAP00000042037,19,6,ENSGALP00000016915,NA,NA,ENSXETP00000060967,NA,NA
ENSRNOP00000021144,25,5,ENSP00000260702,NA,NA,ENSPTRP00000050390,NA,NA,NULL,NA,NA,ENSGGOP00000004703,NA,NA,ENSMUSP00000125803,25,5,ENSBTAP00000027838,NA,NA,ENSGALP00000021337,NA,NA,ENSXETP00000034503,23,7
ENSRNOP00000022213,31,5,ENSP00000294304,31,9,ENSPTRP00000006855,NA,NA,ENSMMUP00000012039,NA,NA,ENSGGOP00000024836,NA,NA,ENSMUSP00000025856,NA,NA,ENSBTAP00000007756,NA,NA,ENSGALP00000053759,NA,NA,ENSXETP00000022100,NA,NA
ENSRNOP00000017060,25,6,ENSP00000313967,27,5,ENSPTRP00000039263,27,5,ENSMMUP00000027319,NA,NA,ENSGGOP00000009803,30,8,ENSMUSP00000040246,25,6,ENSBTAP00000014871,NA,NA,ENSGALP00000007597,NA,NA,ENSXETP00000023091,NA,NA
ENSRNOP00000066774,29,5,NULL,NA,NA,ENSPTRP00000029626,42,9,ENSMMUP00000019135,42,7,ENSGGOP00000000653,42,9,ENSMUSP00000039888,NA,NA,NULL,NA,NA,NULL,NA,NA,ENSXETP00000005961,NA,NA
ENSRNOP00000027917,20,6,ENSP00000270645,20,7,ENSPTRP00000019401,20,7,ENSMMUP00000046156,NA,NA,ENSGGOP00000008587,20,8,ENSMUSP00000019683,20,7,ENSBTAP00000031823,20,8,NULL,NA,NA,ENSXETP00000038287,NA,NA
ENSRNOP00000074183,24,5,ENSP00000259951,21,5,ENSPTRP00000055208,24,5,ENSMMUP00000059702,NA,NA,ENSGGOP00000018173,NA,NA,ENSMUSP00000078138,21,5,NULL,NA,NA,ENSGALP00000058295,NA,NA,ENSXETP00000038903,NA,NA
ENSRNOP00000013910,41,6,ENSP00000352561,NA,NA,ENSPTRP00000043243,NA,NA,ENSMMUP00000018805,NA,NA,ENSGGOP00000011272,NA,NA,ENSMUSP00000075070,41,6,ENSBTAP00000023201,NA,NA,ENSGALP00000047056,NA,NA,ENSXETP00000060302,NA,NA
ENSRNOP00000071990,20,5,NULL,NA,NA,NULL,NA,NA,NULL,NA,NA,NULL,NA,NA,ENSMUSP00000062011,20,5,NULL,NA,NA,NULL,NA,NA,NULL,NA,NA
ENSRNOP00000043362,19,6,NULL,NA,NA,NULL,NA,NA,NULL,NA,NA,ENSGGOP00000020262,NA,NA,ENSMUSP00000076899,19,6,ENSBTAP00000055096,NA,NA,NULL,NA,NA,NULL,NA,NA
ENSRNOP00000005489,53,5,ENSP00000467271,NA,NA,ENSPTRP00000044984,NA,NA,ENSMMUP00000048627,NA,NA,ENSGGOP00000018648,NA,NA,ENSMUSP00000020948,NA,NA,NULL,NA,NA,ENSGALP00000033886,NA,NA,ENSXETP00000047612,NA,NA
ENSRNOP00000039088,21,5,ENSP00000259951,21,5,ENSPTRP00000055208,24,5,ENSMMUP00000059702,NA,NA,ENSGGOP00000018173,NA,NA,ENSMUSP00000078138,21,5,NULL,NA,NA,ENSGALP00000058295,NA,NA,ENSXETP00000038903,NA,NA
ENSRNOP00000068781,23,8,ENSP00000284987,NA,NA,ENSPTRP00000023799,NA,NA,ENSMMUP00000017606,NA,NA,ENSGGOP00000006847,NA,NA,ENSMUSP00000023611,23,8,ENSBTAP00000000849,NA,NA,ENSGALP00000025424,NA,NA,ENSXETP00000029878,NA,NA
ENSRNOP00000066080,24,6,ENSP00000332488,NA,NA,ENSPTRP00000015834,NA,NA,NULL,NA,NA,ENSGGOP00000028132,NA,NA,ENSMUSP00000102613,28,5,ENSBTAP00000040321,NA,NA,NULL,NA,NA,NULL,NA,NA
ENSRNOP00000054690,22,6,ENSP00000378957,38,5,NULL,NA,NA,ENSMMUP00000056999,NA,NA,ENSGGOP00000005920,37,5,ENSMUSP00000070848,NA,NA,ENSBTAP00000008130,20,5,NULL,NA,NA,ENSXETP00000013749,NA,NA
ENSRNOP00000071327,22,5,ENSP00000363840,22,5,ENSPTRP00000047036,22,5,ENSMMUP00000005146,22,5,ENSGGOP00000009593,NA,NA,ENSMUSP00000084772,NA,NA,ENSBTAP00000000793,NA,NA,NULL,NA,NA,ENSXETP00000027837,NA,NA
ENSRNOP00000068288,19,5,ENSP00000356162,NA,NA,ENSPTRP00000003156,NA,NA,ENSMMUP00000004863,NA,NA,ENSGGOP00000018721,NA,NA,ENSMUSP00000007433,19,5,ENSBTAP00000028248,NA,NA,NULL,NA,NA,ENSXETP00000058854,NA,NA
ENSRNOP00000044277,19,6,NULL,NA,NA,NULL,NA,NA,NULL,NA,NA,ENSGGOP00000020262,NA,NA,ENSMUSP00000076899,19,6,ENSBTAP00000055096,NA,NA,NULL,NA,NA,NULL,NA,NA
ENSRNOP00000075578,20,5,NULL,NA,NA,NULL,NA,NA,NULL,NA,NA,NULL,NA,NA,ENSMUSP00000062011,20,5,NULL,NA,NA,NULL,NA,NA,NULL,NA,NA
ENSRNOP00000020669,28,5,ENSP00000379823,NA,NA,ENSPTRP00000022211,NA,NA,ENSMMUP00000017402,NA,NA,ENSGGOP00000003087,NA,NA,ENSMUSP00000109084,28,5,ENSBTAP00000028418,NA,NA,ENSGALP00000053427,NA,NA,NULL,NA,NA
ENSRNOP00000039197,20,5,ENSP00000259951,21,5,ENSPTRP00000055208,24,5,ENSMMUP00000059702,NA,NA,ENSGGOP00000018173,NA,NA,ENSMUSP00000078138,21,5,NULL,NA,NA,ENSGALP00000058295,NA,NA,ENSXETP00000038903,NA,NA
ENSRNOP00000026225,24,5,ENSP00000384886,26,5,ENSPTRP00000018247,26,5,ENSMMUP00000047284,NA,NA,ENSGGOP00000028344,NA,NA,ENSMUSP00000034299,27,5,ENSBTAP00000045061,20,5,ENSGALP00000046442,NA,NA,ENSXETP00000054341,NA,NA
ENSRNOP00000030864,28,6,ENSP00000394720,43,11,ENSPTRP00000012734,42,10,ENSMMUP00000031370,37,10,ENSGGOP00000004698,NA,NA,ENSMUSP00000032754,30,10,ENSBTAP00000028346,39,5,ENSGALP00000013496,NA,NA,ENSXETP00000028414,NA,NA
ENSRNOP00000024037,26,6,ENSP00000275815,NA,NA,ENSPTRP00000033933,NA,NA,NULL,NA,NA,ENSGGOP00000017514,NA,NA,ENSMUSP00000073099,26,6,ENSBTAP00000008354,27,7,ENSGALP00000023625,NA,NA,NULL,NA,NA
ENSRNOP00000065957,29,5,ENSP00000431748,NA,NA,NULL,NA,NA,NULL,NA,NA,NULL,NA,NA,ENSMUSP00000111326,29,5,NULL,NA,NA,ENSGALP00000054137,NA,NA,ENSXETP00000056872,NA,NA
ENSRNOP00000061122,18,6,ENSP00000265708,NA,NA,ENSPTRP00000034565,NA,NA,ENSMMUP00000004195,NA,NA,NULL,NA,NA,ENSMUSP00000022618,NA,NA,ENSBTAP00000012384,NA,NA,NULL,NA,NA,NULL,NA,NA
ENSRNOP00000025388,31,6,ENSP00000252483,31,7,ENSPTRP00000048635,31,6,ENSMMUP00000018783,31,6,ENSGGOP00000006227,32,8,ENSMUSP00000074898,31,6,ENSBTAP00000020344,32,6,NULL,NA,NA,ENSXETP00000064054,NA,NA
ENSRNOP00000014885,31,5,ENSP00000320936,32,6,ENSPTRP00000024164,32,6,ENSMMUP00000037357,32,6,ENSGGOP00000021289,32,6,ENSMUSP00000002976,31,5,ENSBTAP00000014695,NA,NA,ENSGALP00000055340,NA,NA,NULL,NA,NA
ENSRNOP00000012595,17,6,ENSP00000322788,17,5,ENSPTRP00000007262,17,5,ENSMMUP00000002724,19,5,ENSGGOP00000008675,17,5,ENSMUSP00000034492,17,5,ENSBTAP00000046488,NA,NA,ENSGALP00000027716,17,5,ENSXETP00000060025,NA,NA
ENSRNOP00000007947,25,5,ENSP00000355110,NA,NA,ENSPTRP00000011000,NA,NA,ENSMMUP00000057969,NA,NA,ENSGGOP00000024452,NA,NA,ENSMUSP00000105976,NA,NA,ENSBTAP00000040815,NA,NA,ENSGALP00000015318,NA,NA,ENSXETP00000062756,NA,NA
ENSRNOP00000013282,28,5,ENSP00000303942,NA,NA,ENSPTRP00000060126,NA,NA,ENSMMUP00000026031,NA,NA,ENSGGOP00000012588,NA,NA,ENSMUSP00000032133,NA,NA,ENSBTAP00000019525,NA,NA,ENSGALP00000058308,NA,NA,NULL,NA,NA
ENSRNOP00000070122,21,7,ENSP00000427552,20,6,ENSPTRP00000030612,20,6,ENSMMUP00000034146,NA,NA,ENSGGOP00000014367,20,6,ENSMUSP00000112570,21,7,ENSBTAP00000014143,20,6,NULL,NA,NA,ENSXETP00000051961,NA,NA
ENSRNOP00000022810,27,10,ENSP00000417404,NA,NA,ENSPTRP00000056517,NA,NA,ENSMMUP00000049209,NA,NA,ENSGGOP00000006230,NA,NA,ENSMUSP00000089298,26,8,ENSBTAP00000017371,NA,NA,ENSGALP00000058295,NA,NA,ENSXETP00000038903,NA,NA
ENSRNOP00000016664,25,5,ENSP00000344192,23,5,ENSPTRP00000031222,23,5,ENSMMUP00000009714,23,6,ENSGGOP00000009506,23,5,ENSMUSP00000027061,25,5,ENSBTAP00000002786,23,5,ENSGALP00000026861,NA,NA,ENSXETP00000056440,NA,NA
ENSRNOP00000038169,21,6,ENSP00000375881,22,7,ENSPTRP00000022287,21,6,ENSMMUP00000009167,20,5,ENSGGOP00000005541,21,6,ENSMUSP00000108895,NA,NA,ENSBTAP00000040934,NA,NA,ENSGALP00000012662,NA,NA,ENSXETP00000049273,NA,NA
ENSRNOP00000075349,23,6,ENSP00000434849,22,6,ENSPTRP00000035431,22,6,ENSMMUP00000043527,NA,NA,ENSGGOP00000013987,22,9,ENSMUSP00000061906,23,6,ENSBTAP00000006543,NA,NA,NULL,NA,NA,ENSXETP00000024815,NA,NA
ENSRNOP00000069840,27,7,ENSP00000000412,26,6,ENSPTRP00000007940,26,6,ENSMMUP00000023466,27,7,ENSGGOP00000010481,26,6,ENSMUSP00000108229,27,7,ENSBTAP00000024233,24,6,ENSGALP00000050547,NA,NA,ENSXETP00000052276,NA,NA
ENSRNOP00000025548,34,6,ENSP00000355621,45,6,ENSPTRP00000003555,NA,NA,ENSMMUP00000007748,37,6,ENSGGOP00000000160,NA,NA,ENSMUSP00000038484,34,5,ENSBTAP00000013692,NA,NA,ENSGALP00000045594,NA,NA,ENSXETP00000048225,NA,NA
ENSRNOP00000034304,21,5,ENSP00000286758,NA,NA,ENSPTRP00000027829,NA,NA,ENSMMUP00000030517,NA,NA,ENSGGOP00000013775,NA,NA,ENSMUSP00000023840,21,5,ENSBTAP00000011164,NA,NA,NULL,NA,NA,NULL,NA,NA
ENSRNOP00000075575,22,5,ENSP00000315098,NA,NA,ENSPTRP00000010357,NA,NA,ENSMMUP00000002222,NA,NA,ENSGGOP00000016339,NA,NA,ENSMUSP00000098210,29,6,NULL,NA,NA,NULL,NA,NA,NULL,NA,NA
ENSRNOP00000031750,30,7,ENSP00000374859,NA,NA,ENSPTRP00000043506,NA,NA,ENSMMUP00000026452,NA,NA,ENSGGOP00000006089,NA,NA,ENSMUSP00000097713,30,7,ENSBTAP00000023005,NA,NA,ENSGALP00000009505,NA,NA,ENSXETP00000048359,NA,NA
ENSRNOP00000066198,19,5,ENSP00000391748,19,5,ENSPTRP00000033347,16,6,ENSMMUP00000048617,NA,NA,ENSGGOP00000005246,NA,NA,ENSMUSP00000106606,NA,NA,ENSBTAP00000001412,NA,NA,NULL,NA,NA,NULL,NA,NA
ENSRNOP00000036855,20,5,ENSP00000219301,NA,NA,ENSPTRP00000013961,NA,NA,ENSMMUP00000025563,NA,NA,NULL,NA,NA,ENSMUSP00000148608,NA,NA,ENSBTAP00000018804,19,5,NULL,NA,NA,NULL,NA,NA
ENSRNOP00000029378,21,5,ENSP00000470879,24,7,ENSPTRP00000018280,NA,NA,ENSMMUP00000013069,24,7,ENSGGOP00000018691,24,7,ENSMUSP00000043659,21,5,ENSBTAP00000010124,22,7,ENSGALP00000034392,NA,NA,ENSXETP00000024460,NA,NA
ENSRNOP00000021868,25,8,ENSP00000361926,26,9,ENSPTRP00000031059,26,9,ENSMMUP00000060518,NA,NA,ENSGGOP00000001357,26,9,ENSMUSP00000050309,26,5,ENSBTAP00000021132,NA,NA,ENSGALP00000049207,NA,NA,NULL,NA,NA
ENSRNOP00000016554,41,8,ENSP00000330070,32,8,ENSPTRP00000013028,32,8,ENSMMUP00000026322,NA,NA,ENSGGOP00000008380,NA,NA,ENSMUSP00000093200,36,8,ENSBTAP00000054014,NA,NA,NULL,NA,NA,NULL,NA,NA
ENSRNOP00000047498,19,5,ENSP00000366233,19,6,NULL,NA,NA,ENSMMUP00000059207,NA,NA,ENSGGOP00000024094,19,6,ENSMUSP00000025338,19,5,ENSBTAP00000022907,19,6,NULL,NA,NA,ENSXETP00000043889,NA,NA
ENSRNOP00000069694,25,8,ENSP00000328277,NA,NA,ENSPTRP00000005485,NA,NA,ENSMMUP00000046265,NA,NA,ENSGGOP00000003733,NA,NA,ENSMUSP00000039758,25,8,ENSBTAP00000034440,NA,NA,ENSGALP00000006751,24,5,ENSXETP00000014673,NA,NA
ENSRNOP00000031189,35,5,ENSP00000369238,NA,NA,ENSPTRP00000053184,NA,NA,NULL,NA,NA,ENSGGOP00000019921,NA,NA,ENSMUSP00000113627,22,6,ENSBTAP00000031443,NA,NA,NULL,NA,NA,NULL,NA,NA
ENSRNOP00000014917,21,6,ENSP00000400365,22,6,ENSPTRP00000031732,22,6,ENSMMUP00000058340,NA,NA,ENSGGOP00000004819,NA,NA,ENSMUSP00000090304,19,6,ENSBTAP00000053179,NA,NA,ENSGALP00000054625,NA,NA,ENSXETP00000032590,NA,NA
ENSRNOP00000062425,23,7,ENSP00000361562,46,9,NULL,NA,NA,ENSMMUP00000038017,42,5,ENSGGOP00000015552,42,5,ENSMUSP00000017904,41,7,ENSBTAP00000039003,NA,NA,ENSGALP00000011124,NA,NA,ENSXETP00000032537,NA,NA
ENSRNOP00000012757,5,25,ENSP00000345395,NA,NA,ENSPTRP00000052575,NA,NA,ENSMMUP00000026589,NA,NA,ENSGGOP00000002105,NA,NA,ENSMUSP00000113806,NA,NA,ENSBTAP00000015505,NA,NA,ENSGALP00000049102,NA,NA,ENSXETP00000002194,NA,NA
ENSRNOP00000043259,18,5,ENSP00000216341,NA,NA,ENSPTRP00000010567,NA,NA,ENSMMUP00000054046,NA,NA,ENSGGOP00000012666,NA,NA,ENSMUSP00000015581,18,5,ENSBTAP00000013262,NA,NA,NULL,NA,NA,ENSXETP00000037000,NA,NA
ENSRNOP00000015451,26,5,ENSP00000317842,NA,NA,ENSPTRP00000014018,NA,NA,ENSMMUP00000059071,NA,NA,ENSGGOP00000017688,NA,NA,ENSMUSP00000034346,26,5,ENSBTAP00000032276,NA,NA,NULL,NA,NA,NULL,NA,NA
ENSRNOP00000051102,31,5,ENSP00000256637,33,5,ENSPTRP00000001807,NA,NA,ENSMMUP00000052188,NA,NA,ENSGGOP00000006418,33,5,ENSMUSP00000123564,31,5,ENSBTAP00000011652,NA,NA,ENSGALP00000054532,NA,NA,ENSXETP00000025927,NA,NA
ENSRNOP00000009041,30,5,ENSP00000359285,26,5,ENSPTRP00000023650,NA,NA,ENSMMUP00000020935,NA,NA,ENSGGOP00000008187,NA,NA,ENSMUSP00000066338,30,5,ENSBTAP00000022855,30,6,ENSGALP00000009302,23,5,ENSXETP00000051222,NA,NA
ENSRNOP00000057743,24,6,ENSP00000259951,21,5,ENSPTRP00000055208,24,5,ENSMMUP00000059702,NA,NA,ENSGGOP00000018173,NA,NA,ENSMUSP00000078138,21,5,NULL,NA,NA,ENSGALP00000058295,NA,NA,ENSXETP00000038903,NA,NA
ENSRNOP00000007365,26,6,ENSP00000379862,NA,NA,ENSPTRP00000010586,NA,NA,ENSMMUP00000033006,NA,NA,ENSGGOP00000021912,NA,NA,ENSMUSP00000128127,26,6,ENSBTAP00000049747,NA,NA,ENSGALP00000016113,NA,NA,ENSXETP00000030916,NA,NA
ENSRNOP00000043394,23,5,ENSP00000418767,18,6,ENSPTRP00000031018,19,7,ENSMMUP00000018301,NA,NA,ENSGGOP00000009225,NA,NA,ENSMUSP00000128215,24,8,ENSBTAP00000055776,22,8,NULL,NA,NA,NULL,NA,NA
ENSRNOP00000063998,24,6,ENSP00000358035,24,5,ENSPTRP00000002134,24,5,ENSMMUP00000039142,20,7,ENSGGOP00000022508,24,5,ENSMUSP00000113424,NA,NA,ENSBTAP00000004686,NA,NA,NULL,NA,NA,ENSXETP00000039241,NA,NA
ENSRNOP00000061482,25,5,NULL,NA,NA,NULL,NA,NA,NULL,NA,NA,NULL,NA,NA,ENSMUSP00000126779,33,6,NULL,NA,NA,NULL,NA,NA,ENSXETP00000005567,NA,NA
ENSRNOP00000003593,27,6,ENSP00000306449,27,7,ENSPTRP00000033642,27,7,ENSMMUP00000013973,27,7,ENSGGOP00000004303,29,7,ENSMUSP00000052185,27,6,ENSBTAP00000018241,24,7,ENSGALP00000047763,NA,NA,ENSXETP00000047851,NA,NA
ENSRNOP00000066934,24,5,ENSP00000245907,22,6,ENSPTRP00000017648,22,6,ENSMMUP00000031926,NA,NA,ENSGGOP00000024983,NA,NA,ENSMUSP00000024988,24,5,ENSBTAP00000022979,22,6,ENSGALP00000055047,NA,NA,ENSXETP00000037599,NA,NA
ENSRNOP00000037182,33,5,ENSP00000339067,26,5,ENSPTRP00000004802,26,5,ENSMMUP00000058822,NA,NA,NULL,NA,NA,ENSMUSP00000059682,33,5,ENSBTAP00000051346,24,5,NULL,NA,NA,ENSXETP00000045349,NA,NA
ENSRNOP00000062368,23,6,ENSP00000489747,NA,NA,NULL,NA,NA,NULL,NA,NA,NULL,NA,NA,ENSMUSP00000146742,NA,NA,NULL,NA,NA,NULL,NA,NA,NULL,NA,NA
ENSRNOP00000070900,26,5,ENSP00000367202,22,5,ENSPTRP00000035794,22,5,ENSMMUP00000029773,22,5,ENSGGOP00000003261,NA,NA,ENSMUSP00000030198,22,5,ENSBTAP00000000084,26,5,ENSGALP00000056648,NA,NA,NULL,NA,NA
ENSRNOP00000067686,21,5,ENSP00000362144,20,5,ENSPTRP00000039641,20,5,ENSMMUP00000046102,NA,NA,ENSGGOP00000021236,NA,NA,ENSMUSP00000020312,21,5,ENSBTAP00000005059,NA,NA,ENSGALP00000049377,NA,NA,ENSXETP00000013543,NA,NA
ENSRNOP00000024094,25,9,ENSP00000176195,18,8,ENSPTRP00000048335,18,8,NULL,NA,NA,ENSGGOP00000014731,18,8,ENSMUSP00000041519,22,8,ENSBTAP00000055330,18,6,NULL,NA,NA,NULL,NA,NA
ENSRNOP00000008536,30,7,ENSP00000303208,30,9,ENSPTRP00000001355,30,9,ENSMMUP00000007574,30,7,ENSGGOP00000022223,28,7,ENSMUSP00000055757,34,8,NULL,NA,NA,NULL,NA,NA,ENSXETP00000043246,NA,NA
ENSRNOP00000064884,26,5,ENSP00000317842,NA,NA,ENSPTRP00000014018,NA,NA,ENSMMUP00000059071,NA,NA,ENSGGOP00000017688,NA,NA,ENSMUSP00000058567,26,5,ENSBTAP00000032276,NA,NA,NULL,NA,NA,NULL,NA,NA
ENSRNOP00000025220,19,5,ENSP00000482743,NA,NA,ENSPTRP00000055890,NA,NA,ENSMMUP00000019792,NA,NA,ENSGGOP00000016641,NA,NA,ENSMUSP00000063499,21,5,ENSBTAP00000037407,NA,NA,NULL,NA,NA,NULL,NA,NA
ENSRNOP00000020364,27,7,ENSP00000000412,26,6,ENSPTRP00000007940,26,6,ENSMMUP00000023466,27,7,ENSGGOP00000010481,26,6,ENSMUSP00000108229,27,7,ENSBTAP00000024233,24,6,ENSGALP00000050547,NA,NA,ENSXETP00000052276,NA,NA
ENSRNOP00000068250,16,5,ENSP00000002596,NA,NA,ENSPTRP00000027421,NA,NA,ENSMMUP00000035422,NA,NA,ENSGGOP00000015243,NA,NA,ENSMUSP00000113919,NA,NA,ENSBTAP00000009799,NA,NA,ENSGALP00000036486,NA,NA,ENSXETP00000036185,NA,NA
ENSRNOP00000068018,19,6,NULL,NA,NA,NULL,NA,NA,NULL,NA,NA,ENSGGOP00000020262,NA,NA,ENSMUSP00000076899,19,6,ENSBTAP00000055096,NA,NA,NULL,NA,NA,NULL,NA,NA
ENSRNOP00000016009,22,6,ENSP00000337065,34,6,ENSPTRP00000029520,34,6,ENSMMUP00000006341,34,6,ENSGGOP00000002796,34,6,ENSMUSP00000021970,22,6,ENSBTAP00000008803,18,6,ENSGALP00000010242,NA,NA,ENSXETP00000017332,34,5
ENSRNOP00000006339,23,5,ENSP00000340292,23,5,ENSPTRP00000058864,23,5,ENSMMUP00000026357,23,5,ENSGGOP00000000417,23,5,ENSMUSP00000063104,23,5,ENSBTAP00000051840,23,5,ENSGALP00000018320,NA,NA,NULL,NA,NA
ENSRNOP00000058866,24,6,ENSP00000330631,24,5,ENSPTRP00000014575,24,5,ENSMMUP00000043429,NA,NA,ENSGGOP00000017558,24,5,ENSMUSP00000099572,24,6,ENSBTAP00000016317,24,6,ENSGALP00000034313,NA,NA,ENSXETP00000029649,NA,NA
ENSRNOP00000000313,35,5,ENSP00000485276,43,7,ENSPTRP00000024260,43,7,ENSMMUP00000022588,NA,NA,ENSGGOP00000025770,NA,NA,ENSMUSP00000012161,35,5,ENSBTAP00000025815,36,6,ENSGALP00000045541,NA,NA,ENSXETP00000046821,NA,NA
ENSRNOP00000006949,19,6,ENSP00000360379,NA,NA,ENSPTRP00000023485,NA,NA,ENSMMUP00000038157,NA,NA,ENSGGOP00000004148,NA,NA,ENSMUSP00000029007,NA,NA,ENSBTAP00000055989,NA,NA,NULL,NA,NA,NULL,NA,NA
ENSRNOP00000032358,19,5,ENSP00000353238,19,5,ENSPTRP00000053631,19,5,ENSMMUP00000021230,19,5,ENSGGOP00000004539,19,5,ENSMUSP00000049534,NA,NA,ENSBTAP00000037201,NA,NA,NULL,NA,NA,NULL,NA,NA
ENSRNOP00000049460,20,5,ENSP00000259951,21,5,ENSPTRP00000055208,24,5,ENSMMUP00000059702,NA,NA,ENSGGOP00000018173,NA,NA,ENSMUSP00000078138,21,5,NULL,NA,NA,ENSGALP00000058295,NA,NA,ENSXETP00000038903,NA,NA
ENSRNOP00000029828,18,6,ENSP00000216341,NA,NA,ENSPTRP00000010567,NA,NA,ENSMMUP00000054046,NA,NA,ENSGGOP00000012666,NA,NA,ENSMUSP00000015581,18,5,ENSBTAP00000013262,NA,NA,NULL,NA,NA,ENSXETP00000037000,NA,NA
ENSRNOP00000017575,31,10,ENSP00000303634,32,11,ENSPTRP00000001294,29,8,ENSMMUP00000009997,29,8,ENSGGOP00000003962,NA,NA,ENSMUSP00000102343,27,7,ENSBTAP00000050885,27,6,ENSGALP00000017370,NA,NA,ENSXETP00000017690,NA,NA
ENSRNOP00000074496,22,5,ENSP00000357106,24,7,ENSPTRP00000057979,22,5,ENSMMUP00000001734,NA,NA,ENSGGOP00000017963,NA,NA,ENSMUSP00000106851,22,5,ENSBTAP00000030478,NA,NA,ENSGALP00000048783,NA,NA,ENSXETP00000041942,NA,NA
ENSRNOP00000052331,30,9,ENSP00000367013,NA,NA,ENSPTRP00000059589,NA,NA,ENSMMUP00000031179,NA,NA,ENSGGOP00000019289,NA,NA,ENSMUSP00000025706,30,9,ENSBTAP00000008557,NA,NA,ENSGALP00000043230,NA,NA,ENSXETP00000059924,NA,NA
ENSRNOP00000021645,21,5,ENSP00000302324,23,5,ENSPTRP00000052810,23,5,ENSMMUP00000025631,23,5,ENSGGOP00000004990,23,5,ENSMUSP00000074386,27,5,ENSBTAP00000036092,NA,NA,ENSGALP00000031533,NA,NA,NULL,NA,NA
ENSRNOP00000027275,24,7,ENSP00000247005,29,5,NULL,NA,NA,NULL,NA,NA,ENSGGOP00000027125,NA,NA,ENSMUSP00000128325,24,7,ENSBTAP00000027871,30,5,ENSGALP00000004992,NA,NA,ENSXETP00000022343,NA,NA
ENSRNOP00000040287,28,7,ENSP00000305714,NA,NA,ENSPTRP00000034342,NA,NA,ENSMMUP00000017110,NA,NA,ENSGGOP00000007137,NA,NA,ENSMUSP00000022693,29,8,ENSBTAP00000001218,NA,NA,NULL,NA,NA,ENSXETP00000023105,NA,NA
ENSRNOP00000071269,20,6,ENSP00000406861,NA,NA,NULL,NA,NA,NULL,NA,NA,ENSGGOP00000020498,NA,NA,ENSMUSP00000140483,22,6,NULL,NA,NA,ENSGALP00000050462,NA,NA,ENSXETP00000040980,NA,NA
ENSRNOP00000050221,23,7,ENSP00000357909,24,8,ENSPTRP00000002167,24,8,ENSMMUP00000010045,24,8,ENSGGOP00000021928,24,8,ENSMUSP00000088333,25,8,ENSBTAP00000009575,23,7,NULL,NA,NA,ENSXETP00000012836,NA,NA
ENSRNOP00000031039,23,6,ENSP00000247153,27,5,ENSPTRP00000037513,27,5,ENSMMUP00000041095,27,5,ENSGGOP00000008516,27,5,ENSMUSP00000001156,23,5,ENSBTAP00000021009,25,7,NULL,NA,NA,ENSXETP00000056738,NA,NA
ENSRNOP00000068003,45,10,NULL,NA,NA,NULL,NA,NA,NULL,NA,NA,NULL,NA,NA,NULL,NA,NA,NULL,NA,NA,NULL,NA,NA,NULL,NA,NA
ENSRNOP00000048604,19,6,NULL,NA,NA,NULL,NA,NA,NULL,NA,NA,ENSGGOP00000020262,NA,NA,ENSMUSP00000076899,19,6,ENSBTAP00000055096,NA,NA,NULL,NA,NA,NULL,NA,NA
ENSRNOP00000067454,19,6,ENSP00000391748,19,5,ENSPTRP00000033347,16,6,ENSMMUP00000048617,NA,NA,ENSGGOP00000005246,NA,NA,ENSMUSP00000106606,NA,NA,ENSBTAP00000001412,NA,NA,NULL,NA,NA,NULL,NA,NA
ENSRNOP00000005726,24,7,ENSP00000356599,NA,NA,ENSPTRP00000002871,21,5,ENSMMUP00000008238,26,10,ENSGGOP00000002587,21,5,ENSMUSP00000078572,21,5,ENSBTAP00000018609,NA,NA,ENSGALP00000006692,25,5,ENSXETP00000027433,28,5
ENSRNOP00000002941,40,5,ENSP00000264218,38,8,ENSPTRP00000027645,38,8,ENSMMUP00000045925,NA,NA,ENSGGOP00000007744,NA,NA,ENSMUSP00000031146,40,5,ENSBTAP00000053473,37,7,ENSGALP00000031462,45,5,ENSXETP00000063278,NA,NA
ENSRNOP00000001008,27,5,ENSP00000366095,29,6,ENSPTRP00000030529,29,6,ENSMMUP00000034234,29,6,ENSGGOP00000016501,28,5,ENSMUSP00000099726,29,7,ENSBTAP00000042496,NA,NA,NULL,NA,NA,NULL,NA,NA
ENSRNOP00000073206,21,5,ENSP00000259951,21,5,ENSPTRP00000055208,24,5,ENSMMUP00000059702,NA,NA,ENSGGOP00000018173,NA,NA,ENSMUSP00000078138,21,5,NULL,NA,NA,ENSGALP00000058295,NA,NA,ENSXETP00000038903,NA,NA
ENSRNOP00000004237,17,9,ENSP00000393847,5,117,ENSPTRP00000053752,5,116,NULL,NA,NA,ENSGGOP00000022620,NA,NA,ENSMUSP00000023364,17,9,ENSBTAP00000028684,26,7,ENSGALP00000033722,NA,NA,ENSXETP00000024072,NA,NA
ENSRNOP00000024677,27,6,ENSP00000331831,30,6,ENSPTRP00000044696,33,9,ENSMMUP00000009747,NA,NA,ENSGGOP00000025955,27,6,ENSMUSP00000033828,27,6,ENSBTAP00000035185,35,5,ENSGALP00000044378,NA,NA,ENSXETP00000030265,NA,NA
ENSRNOP00000050225,25,5,ENSP00000302324,23,5,ENSPTRP00000052810,23,5,ENSMMUP00000025631,23,5,ENSGGOP00000004990,23,5,ENSMUSP00000075074,25,5,ENSBTAP00000036092,NA,NA,ENSGALP00000031533,NA,NA,NULL,NA,NA
ENSRNOP00000072244,20,5,ENSP00000401445,18,5,ENSPTRP00000016199,18,5,ENSMMUP00000019914,NA,NA,ENSGGOP00000006398,18,5,ENSMUSP00000001059,20,5,ENSBTAP00000022347,NA,NA,ENSGALP00000005493,NA,NA,ENSXETP00000062368,NA,NA
ENSRNOP00000022951,45,9,ENSP00000377061,26,11,ENSPTRP00000026442,27,12,ENSMMUP00000060049,NA,NA,ENSGGOP00000021744,27,12,ENSMUSP00000131840,27,9,ENSBTAP00000030566,5,86,ENSGALP00000035469,NA,NA,ENSXETP00000040369,NA,NA
ENSRNOP00000054870,29,7,ENSP00000386807,NA,NA,ENSPTRP00000053749,NA,NA,ENSMMUP00000040725,33,6,NULL,NA,NA,ENSMUSP00000110026,60,6,ENSBTAP00000041976,35,8,ENSGALP00000040604,NA,NA,NULL,NA,NA
ENSRNOP00000009573,21,5,ENSP00000487363,NA,NA,ENSPTRP00000029822,NA,NA,ENSMMUP00000007351,NA,NA,ENSGGOP00000008673,NA,NA,ENSMUSP00000043827,NA,NA,ENSBTAP00000040403,20,5,ENSGALP00000054868,NA,NA,NULL,NA,NA
ENSRNOP00000031140,20,5,ENSP00000301263,NA,NA,ENSPTRP00000035296,NA,NA,NULL,NA,NA,ENSGGOP00000016358,NA,NA,ENSMUSP00000047419,NA,NA,ENSBTAP00000045838,NA,NA,NULL,NA,NA,NULL,NA,NA
ENSRNOP00000021270,34,6,ENSP00000233969,33,6,ENSPTRP00000021080,33,6,ENSMMUP00000005571,33,6,ENSGGOP00000016090,33,6,ENSMUSP00000027231,34,6,ENSBTAP00000002235,31,8,ENSGALP00000027059,NA,NA,NULL,NA,NA
ENSRNOP00000015977,30,5,ENSP00000376544,29,5,ENSPTRP00000016191,28,5,ENSMMUP00000052657,NA,NA,ENSGGOP00000012212,29,5,ENSMUSP00000129029,NA,NA,ENSBTAP00000053195,NA,NA,ENSGALP00000000329,NA,NA,NULL,NA,NA
ENSRNOP00000037864,23,5,NULL,NA,NA,NULL,NA,NA,NULL,NA,NA,NULL,NA,NA,ENSMUSP00000125855,NA,NA,ENSBTAP00000031646,17,5,NULL,NA,NA,NULL,NA,NA
ENSRNOP00000024196,23,6,ENSP00000230036,NA,NA,ENSPTRP00000030352,NA,NA,ENSMMUP00000029127,NA,NA,ENSGGOP00000008911,NA,NA,ENSMUSP00000021773,23,5,ENSBTAP00000006557,NA,NA,ENSGALP00000051169,NA,NA,ENSXETP00000047574,NA,NA
ENSRNOP00000003745,27,5,ENSP00000427279,34,6,ENSPTRP00000027777,34,6,ENSMMUP00000010972,34,6,ENSGGOP00000008540,34,6,ENSMUSP00000074885,27,5,ENSBTAP00000043331,31,5,NULL,NA,NA,NULL,NA,NA
ENSRNOP00000048233,23,5,NULL,NA,NA,NULL,NA,NA,NULL,NA,NA,NULL,NA,NA,ENSMUSP00000070138,23,5,NULL,NA,NA,NULL,NA,NA,NULL,NA,NA
ENSRNOP00000024419,27,8,ENSP00000295731,27,5,ENSPTRP00000022106,27,7,ENSMMUP00000001060,27,7,ENSGGOP00000023030,NA,NA,ENSMUSP00000128056,NA,NA,ENSBTAP00000011124,NA,NA,ENSGALP00000018493,NA,NA,ENSXETP00000030370,NA,NA
ENSRNOP00000057315,19,5,ENSP00000307801,35,5,ENSPTRP00000026196,35,5,ENSMMUP00000028785,35,5,ENSGGOP00000011751,35,5,ENSMUSP00000119774,NA,NA,ENSBTAP00000004776,19,5,ENSGALP00000024722,19,5,ENSXETP00000015257,19,5
ENSRNOP00000071271,29,6,ENSP00000270645,20,7,ENSPTRP00000019401,20,7,ENSMMUP00000046156,NA,NA,ENSGGOP00000008587,20,8,ENSMUSP00000019683,20,7,ENSBTAP00000031823,20,8,NULL,NA,NA,ENSXETP00000038287,NA,NA
ENSRNOP00000022029,31,5,ENSP00000317232,NA,NA,ENSPTRP00000015638,NA,NA,ENSMMUP00000017150,NA,NA,ENSGGOP00000009877,NA,NA,ENSMUSP00000001595,31,5,ENSBTAP00000015220,NA,NA,ENSGALP00000044318,NA,NA,ENSXETP00000004881,NA,NA
ENSRNOP00000069941,18,8,ENSP00000333639,NA,NA,ENSPTRP00000018784,NA,NA,ENSMMUP00000024689,NA,NA,ENSGGOP00000007368,NA,NA,ENSMUSP00000077473,19,5,ENSBTAP00000055389,NA,NA,ENSGALP00000052417,NA,NA,NULL,NA,NA
ENSRNOP00000064412,19,6,ENSP00000391748,19,5,ENSPTRP00000033347,16,6,ENSMMUP00000048617,NA,NA,ENSGGOP00000005246,NA,NA,ENSMUSP00000050313,NA,NA,ENSBTAP00000001412,NA,NA,NULL,NA,NA,NULL,NA,NA
ENSRNOP00000012293,19,6,NULL,NA,NA,NULL,NA,NA,NULL,NA,NA,ENSGGOP00000020262,NA,NA,ENSMUSP00000076899,19,6,ENSBTAP00000055096,NA,NA,NULL,NA,NA,NULL,NA,NA
ENSRNOP00000057015,26,5,ENSP00000367202,22,5,ENSPTRP00000035794,22,5,ENSMMUP00000029773,22,5,ENSGGOP00000003261,NA,NA,ENSMUSP00000030198,22,5,ENSBTAP00000000084,26,5,ENSGALP00000056648,NA,NA,NULL,NA,NA
ENSRNOP00000037267,18,5,ENSP00000328359,NA,NA,ENSPTRP00000034189,NA,NA,ENSMMUP00000024362,NA,NA,ENSGGOP00000010623,NA,NA,NULL,NA,NA,NULL,NA,NA,NULL,NA,NA,NULL,NA,NA
ENSRNOP00000069909,26,5,ENSP00000484631,26,5,ENSPTRP00000014987,26,5,ENSMMUP00000035182,26,5,ENSGGOP00000003098,26,5,ENSMUSP00000104342,26,5,ENSBTAP00000025389,26,5,ENSGALP00000050837,NA,NA,ENSXETP00000042337,NA,NA
ENSRNOP00000039295,45,6,ENSP00000332773,35,6,ENSPTRP00000012266,35,6,ENSMMUP00000028688,39,6,ENSGGOP00000025693,NA,NA,ENSMUSP00000034961,47,8,ENSBTAP00000054713,NA,NA,ENSGALP00000047868,NA,NA,NULL,NA,NA
ENSRNOP00000063274,19,5,ENSP00000391748,19,5,ENSPTRP00000033347,16,6,ENSMMUP00000048617,NA,NA,ENSGGOP00000005246,NA,NA,ENSMUSP00000106606,NA,NA,ENSBTAP00000001412,NA,NA,NULL,NA,NA,NULL,NA,NA
ENSRNOP00000074602,21,5,ENSP00000259951,21,5,ENSPTRP00000055208,24,5,ENSMMUP00000059702,NA,NA,ENSGGOP00000018173,NA,NA,ENSMUSP00000078138,21,5,NULL,NA,NA,ENSGALP00000058295,NA,NA,ENSXETP00000038903,NA,NA
ENSRNOP00000028498,21,5,NULL,NA,NA,ENSPTRP00000058878,NA,NA,NULL,NA,NA,ENSGGOP00000022708,NA,NA,ENSMUSP00000036529,21,5,ENSBTAP00000039023,NA,NA,NULL,NA,NA,NULL,NA,NA
ENSRNOP00000060115,21,5,NULL,NA,NA,NULL,NA,NA,NULL,NA,NA,NULL,NA,NA,NULL,NA,NA,NULL,NA,NA,NULL,NA,NA,NULL,NA,NA
ENSRNOP00000024866,31,8,ENSP00000252599,36,6,ENSPTRP00000048910,36,6,ENSMMUP00000031757,NA,NA,ENSGGOP00000007852,36,6,ENSMUSP00000047923,31,5,ENSBTAP00000016841,30,7,ENSGALP00000048666,NA,NA,ENSXETP00000044445,NA,NA
ENSRNOP00000075331,21,7,ENSP00000427552,20,6,ENSPTRP00000030612,20,6,ENSMMUP00000034146,NA,NA,ENSGGOP00000014367,20,6,ENSMUSP00000112570,21,7,ENSBTAP00000014143,20,6,NULL,NA,NA,ENSXETP00000051961,NA,NA
ENSRNOP00000059705,23,5,NULL,NA,NA,NULL,NA,NA,NULL,NA,NA,NULL,NA,NA,ENSMUSP00000070138,23,5,NULL,NA,NA,NULL,NA,NA,NULL,NA,NA
ENSRNOP00000061051,20,5,NULL,NA,NA,NULL,NA,NA,NULL,NA,NA,NULL,NA,NA,ENSMUSP00000076416,20,5,NULL,NA,NA,NULL,NA,NA,NULL,NA,NA
ENSRNOP00000017065,31,6,ENSP00000363770,28,8,ENSPTRP00000000560,28,8,ENSMMUP00000027318,28,8,NULL,NA,NA,ENSMUSP00000036747,NA,NA,ENSBTAP00000014865,55,6,ENSGALP00000051833,NA,NA,NULL,NA,NA
ENSRNOP00000069895,24,5,ENSP00000259951,21,5,ENSPTRP00000055208,24,5,ENSMMUP00000059702,NA,NA,ENSGGOP00000018173,NA,NA,ENSMUSP00000078138,21,5,NULL,NA,NA,ENSGALP00000058295,NA,NA,ENSXETP00000038903,NA,NA
ENSRNOP00000047327,19,6,NULL,NA,NA,NULL,NA,NA,NULL,NA,NA,ENSGGOP00000020262,NA,NA,ENSMUSP00000076899,19,6,ENSBTAP00000055096,NA,NA,NULL,NA,NA,NULL,NA,NA
ENSRNOP00000069998,64,12,ENSP00000321573,5,505,ENSPTRP00000026153,5,505,ENSMMUP00000022956,5,45,ENSGGOP00000010009,5,495,ENSMUSP00000039915,63,9,ENSBTAP00000019822,NA,NA,ENSGALP00000024578,NA,NA,ENSXETP00000012722,NA,NA
ENSRNOP00000070441,26,6,ENSP00000354607,26,6,ENSPTRP00000021982,26,6,ENSMMUP00000049844,NA,NA,ENSGGOP00000005802,26,6,ENSMUSP00000067783,26,6,ENSBTAP00000041785,26,6,ENSGALP00000056684,NA,NA,ENSXETP00000035762,NA,NA
ENSRNOP00000043715,26,7,ENSP00000355719,32,6,ENSPTRP00000003482,32,6,NULL,NA,NA,ENSGGOP00000012534,32,6,ENSMUSP00000052010,NA,NA,ENSBTAP00000036408,NA,NA,ENSGALP00000055647,NA,NA,NULL,NA,NA
ENSRNOP00000037516,23,10,ENSP00000408860,16,5,ENSPTRP00000061176,16,5,ENSMMUP00000001021,16,5,ENSGGOP00000012660,18,5,ENSMUSP00000025223,21,8,ENSBTAP00000007353,NA,NA,ENSGALP00000044393,NA,NA,ENSXETP00000011306,27,7
ENSRNOP00000005630,33,5,ENSP00000276055,NA,NA,NULL,NA,NA,ENSMMUP00000025836,NA,NA,ENSGGOP00000022692,NA,NA,ENSMUSP00000043222,33,5,ENSBTAP00000010069,NA,NA,ENSGALP00000047306,NA,NA,ENSXETP00000008942,30,6
ENSRNOP00000075206,29,7,ENSP00000251582,29,8,ENSPTRP00000030092,27,7,ENSMMUP00000003347,NA,NA,ENSGGOP00000000805,28,8,ENSMUSP00000040171,28,6,ENSBTAP00000019526,28,7,ENSGALP00000049763,NA,NA,ENSXETP00000008331,NA,NA
ENSRNOP00000071864,26,5,ENSP00000302046,23,6,ENSPTRP00000010358,23,6,ENSMMUP00000002223,23,6,ENSGGOP00000027666,23,6,ENSMUSP00000093613,25,5,ENSBTAP00000011585,27,6,ENSGALP00000031533,NA,NA,NULL,NA,NA
ENSRNOP00000006143,21,5,ENSP00000337053,NA,NA,ENSPTRP00000011221,NA,NA,ENSMMUP00000013095,NA,NA,ENSGGOP00000011820,NA,NA,ENSMUSP00000021347,NA,NA,ENSBTAP00000010628,NA,NA,ENSGALP00000017201,NA,NA,NULL,NA,NA
ENSRNOP00000072344,27,5,ENSP00000309953,27,6,ENSPTRP00000006720,27,6,ENSMMUP00000037554,NA,NA,ENSGGOP00000010564,NA,NA,ENSMUSP00000064719,46,5,ENSBTAP00000028604,NA,NA,NULL,NA,NA,ENSXETP00000044506,NA,NA
ENSRNOP00000070827,19,5,ENSP00000353238,19,5,ENSPTRP00000053631,19,5,ENSMMUP00000021230,19,5,ENSGGOP00000004539,19,5,ENSMUSP00000049534,NA,NA,ENSBTAP00000037201,NA,NA,NULL,NA,NA,NULL,NA,NA
ENSRNOP00000043003,28,7,ENSP00000452245,28,7,ENSPTRP00000054975,28,7,ENSMMUP00000007263,28,7,NULL,NA,NA,ENSMUSP00000127274,29,5,ENSBTAP00000026127,28,6,ENSGALP00000031533,NA,NA,NULL,NA,NA
ENSRNOP00000001638,29,5,ENSP00000328325,32,5,ENSPTRP00000024079,32,5,ENSMMUP00000049279,NA,NA,ENSGGOP00000002046,NA,NA,ENSMUSP00000009435,29,5,ENSBTAP00000029020,NA,NA,ENSGALP00000009087,NA,NA,ENSXETP00000059345,NA,NA
ENSRNOP00000015058,26,7,ENSP00000295619,27,7,ENSPTRP00000026077,27,7,ENSMMUP00000024333,27,7,ENSGGOP00000021257,27,7,ENSMUSP00000032152,26,7,ENSBTAP00000025742,NA,NA,ENSGALP00000056267,NA,NA,NULL,NA,NA
ENSRNOP00000073466,21,7,ENSP00000406229,21,8,ENSPTRP00000028585,21,8,ENSMMUP00000034440,NA,NA,ENSGGOP00000018273,21,8,ENSMUSP00000140596,21,7,ENSBTAP00000027527,23,5,ENSGALP00000022061,NA,NA,ENSXETP00000037350,22,5
ENSRNOP00000040335,27,5,ENSP00000309953,27,6,ENSPTRP00000006720,27,6,ENSMMUP00000037554,NA,NA,ENSGGOP00000010564,NA,NA,ENSMUSP00000064719,46,5,ENSBTAP00000028604,NA,NA,NULL,NA,NA,ENSXETP00000044506,NA,NA
ENSRNOP00000001921,26,9,ENSP00000223127,NA,NA,ENSPTRP00000033426,NA,NA,ENSMMUP00000009121,22,7,ENSGGOP00000016295,NA,NA,ENSMUSP00000004968,26,9,ENSBTAP00000000447,37,8,NULL,NA,NA,ENSXETP00000042443,NA,NA
ENSRNOP00000028680,21,6,ENSP00000287667,NA,NA,ENSPTRP00000053303,NA,NA,ENSMMUP00000045561,NA,NA,ENSGGOP00000023275,NA,NA,ENSMUSP00000033121,23,6,ENSBTAP00000043570,NA,NA,ENSGALP00000053013,NA,NA,ENSXETP00000042614,NA,NA
ENSRNOP00000068283,31,5,ENSP00000317232,NA,NA,ENSPTRP00000015638,NA,NA,ENSMMUP00000017150,NA,NA,ENSGGOP00000009877,NA,NA,ENSMUSP00000001595,31,5,ENSBTAP00000015220,NA,NA,ENSGALP00000044318,NA,NA,ENSXETP00000004881,NA,NA
ENSRNOP00000006869,31,5,ENSP00000366170,NA,NA,ENSPTRP00000022844,NA,NA,ENSMMUP00000060837,NA,NA,ENSGGOP00000009295,NA,NA,ENSMUSP00000028935,31,5,NULL,NA,NA,NULL,NA,NA,NULL,NA,NA
ENSRNOP00000014598,24,5,ENSP00000490829,NA,NA,NULL,NA,NA,ENSMMUP00000017148,NA,NA,ENSGGOP00000020052,NA,NA,ENSMUSP00000128732,NA,NA,ENSBTAP00000054799,NA,NA,NULL,NA,NA,NULL,NA,NA
ENSRNOP00000069415,31,9,ENSP00000429969,31,7,ENSPTRP00000005841,26,5,ENSMMUP00000058707,NA,NA,ENSGGOP00000024009,NA,NA,ENSMUSP00000102340,27,8,ENSBTAP00000027416,30,13,ENSGALP00000047342,NA,NA,ENSXETP00000009635,NA,NA
ENSRNOP00000006942,20,7,ENSP00000374069,21,9,NULL,NA,NA,ENSMMUP00000030031,NA,NA,NULL,NA,NA,ENSMUSP00000064046,20,7,ENSBTAP00000050785,NA,NA,ENSGALP00000047152,NA,NA,NULL,NA,NA
ENSRNOP00000070958,34,6,ENSP00000355621,45,6,ENSPTRP00000003555,NA,NA,ENSMMUP00000007748,37,6,ENSGGOP00000000160,NA,NA,ENSMUSP00000038484,34,5,ENSBTAP00000013692,NA,NA,ENSGALP00000045594,NA,NA,ENSXETP00000048225,NA,NA
ENSRNOP00000043210,45,10,ENSP00000253796,42,5,ENSPTRP00000015694,42,5,ENSMMUP00000002868,NA,NA,ENSGGOP00000003378,NA,NA,ENSMUSP00000122072,44,9,ENSBTAP00000034674,43,5,ENSGALP00000040567,NA,NA,NULL,NA,NA
ENSRNOP00000070829,27,9,ENSP00000378877,26,5,ENSPTRP00000030753,26,5,ENSMMUP00000033990,26,5,ENSGGOP00000017110,26,5,ENSMUSP00000048573,27,9,ENSBTAP00000005821,5,97,NULL,NA,NA,ENSXETP00000011398,NA,NA
ENSRNOP00000040734,22,5,ENSP00000315098,NA,NA,ENSPTRP00000010357,NA,NA,ENSMMUP00000002222,NA,NA,ENSGGOP00000016339,NA,NA,ENSMUSP00000098210,29,6,NULL,NA,NA,NULL,NA,NA,NULL,NA,NA
ENSRNOP00000023060,31,8,ENSP00000367608,NA,NA,ENSPTRP00000035776,NA,NA,NULL,NA,NA,NULL,NA,NA,ENSMUSP00000030183,NA,NA,ENSBTAP00000015174,37,8,ENSGALP00000033774,NA,NA,NULL,NA,NA
ENSRNOP00000074411,20,5,ENSP00000339390,27,5,ENSPTRP00000023552,27,5,ENSMMUP00000010637,29,6,ENSGGOP00000012165,27,5,ENSMUSP00000048829,20,5,ENSBTAP00000027003,NA,NA,NULL,NA,NA,ENSXETP00000061020,NA,NA
ENSRNOP00000069181,19,5,ENSP00000366233,19,6,NULL,NA,NA,ENSMMUP00000059207,NA,NA,ENSGGOP00000024094,19,6,ENSMUSP00000025338,19,5,ENSBTAP00000022907,19,6,NULL,NA,NA,ENSXETP00000043889,NA,NA
ENSRNOP00000028651,46,5,ENSP00000265459,28,7,ENSPTRP00000006621,28,7,ENSMMUP00000029746,29,7,ENSGGOP00000002310,NA,NA,ENSMUSP00000109089,28,5,ENSBTAP00000000307,26,5,NULL,NA,NA,ENSXETP00000034004,NA,NA
ENSRNOP00000014077,16,5,ENSP00000002596,NA,NA,ENSPTRP00000027421,NA,NA,ENSMMUP00000035422,NA,NA,ENSGGOP00000015243,NA,NA,ENSMUSP00000113919,NA,NA,ENSBTAP00000009799,NA,NA,ENSGALP00000036486,NA,NA,ENSXETP00000036185,NA,NA
ENSRNOP00000011930,32,5,ENSP00000240617,32,8,ENSPTRP00000008062,33,8,ENSMMUP00000004886,NA,NA,ENSGGOP00000011233,32,7,ENSMUSP00000032336,31,5,ENSBTAP00000020677,35,6,ENSGALP00000046460,NA,NA,NULL,NA,NA
ENSRNOP00000072406,26,6,ENSP00000329507,28,5,ENSPTRP00000038838,NA,NA,ENSMMUP00000044386,NA,NA,ENSGGOP00000002962,NA,NA,ENSMUSP00000102192,27,7,ENSBTAP00000039810,NA,NA,NULL,NA,NA,ENSXETP00000011558,NA,NA
ENSRNOP00000042519,24,5,ENSP00000384683,NA,NA,ENSPTRP00000010349,NA,NA,ENSMMUP00000020810,26,7,ENSGGOP00000003150,26,5,ENSMUSP00000066637,26,7,ENSBTAP00000003912,NA,NA,NULL,NA,NA,NULL,NA,NA
ENSRNOP00000073613,25,7,ENSP00000243501,22,5,ENSPTRP00000028106,22,5,ENSMMUP00000010706,NA,NA,ENSGGOP00000001066,22,5,ENSMUSP00000029629,25,7,ENSBTAP00000020263,NA,NA,ENSGALP00000019868,NA,NA,ENSXETP00000052027,NA,NA
ENSRNOP00000019346,27,6,ENSP00000323929,NA,NA,ENSPTRP00000056596,NA,NA,ENSMMUP00000019581,NA,NA,ENSGGOP00000013403,NA,NA,ENSMUSP00000032203,30,9,ENSBTAP00000006167,23,7,ENSGALP00000050420,NA,NA,NULL,NA,NA
ENSRNOP00000064062,21,5,NULL,NA,NA,NULL,NA,NA,NULL,NA,NA,NULL,NA,NA,ENSMUSP00000017142,21,5,NULL,NA,NA,NULL,NA,NA,NULL,NA,NA
ENSRNOP00000012982,37,5,ENSP00000313324,37,5,ENSPTRP00000039754,37,5,ENSMMUP00000038653,NA,NA,ENSGGOP00000003016,NA,NA,ENSMUSP00000056782,37,5,ENSBTAP00000056270,NA,NA,NULL,NA,NA,NULL,NA,NA
ENSRNOP00000027578,19,5,ENSP00000301218,22,5,ENSPTRP00000018969,NA,NA,ENSMMUP00000022947,22,5,ENSGGOP00000013325,22,5,ENSMUSP00000003468,19,5,ENSBTAP00000015567,22,5,NULL,NA,NA,ENSXETP00000037122,NA,NA
ENSRNOP00000063277,33,5,ENSP00000382675,33,5,ENSPTRP00000035713,33,5,ENSMMUP00000056517,NA,NA,ENSGGOP00000024958,33,5,ENSMUSP00000137902,33,5,ENSBTAP00000011255,33,5,NULL,NA,NA,NULL,NA,NA
ENSRNOP00000006362,23,5,ENSP00000344907,NA,NA,ENSPTRP00000022839,NA,NA,ENSMMUP00000059115,NA,NA,ENSGGOP00000012848,NA,NA,ENSMUSP00000105581,23,5,ENSBTAP00000043743,NA,NA,NULL,NA,NA,ENSXETP00000056720,NA,NA
ENSRNOP00000026395,37,5,ENSP00000372313,NA,NA,ENSPTRP00000012920,NA,NA,ENSMMUP00000001129,NA,NA,ENSGGOP00000013628,NA,NA,ENSMUSP00000075279,37,5,ENSBTAP00000000202,38,6,ENSGALP00000008563,NA,NA,ENSXETP00000063454,NA,NA
ENSRNOP00000035497,29,8,ENSP00000228506,28,6,ENSPTRP00000009408,29,7,ENSMMUP00000000258,31,6,ENSGGOP00000007065,28,6,ENSMUSP00000107749,29,8,ENSBTAP00000026715,33,6,ENSGALP00000011488,32,5,ENSXETP00000026811,NA,NA
